Variant,drug,n_curve_values_observed,n_curve_values_missing,n_treatment_doses_observed,n_control_observed,median_treatment_minus_dmso_log2,mean_treatment_minus_dmso_log2,max_abs_treatment_minus_dmso_log2,regression_slope_log2_per_log10_nM,regression_r_squared,regression_p_value,wilcoxon_p_value,Unmod variant,Top canonical protein,dyn_present_fraction,regression_global_q_value,wilcoxon_global_q_value,regression_within_drug_q_value,wilcoxon_within_drug_q_value,regression_direction,wilcoxon_direction,regression_global_fdr_hit,regression_within_drug_fdr_hit,wilcoxon_screening_hit,combined_screening_hit
.DDFTEFGK.,AT-7519,9,0,8,1,-1.409240230118007,-1.3143152231947197,2.3640969240856364,-0.5602261286015224,0.9733502218280204,5.974746338697325e-06,0.0078125,.DDFTEFGK.,sp|O75822|EIF3J_HUMAN,0.744,0.11213039444389798,0.03868310569675138,0.005586897809844901,0.023046875,decreasing,decreasing,False,True,True,True
.QTLPVIYVK.,AT-7519,8,1,7,1,-1.6156132934473106,-1.8301592447061512,4.776126849938599,-1.8112328407569158,0.9867716818932531,6.86599173676453e-06,0.046875,.QTLPVIYVK.,sp|P49841|GSK3B_HUMAN,0.936,0.11213039444389798,0.10712409559729064,0.005586897809844901,0.08370113493064313,decreasing,decreasing,False,True,True,True
.LTIPILYVK.,AT-7519,8,1,7,1,-1.8291558097421827,-1.8474422544379532,5.987135648578306,-2.4372837837687156,0.9855801325216431,8.521808739848841e-06,0.15625,.LTIPILYVK.,sp|P49840|GSK3A_HUMAN,0.97,0.11775950240932742,0.25926808208613233,0.005586897809844901,0.22669057377049182,decreasing,decreasing,False,True,False,True
.LTGEVVALKK.,AT-7519,8,1,7,1,-0.8366986979413049,-1.0014476909019367,3.305735836914618,-1.526312171625942,0.9899144970118628,3.480915602456968e-06,0.21875,.LTGEVVALKK.,sp|P24941|CDK2_HUMAN,0.914,0.10373608691393957,0.3350457828217694,0.005586897809844901,0.3048720472440945,decreasing,decreasing,False,True,False,True
.YHGVSLLNPPETLNL.,AT-7519,8,1,7,1,0.15204451543120712,0.21333317775887042,1.9356452064860221,-1.1448188536967396,0.989950463891921,3.449919810426189e-06,0.8125,.YHGVSLLNPPETLNL.,sp|P20248|CCNA2_HUMAN,0.784,0.10373608691393957,0.8851202357016011,0.005586897809844901,0.8739080896315989,decreasing,increasing,False,True,False,True
.AFGVPVR.,AT-7519,8,1,7,1,-1.2707565503621936,-1.2126817975274058,3.3283567077265417,-1.3800862689510567,0.9824799386398338,1.3882089070292036e-05,0.109375,.AFGVPVR.,sp|P24941|CDK2_HUMAN,0.652,0.1189314504575626,0.19579115469486683,0.005871888051751734,0.16761363636363635,decreasing,decreasing,False,True,False,True
.VTTVVATPGQGPDRPQEVSYTDTK.,AT-7519,9,0,8,1,-0.7089238814536873,-1.3370130810493563,5.161485520298093,-1.6118521510067056,0.9643680531858545,1.4330416233683305e-05,0.1953125,.VTTVVATPGQGPDRPQEVSYTDTK.,sp|P49841|GSK3B_HUMAN,0.902,0.1189314504575626,0.3058342496782904,0.005871888051751734,0.2757352941176471,decreasing,decreasing,False,True,False,True
.LSPLEAC+57.021AHSFFDELR.,AT-7519,8,1,7,1,-1.4718073276529786,-1.3985967320025863,5.297216346986385,-2.2903980501174797,0.9838076352718862,1.1394169598260365e-05,0.296875,.LSPLEACAHSFFDELR.,sp|P49840|GSK3A_HUMAN,0.94,0.11775950240932742,0.425268553274022,0.005871888051751734,0.3960197833254828,decreasing,decreasing,False,True,False,True
.QIQQLESNNR.,AZD-5363,8,1,7,1,-0.3120860315870857,-0.30142759430175153,1.5631688558586845,-0.8295623809663557,0.9917374370774673,2.1132538708305136e-06,0.375,.QIQQLESNNR.,sp|O75116|ROCK2_HUMAN,0.926,0.10373608691393957,0.5008288112926537,0.007493598225965001,0.5095315510597302,decreasing,decreasing,False,True,False,True
.TSSFAEPGGGGGGGGGGPGGSASGPGGTGGGK.,AT-7519,8,1,7,1,-1.164587869219332,-0.9838531657558589,4.56374914715397,-2.170189996651442,0.97940322201936,2.082565591840717e-05,0.46875,.TSSFAEPGGGGGGGGGGPGGSASGPGGTGGGK.,sp|P49840|GSK3A_HUMAN,0.912,0.12215971790461407,0.5836483783307752,0.007585166677837633,0.5665813060179258,decreasing,decreasing,False,True,False,True
.KGYEDDDYVSKK.,AT-7519,9,0,8,1,-0.6951543157049613,-0.548270135678731,1.8129620318536332,-0.6532215461101722,0.9572001526492563,2.490423934465579e-05,0.1953125,.KGYEDDDYVSKK.,sp|P51946|CCNH_HUMAN,0.75,0.12215971790461407,0.3058342496782904,0.007642297071524681,0.2757352941176471,decreasing,decreasing,False,True,False,True
.NTFDHPYPTTK.,AT-7519,8,1,7,1,0.20022118328709126,0.28047245301571316,1.531445895726364,-0.8123651284826869,0.9776108146273895,2.567314891542086e-05,0.578125,.NTFDHPYPTTK.,sp|P61962|DCAF7_HUMAN,0.652,0.12215971790461407,0.6876835392578704,0.007642297071524681,0.671830118998769,decreasing,increasing,False,True,False,True
.ALNFGLGR.,AT-7519,8,1,7,1,-0.49106622384411835,-0.3732205033085115,2.5134763675791305,-1.250614927165158,0.9768305459166671,2.7976682385081202e-05,0.6875,.ALNFGLGR.,sp|P14635|CCNB1_HUMAN,0.538,0.12215971790461407,0.7829131572083889,0.007642297071524681,0.7735399284862932,decreasing,decreasing,False,True,False,True
.DIKPQNLLVDPDTAVLK.,AT-7519,8,1,7,1,-2.169399091184488,-2.2788627401766726,6.254096689347399,-2.3405549850205483,0.9752998084843275,3.284729671242694e-05,0.078125,.DIKPQNLLVDPDTAVLK.,sp|P49840|GSK3A_HUMAN,0.974,0.12215971790461407,0.152056647743661,0.00828257220179504,0.12585324232081913,decreasing,decreasing,False,True,False,True
.ASFSWK.,AT-7519,9,0,8,1,0.8269626715690723,0.7387606295586675,1.519031163831059,-0.37246315378993633,0.9465180079532105,4.879565682015036e-05,0.0078125,.ASFSWK.,sp|O15254|ACOX3_HUMAN,0.356,0.12215971790461407,0.03868310569675138,0.008617882924387619,0.023046875,decreasing,increasing,False,True,True,True
.IRLESEEEGVPSTAIR.,AT-7519,9,0,8,1,-0.7505672513672916,-0.8303059240478845,2.966966698945914,-0.9003852991456227,0.950478900529132,3.867724333243728e-05,0.109375,.IRLESEEEGVPSTAIR.,sp|P06493|CDK1_HUMAN,0.872,0.12215971790461407,0.19579115469486683,0.008617882924387619,0.16761363636363635,decreasing,decreasing,False,True,False,True
.NRETHEIVALKR.,AT-7519,9,0,8,1,0.5784226504515164,0.6576995845665534,2.1621300289025207,-0.7388572163840152,0.9454699727405861,5.174212371163175e-05,0.1484375,.NRETHEIVALKR.,sp|Q00535|CDK5_HUMAN,0.898,0.12215971790461407,0.2520403589687868,0.008617882924387619,0.21803682572614108,decreasing,increasing,False,True,False,True
.ELNHPNIVK.,AT-7519,8,1,7,1,-0.30021864354180394,-0.48028505828326523,2.943449025283126,-1.420938231334397,0.9719650225756382,4.513650194888547e-05,0.578125,.ELNHPNIVK.,sp|P24941|CDK2_HUMAN,0.484,0.12215971790461407,0.6876835392578704,0.008617882924387619,0.671830118998769,decreasing,decreasing,False,True,False,True
.SPEVLLGSAR.,AT-7519,9,0,8,1,-0.1293007111125526,-0.3581091672617758,3.0780841439476383,-1.018264618976656,0.9486069047366658,4.3263051548189635e-05,0.7421875,.SPEVLLGSAR.,sp|P06493|CDK1_HUMAN,0.836,0.12215971790461407,0.8194615531218623,0.008617882924387619,0.8084134615384615,decreasing,decreasing,False,True,False,True
.E-18.01THEIVALKR.,AT-7519,9,0,8,1,-0.16558268215203853,-0.03731306656152711,1.6685496647748437,-0.7488594033496124,0.9464343370646053,4.902664259415074e-05,0.9453125,.ETHEIVALKR.,sp|Q00535|CDK5_HUMAN,0.384,0.12215971790461407,0.9637759898015246,0.008617882924387619,0.9578264758497317,decreasing,decreasing,False,True,False,True
.QVSDDLTER.,AT-7519,8,1,8,0,,,,-0.4864303759779381,0.945179249048707,5.258012766557425e-05,,.QVSDDLTER.,sp|P35232|PHB_HUMAN,0.524,0.12215971790461407,,0.008617882924387619,,decreasing,flat,False,True,False,True
.ISTLPQLNSALVQDLAK.,AT-7519,8,1,7,1,0.4863920483148121,0.45356979459270413,2.2081997588831292,-1.18930796157339,0.9694750848704108,5.5886785104149315e-05,0.46875,.ISTLPQLNSALVQDLAK.,sp|P14635|CCNB1_HUMAN,0.886,0.12222056474491146,0.5836483783307752,0.008691226377388226,0.5665813060179258,decreasing,increasing,False,True,False,True
.IGEGTYGTVFK.,AT-7519,9,0,8,1,-0.00949201217406248,0.03937136621691417,1.379528849114127,-0.6148590463126499,0.9432637858779589,5.8330378371733067e-05,1.0,.IGEGTYGTVFK.,sp|Q00535|CDK5_HUMAN,0.892,0.12243228942106163,1.0,0.008691226377388226,1.0,decreasing,decreasing,False,True,False,True
.DIKPQNLLLDPDTAVLK.,AT-7519,8,1,7,1,-2.1379359024950517,-2.139354906190946,5.334724426807302,-1.9375099188418567,0.9673043653818814,6.641144648023973e-05,0.046875,.DIKPQNLLLDPDTAVLK.,sp|P49841|GSK3B_HUMAN,0.948,0.12243228942106163,0.10712409559729064,0.008831494985149978,0.08370113493064313,decreasing,decreasing,False,True,True,True
.VLVADKDLLDLHK.,AT-7519,9,0,8,1,-0.3647582150860167,-0.46311358849957296,1.6864413916572758,-0.5413328493438037,0.9404987396740293,6.73542936634379e-05,0.1484375,.VLVADKDLLDLHK.,sp|O43427|FIBP_HUMAN,0.816,0.12243228942106163,0.2520403589687868,0.008831494985149978,0.21803682572614108,decreasing,decreasing,False,True,False,True
.SDHWPLSDVR.,AT-7519,8,1,7,1,0.38422548540070167,0.5921688590136621,1.9360335728686309,-0.8148614148853283,0.9678612353215594,6.360668402096429e-05,0.15625,.SDHWPLSDVR.,sp|O43427|FIBP_HUMAN,0.37,0.12243228942106163,0.25926808208613233,0.008831494985149978,0.22669057377049182,decreasing,increasing,False,True,False,True
.GSQITQQSTNQSR.,Alvocidib,8,1,7,1,-3.1350829493269643,-3.0625933809647172,5.971623591160718,-1.9858247555627977,0.9904870750579761,3.007081803498717e-06,0.015625,.GSQITQQSTNQSR.,sp|P50750|CDK9_HUMAN,0.856,0.10373608691393957,0.04724512190154185,0.009288875691007536,0.08814474907063197,decreasing,decreasing,False,True,True,True
.LESEEEGVPSTAIR.,AT-7519,9,0,8,1,0.16226346399884584,-0.28037951520515003,2.6048419181666453,-1.04616497602851,0.9380088569233068,7.624347517343246e-05,0.9453125,.LESEEEGVPSTAIR.,sp|P06493|CDK1_HUMAN,0.822,0.12243228942106163,0.9637759898015246,0.009612542754558138,0.9578264758497317,decreasing,increasing,False,True,False,True
.DLKPQNLLINR.,AT-7519,9,0,8,1,0.521441039315091,0.48170405645796466,1.9411533992197825,-0.7028317315606053,0.9367778467472093,8.091574419738326e-05,0.1953125,.DLKPQNLLINR.,sp|Q00535|CDK5_HUMAN,0.962,0.12258326591414585,0.3058342496782904,0.00982377072144527,0.2757352941176471,decreasing,increasing,False,True,False,True
.YRPPPQTNLLAPK.,BMS-754807,9,0,8,1,-1.336700705728381,-1.4115244264062996,3.3418440889013006,-0.7992265850184749,0.9754203118459338,4.684069823110814e-06,0.0078125,.YRPPPQTNLLAPK.,sp|Q14289|FAK2_HUMAN,0.944,0.10373608691393957,0.03868310569675138,0.010684363266515767,0.017873317805383024,decreasing,decreasing,False,True,True,True
.NNASTDYDLSDK.,AT-7519,9,0,8,1,-1.5829557521683988,-1.6044223809469687,2.8780926168286847,-0.6032088308377638,0.9273980794234017,0.00012299517351606532,0.0078125,.NNASTDYDLSDK.,sp|P39023|RL3_HUMAN,0.79,0.12482543461510708,0.03868310569675138,0.011519376536733204,0.023046875,decreasing,decreasing,False,True,True,True
.DLKPQNLLIDDK.,AT-7519,8,1,7,1,2.8955146467042283,2.8834228759327303,4.589323172843947,-0.9730460527295379,0.9610945603445673,0.00010281022420188388,0.015625,.DLKPQNLLIDDK.,sp|P06493|CDK1_HUMAN,0.292,0.12482543461510708,0.04724512190154185,0.011519376536733204,0.03322072072072072,decreasing,increasing,False,True,True,True
.NQTYSFSPSK.,AT-7519,9,0,8,1,0.9494559669008797,1.0192139599777659,2.4418222090529014,-0.5621851732947237,0.9300459512004089,0.00010990666785669955,0.015625,.NQTYSFSPSK.,sp|Q86YS7|C2CD5_HUMAN,0.686,0.12482543461510708,0.04724512190154185,0.011519376536733204,0.03322072072072072,decreasing,increasing,False,True,True,True
.DVYEEDSYVKR.,AT-7519,9,0,8,1,0.6078842707740062,0.6179590537879189,1.565471346702985,-0.4734472907339107,0.9275323944191244,0.00012230725105992016,0.0390625,.DVYEEDSYVKR.,sp|P07949|RET_HUMAN,0.802,0.12482543461510708,0.09198604700041242,0.011519376536733204,0.07073209718670077,decreasing,increasing,False,True,True,True
.ALFPGDSEIDQLFR.,AT-7519,8,1,7,1,-0.7832233299710687,-1.4736307342201695,4.788816924851307,-1.5020749531092321,0.9593244833249048,0.00011498121362796864,0.109375,.ALFPGDSEIDQLFR.,sp|P24941|CDK2_HUMAN,0.958,0.12482543461510708,0.19579115469486683,0.011519376536733204,0.16761363636363635,decreasing,decreasing,False,True,False,True
.ALGTPNNEVWPEVESLQDYK.,AT-7519,9,0,8,1,1.253767985221998,0.9143162354620227,2.402232908981915,-0.9931718818424866,0.9278469588694029,0.00012070628950906992,0.109375,.ALGTPNNEVWPEVESLQDYK.,sp|P06493|CDK1_HUMAN,0.592,0.12482543461510708,0.19579115469486683,0.011519376536733204,0.16761363636363635,decreasing,increasing,False,True,False,True
.LLDVIHTENK.,AT-7519,8,1,7,1,-1.068950765865413,-0.9445104095722984,3.9637796547846307,-1.6675186312295935,0.9600863888434156,0.0001096414017181164,0.375,.LLDVIHTENK.,sp|P24941|CDK2_HUMAN,0.568,0.12482543461510708,0.5008288112926537,0.011519376536733204,0.4799136786188579,decreasing,decreasing,False,True,False,True
.LGEGTYATVFK.,AT-7519,9,0,8,1,6.346916177868422e-05,-0.2919185163400777,2.735341375315084,-1.0484171685300463,0.9321887550881407,0.00010002776240207266,0.84375,.LGEGTYATVFK.,sp|Q07002|CDK18_HUMAN,0.46,0.12482543461510708,0.8943235529312646,0.011519376536733204,0.8836908284023669,decreasing,increasing,False,True,False,True
.VLIDLIQR.,AT-7519,9,0,8,1,-0.23173087033724826,-0.24300122147964842,2.011549787934051,-0.7487598811949496,0.9236632521757064,0.00014318348030876657,0.4609375,.VLIDLIQR.,sp|Q9H2K8|TAOK3_HUMAN,0.98,0.12817090677532036,0.5832049128107661,0.01303765134589269,0.5626616379310345,decreasing,decreasing,False,True,False,True
.ILELSGSSSEDSEK.,AT-7519,9,0,8,1,-0.38400422468444795,-0.32312190240516925,1.0833878421462941,-0.45685169905830797,0.9220052102131986,0.00015281894070030415,0.1484375,.ILELSGSSSEDSEK.,sp|P78527|PRKDC_HUMAN,0.572,0.13188768805507703,0.2520403589687868,0.01353859742022946,0.21803682572614108,decreasing,decreasing,False,True,False,True
.KPLFHGDSEIDQLFR.,AT-7519,9,0,8,1,0.5741788699398729,0.2079373150206547,2.135303533240865,-0.8880821234990244,0.9213166816754652,0.0001569453026140084,0.640625,.KPLFHGDSEIDQLFR.,sp|P06493|CDK1_HUMAN,0.98,0.13188768805507703,0.7392294231725897,0.01353859742022946,0.7245407348242812,decreasing,increasing,False,True,False,True
.RPTVSSDLENIDTGVNSK.,AT-7519,8,1,7,1,-0.09187187125881735,-0.07743176068041434,1.7324721717078546,-1.0660817819708999,0.953027730682089,0.0001651622217264198,0.9375,.RPTVSSDLENIDTGVNSK.,sp|O95067|CCNB2_HUMAN,0.558,0.13490441741467898,0.9637759898015246,0.013882096482543696,0.9578264758497317,decreasing,decreasing,False,True,False,True
.AAESLADPTEYENLFPGLK.,AZD-1480,8,1,7,1,-0.852570673045296,-0.8650588212427083,1.4737275985250378,0.32874013768530697,0.9887640683990221,4.56196864653775e-06,0.015625,.AAESLADPTEYENLFPGLK.,sp|P35606|COPB2_HUMAN,0.532,0.10373608691393957,0.04724512190154185,0.014840084007187303,0.024949596774193547,increasing,decreasing,False,True,True,True
.TEALEQGGLPK.,AT-7519,9,0,8,1,0.04918917796293343,0.2048935119788724,1.6569619513235168,-0.642673838358125,0.9153082104243709,0.0001961886063343171,0.7421875,.TEALEQGGLPK.,sp|P50613|CDK7_HUMAN,0.862,0.1387920406528901,0.8194615531218623,0.015342004716829196,0.8084134615384615,decreasing,increasing,False,True,False,True
.DLKPQNLLIDDKGTIK.,AT-7519,8,1,7,1,-0.0005262724717844947,0.268745809536099,2.1397683203041424,-1.0146621698595144,0.9496651200101334,0.00019657236061831182,0.8125,.DLKPQNLLIDDKGTIK.,sp|P06493|CDK1_HUMAN,0.762,0.1387920406528901,0.8851202357016011,0.015342004716829196,0.8739080896315989,decreasing,decreasing,False,True,False,True
.ETHEIVALKR.,AT-7519,9,0,8,1,-0.21181468083318222,-0.09382027086219047,1.5969425134488446,-0.7251080355603592,0.9157564379236429,0.0001930552113918186,0.84375,.ETHEIVALKR.,sp|Q00535|CDK5_HUMAN,0.966,0.1387920406528901,0.8943235529312646,0.015342004716829196,0.8836908284023669,decreasing,decreasing,False,True,False,True
.NLDENGLDLLSK.,AT-7519,9,0,8,1,-0.08020829118003192,-0.34630729892020007,3.2887110043597723,-1.0444290694229146,0.9134309239922402,0.00020968495515690265,0.84375,.NLDENGLDLLSK.,sp|P06493|CDK1_HUMAN,0.938,0.14001106448248798,0.8943235529312646,0.015984820534984345,0.8836908284023669,decreasing,decreasing,False,True,False,True
.LQPQEISPPPTANLDR.,BMS-754807,9,0,8,1,-3.058603760073243,-2.958902889614466,5.326395439006166,-1.346503310943153,0.9515919387451455,3.6111774386875595e-05,0.0078125,.LQPQEISPPPTANLDR.,sp|Q05397|FAK1_HUMAN,0.99,0.12215971790461407,0.03868310569675138,0.016573268296507276,0.017873317805383024,decreasing,decreasing,False,True,True,True
.SKQPLPSAPENNPEEELASK.,BMS-754807,9,0,8,1,-1.437595460903859,-1.9792230959697656,4.802239199535716,-1.2263154004724313,0.9459635415129433,5.034004257935493e-05,0.0078125,.SKQPLPSAPENNPEEELASK.,sp|O14965|AURKA_HUMAN,0.916,0.12215971790461407,0.03868310569675138,0.016573268296507276,0.017873317805383024,decreasing,decreasing,False,True,True,True
.NLLDAVDQAK.,BMS-754807,8,1,7,1,-0.9988830472030799,-1.2920307951690775,3.7765407232739996,-0.9668573288233012,0.9744549666318534,3.573952539336715e-05,0.015625,.NLLDAVDQAK.,sp|Q14289|FAK2_HUMAN,0.81,0.12215971790461407,0.04724512190154185,0.016573268296507276,0.024147727272727272,decreasing,decreasing,False,True,True,True
.VC+57.021FYSNSFNPGK.,BMS-754807,8,1,7,1,-1.4731684965673395,-1.4332795980278152,2.6968134425771844,-0.8405757313796967,0.9705995025603379,5.0860534009448014e-05,0.015625,.VCFYSNSFNPGK.,sp|Q14289|FAK2_HUMAN,0.86,0.12215971790461407,0.04724512190154185,0.016573268296507276,0.024147727272727272,decreasing,decreasing,False,True,True,True
.RPGGPQYGIAR.,BMS-754807,9,0,8,1,-0.5476264828302693,-0.8985207069436019,3.1217270252813663,-0.8999902011490717,0.9491761160982065,4.1832091909009424e-05,0.109375,.RPGGPQYGIAR.,sp|Q14289|FAK2_HUMAN,0.952,0.12215971790461407,0.19579115469486683,0.016573268296507276,0.13852077363896848,decreasing,decreasing,False,True,False,True
.KSNYEVLEK.,BMS-754807,8,1,7,1,-2.3711831275538486,-2.3584858605064185,4.134081814474925,-1.4207988663006614,0.9679963416677344,6.293719075803342e-05,0.015625,.KSNYEVLEK.,sp|Q05397|FAK1_HUMAN,0.738,0.12243228942106163,0.04724512190154185,0.01691683082298395,0.024147727272727272,decreasing,decreasing,False,True,True,True
.HQALWDR.,AT-7519,8,1,7,1,0.3510438311811299,0.5614829271232321,1.6207539330928569,-0.6021280451311161,0.9458777938431797,0.00023599457952277642,0.046875,.HQALWDR.,sp|O43427|FIBP_HUMAN,0.496,0.1448668929799207,0.10712409559729064,0.017096977108667817,0.08370113493064313,decreasing,increasing,False,True,False,True
.DLLQNLLK.,AT-7519,9,0,8,1,-0.4555328481430365,-0.5840941732235825,2.700996263145793,-0.7891137581147029,0.9095032459705749,0.00023992097223877963,0.25,.DLLQNLLK.,sp|Q00535|CDK5_HUMAN,0.812,0.1448668929799207,0.366234778661509,0.017096977108667817,0.3376251788268956,decreasing,decreasing,False,True,False,True
.AGNILLSEPGLVK.,AT-7519,8,1,7,1,0.20237862806243712,0.1800732909322958,1.7635077488458748,-1.0429498195087181,0.9462270623289821,0.00023217532019352877,0.578125,.AGNILLSEPGLVK.,sp|Q9UL54|TAOK2_HUMAN,0.78,0.1448668929799207,0.6876835392578704,0.017096977108667817,0.671830118998769,decreasing,increasing,False,True,False,True
.LLNSDLGELINK.,BMS-754807,9,0,8,1,-3.1637699441806557,-2.9394568108753867,5.026580190705076,-1.3342683584294452,0.9291294084354415,0.00011432524814059848,0.0078125,.LLNSDLGELINK.,sp|Q05397|FAK1_HUMAN,0.934,0.12482543461510708,0.03868310569675138,0.017247036904698372,0.017873317805383024,decreasing,decreasing,False,True,True,True
.TTLLYFYQQLR.,BMS-754807,9,0,8,1,-1.0994271329861416,-1.3265019868399537,3.766844948472361,-0.9392678450399514,0.9317369115596313,0.00010205896948197256,0.0078125,.TTLLYFYQQLR.,sp|Q14289|FAK2_HUMAN,0.918,0.12482543461510708,0.03868310569675138,0.017247036904698372,0.017873317805383024,decreasing,decreasing,False,True,True,True
.SHYFEGVLK.,BMS-754807,9,0,8,1,-0.8849626167470586,-1.261765591251418,3.4452467511244045,-0.7902781784670272,0.9284046326140168,0.00011790281569132451,0.0078125,.SHYFEGVLK.,sp|P54619|AAKG1_HUMAN,0.888,0.12482543461510708,0.03868310569675138,0.017247036904698372,0.017873317805383024,decreasing,decreasing,False,True,True,True
.C+57.021TVQTEIR.,BMS-754807,8,1,7,1,-1.5298621973161524,-1.350872658040231,2.5025190664401435,-0.7935373641566409,0.9584938275477574,0.00012097877706057605,0.015625,.CTVQTEIR.,sp|Q14289|FAK2_HUMAN,0.694,0.12482543461510708,0.04724512190154185,0.017247036904698372,0.024147727272727272,decreasing,decreasing,False,True,True,True
.EVGLDLFFPK.,BMS-754807,9,0,8,1,-0.4431901173755186,-0.8220417982710932,2.7200566117283067,-0.7823097768242369,0.9352877473232665,8.682423722644418e-05,0.1484375,.EVGLDLFFPK.,sp|Q14289|FAK2_HUMAN,0.926,0.12258326591414585,0.2520403589687868,0.017247036904698372,0.18388277746636772,decreasing,decreasing,False,True,False,True
.ASDLTDAFVEVK.,AT-7519,8,1,8,0,,,,-0.5305358728365082,0.9083424011209534,0.00024939004727351794,,.ASDLTDAFVEVK.,sp|Q86YS7|C2CD5_HUMAN,0.84,0.14589411874952601,,0.01739362925452323,,decreasing,flat,False,True,False,True
.EIITSILLSGR.,BMS-754807,9,0,8,1,-0.5662575791031212,-0.9045781603899385,3.0986974450172085,-0.8929954386836484,0.925386582816598,0.00013361135833205723,0.25,.EIITSILLSGR.,sp|Q14289|FAK2_HUMAN,0.916,0.12482543461510708,0.366234778661509,0.017927500491495444,0.29155672823219,decreasing,decreasing,False,True,False,True
.RPSTIAEQTVAK.,AT-7519,9,0,8,1,1.0597654174208806,0.9764938771773268,1.4719249060953565,-0.3282997660812031,0.9063377958721472,0.00026633020657827657,0.0078125,.RPSTIAEQTVAK.,sp|Q9H0K1|SIK2_HUMAN,0.914,0.14649487506758474,0.03868310569675138,0.01818813369090814,0.023046875,decreasing,increasing,False,True,True,True
.LDTETEGVPSTAIR.,AT-7519,8,1,7,1,-0.13193639108276756,-0.1249995237165916,2.628551980174052,-1.328288639054068,0.9422497121134815,0.0002779317674481353,0.9375,.LDTETEGVPSTAIR.,sp|P24941|CDK2_HUMAN,0.9,0.1465532319061722,0.9637759898015246,0.01859306803459158,0.9578264758497317,decreasing,decreasing,False,True,False,True
.VYTHEVVTLWYR.,AT-7519,8,1,7,1,0.3045175771928932,0.5548659953963673,2.5457531829402704,-1.3467786910850645,0.9411608681897129,0.00029133705218605,0.46875,.VYTHEVVTLWYR.,sp|P06493|CDK1_HUMAN,0.734,0.14758102925669128,0.5836483783307752,0.01872554621697788,0.5665813060179258,decreasing,increasing,False,True,False,True
.LTGEVVALK.,AT-7519,8,1,7,1,-0.7144379847550795,-0.6884545301850652,3.25886852741127,-1.3986876574876117,0.9412534052904891,0.00029018285742870106,0.578125,.LTGEVVALK.,sp|P24941|CDK2_HUMAN,0.7,0.14758102925669128,0.6876835392578704,0.01872554621697788,0.671830118998769,decreasing,decreasing,False,True,False,True
.SNDKVYENVTGLVK.,BMS-754807,9,0,8,1,-2.852167141765557,-2.4486915692706335,4.275051694769903,-1.0662685029412542,0.9196721863954554,0.00016710323353949386,0.0078125,.SNDKVYENVTGLVK.,sp|Q05397|FAK1_HUMAN,0.946,0.13551973976716122,0.03868310569675138,0.019058123785179272,0.017873317805383024,decreasing,decreasing,False,True,True,True
.LGAQSIQPTANLDR.,BMS-754807,9,0,8,1,-0.5459149068589131,-0.9546944749658031,3.3582206469889364,-0.9349974769842063,0.9201539810762841,0.0001640826945219651,0.1953125,.LGAQSIQPTANLDR.,sp|Q14289|FAK2_HUMAN,0.944,0.13490441741467898,0.3058342496782904,0.019058123785179272,0.23458729619565216,decreasing,decreasing,False,True,False,True
.NTLQLHR.,BMS-754807,8,1,8,0,,,,0.3966968722640709,0.921975440907799,0.00015299581866509617,,.NTLQLHR.,sp|P61313|RL15_HUMAN,0.234,0.13188768805507703,,0.019058123785179272,,increasing,flat,False,True,False,True
.QYDQEIENLEK.,AT-7519,8,1,7,1,-0.44944188381563066,-0.38412240652060703,1.1867696806092596,-0.5536915669620774,0.9398378766812439,0.0003081439115606328,0.15625,.QYDQEIENLEK.,sp|Q9H2G2|SLK_HUMAN,0.752,0.14758102925669128,0.25926808208613233,0.01905841022822178,0.22669057377049182,decreasing,decreasing,False,True,False,True
.DQSDFVGQTVELGELR.,AT-7519,9,0,8,1,0.047498715571771655,0.13522797214343552,1.2820150554098149,-0.5097470375883933,0.902129699731279,0.0003043858548710671,0.84375,.DQSDFVGQTVELGELR.,sp|O14976|GAK_HUMAN,0.9,0.14758102925669128,0.8943235529312646,0.01905841022822178,0.8836908284023669,decreasing,increasing,False,True,False,True
.DKNTNQIVAIK.,AT-7519,8,1,8,0,,,,-0.6511932405614843,0.9004775847132094,0.00032027825685032813,,.DKNTNQIVAIK.,sp|P50613|CDK7_HUMAN,0.396,0.14758102925669128,,0.01944207640658103,,decreasing,flat,False,True,False,True
.IQAAASTPTNATAASDANTGDR.,AT-7519,8,1,7,1,-0.1253451156425882,-0.638422532518116,4.096778241576786,-1.8653497990245878,0.9377816369123044,0.0003354113583343583,0.578125,.IQAAASTPTNATAASDANTGDR.,sp|P49841|GSK3B_HUMAN,0.928,0.14783098365647868,0.6876835392578704,0.019990516956727756,0.671830118998769,decreasing,decreasing,False,True,False,True
.IPQERPTSAELLR.,AT-7519,9,0,8,1,-0.16431847640764197,-0.2657505095856667,1.6149264757155386,-0.7268121529872316,0.897484540647487,0.00035048126475884466,0.4609375,.IPQERPTSAELLR.,sp|Q9H2K8|TAOK3_HUMAN,0.722,0.1496796378801781,0.5832049128107661,0.020515671176419514,0.5626616379310345,decreasing,decreasing,False,True,False,True
.ESKEEETSIDVAGKPNEVTK.,AZD-1480,8,1,7,1,-0.4321410880883185,-0.4571870558300094,1.2349705105189024,0.39530933677735963,0.9800885070921178,1.9131629565831688e-05,0.046875,.ESKEEETSIDVAGKPNEVTK.,sp|P53985|MOT1_HUMAN,0.666,0.12215971790461407,0.10712409559729064,0.020745063659216825,0.06527194872958257,increasing,decreasing,False,True,False,True
.HTLDELNPQK.,BMS-754807,8,1,7,1,-0.5999780291983043,-0.8569981640130955,2.7712670123646035,-0.6953617061073214,0.9473272324640607,0.00022039089187884844,0.015625,.HTLDELNPQK.,sp|Q13131|AAPK1_HUMAN,0.67,0.14350611342366107,0.04724512190154185,0.02322614185891758,0.024147727272727272,decreasing,decreasing,False,True,True,True
.VVDIYSKFDVINLAAEK.,BMS-754807,9,0,8,1,-0.5945710349425308,-0.9857648359152931,2.6728473329666826,-0.7112603383587505,0.9106751556794123,0.00023061088088752123,0.015625,.VVDIYSKFDVINLAAEK.,sp|P54619|AAKG1_HUMAN,0.774,0.1448668929799207,0.04724512190154185,0.02322614185891758,0.024147727272727272,decreasing,decreasing,False,True,True,True
.GPPPSYGGSSR.,BMS-754807,9,0,8,1,0.12225477382635042,0.09401097863815533,0.711936463692119,0.261858592688749,0.9102201521598625,0.00023419608187422373,0.546875,.GPPPSYGGSSR.,sp|P38159|RBMX_HUMAN,0.26,0.1448668929799207,0.6608582996198585,0.02322614185891758,0.5838617149758454,increasing,increasing,False,True,False,True
.QLEEEQAVRPK.,AT-7519,8,1,7,1,-0.09683301355437024,-0.1435989850547291,1.792257441744173,-1.0299673701819054,0.932961233008409,0.0004049351256452484,0.9375,.QLEEEQAVRPK.,sp|P14635|CCNB1_HUMAN,0.88,0.15176561636063746,0.9637759898015246,0.02328732178710744,0.9578264758497317,decreasing,decreasing,False,True,False,True
.VLEDDPEATYTTSGGK.,AT-7519,9,0,8,1,-0.15137593399537508,-0.1925019737856415,0.8791161420840403,-0.3342582483936372,0.8912931658639964,0.000418959789508112,0.25,.VLEDDPEATYTTSGGK.,sp|P29317|EPHA2_HUMAN,0.874,0.1533954719100028,0.366234778661509,0.02367845155185502,0.3376251788268956,decreasing,decreasing,False,True,False,True
.AQLSTILEEEKAQQEER.,BMS-754807,9,0,8,1,-2.5909694935655256,-2.446655470987341,4.310673683471542,-1.1833325735366058,0.9073381846528936,0.0002577823435978624,0.0078125,.AQLSTILEEEKAQQEER.,sp|Q05397|FAK1_HUMAN,0.984,0.1463844893721693,0.03868310569675138,0.024500063572780173,0.017873317805383024,decreasing,decreasing,False,True,True,True
.GFLNQFTEDKPTLNFFYQQVK.,AZD-1480,9,0,8,1,1.0052973210109108,0.8779838932803075,1.4315940025676035,-0.3562160827749705,0.9542678863030287,3.0416282453284335e-05,0.0078125,.GFLNQFTEDKPTLNFFYQQVK.,sp|Q05397|FAK1_HUMAN,0.91,0.12215971790461407,0.03868310569675138,0.024736041705133487,0.01901392743854084,decreasing,increasing,False,True,True,True
.DLKPQNLLINTEGAIK.,AT-7519,8,1,7,1,-0.1056954325418289,-0.3948049160960621,2.8026405011328848,-1.3236431298842064,0.929824442294989,0.0004545172174111878,0.578125,.DLKPQNLLINTEGAIK.,sp|P24941|CDK2_HUMAN,0.984,0.15418377712557285,0.6876835392578704,0.02525266845209955,0.671830118998769,decreasing,decreasing,False,True,False,True
.NKELYEINPPEISEEIIGSPIPEPR.,AT-7519,8,1,7,1,0.8245611218613114,0.9569903391882255,1.9615952330661024,-0.5377082265425525,0.9292529944616486,0.00046392719411890085,0.015625,.NKELYEINPPEISEEIIGSPIPEPR.,sp|Q86YS7|C2CD5_HUMAN,0.592,0.15421888872338235,0.04724512190154185,0.02534588903869595,0.03322072072072072,decreasing,increasing,False,True,True,True
.GFPLLTVYLK.,BMS-754807,9,0,8,1,-0.32749631565001813,-0.5145301771866828,1.8727732105721486,-0.4961043721212987,0.903527121147856,0.00029136669381000607,0.0546875,.GFPLLTVYLK.,sp|P07949|RET_HUMAN,0.636,0.14758102925669128,0.11750218003270954,0.026149655963165878,0.07387492359413203,decreasing,decreasing,False,True,False,True
.GSIVGGHEPGEPR.,BMS-754807,8,1,8,0,,,,-0.4659542695878529,0.9028027753227692,0.0002980670999747097,,.GSIVGGHEPGEPR.,sp|P07949|RET_HUMAN,0.828,0.14758102925669128,,0.026149655963165878,,decreasing,flat,False,True,False,True
.AFGIPVR.,AT-7519,9,0,8,1,0.48500799558092744,0.5123548987625548,1.8917025581187694,-0.6563030080225833,0.8841956478879148,0.0005079851194433701,0.1953125,.AFGIPVR.,sp|Q00535|CDK5_HUMAN,0.688,0.15881431626442427,0.3058342496782904,0.027297954451399462,0.2757352941176471,decreasing,increasing,False,True,False,True
.EVEIQSHLR.,BMS-754807,8,1,7,1,-0.6421630218030288,-0.8104265765915584,2.033696727884763,-0.85181555594726,0.9385885033887488,0.000324544125531014,0.109375,.EVEIQSHLR.,sp|O14965|AURKA_HUMAN,0.808,0.14758102925669128,0.19579115469486683,0.02741796853097196,0.13852077363896848,decreasing,decreasing,False,True,False,True
.VSTAVLSITAK.,Amuvatinib,8,1,8,0,,,,-0.3183399188941322,0.9716036172941102,7.2330057180020115e-06,,.VSTAVLSITAK.,sp|Q99460|PSMD1_HUMAN,0.264,0.11213039444389798,,0.027810906985717733,,decreasing,flat,False,True,False,True
.YGINNIR.,BMS-754807,9,0,8,1,-0.22382224133976258,-0.2621519959751626,0.93469905170274,-0.3550584622837093,0.8981219832744707,0.0003438941165919725,0.25,.YGINNIR.,sp|Q9Y285|SYFA_HUMAN,0.562,0.1484597218907644,0.366234778661509,0.02801508856951033,0.29155672823219,decreasing,decreasing,False,True,False,True
.GEGAEPQYVDK.,AT-7519,9,0,8,1,-0.11471638914188276,-0.21175857441236978,1.498242482953863,-0.4973134712687944,0.8818740366281465,0.0005396735784364166,0.4609375,.GEGAEPQYVDK.,sp|Q9H479|FN3K_HUMAN,0.746,0.16071276049817007,0.5832049128107661,0.02853306435668667,0.5626616379310345,decreasing,decreasing,False,True,False,True
.YDGIILPGK.,AMG-900,8,1,7,1,-0.2999697183112211,-0.1028269035814421,0.7612598972881095,0.37795139149096063,0.9839828288536301,1.1087764498676393e-05,0.6875,.YDGIILPGK.,sp|P62913|RL11_HUMAN,0.874,0.11775950240932742,0.7829131572083889,0.029948051910924936,0.8162362637362638,increasing,decreasing,False,True,False,True
.DSYVGDEAQSK.,AT-7519,9,0,8,1,-3.374274131841563,-3.404668045417386,5.048002159970398,-0.7574575211496964,0.879298522639821,0.0005763660464598393,0.0078125,.DSYVGDEAQSK.,sp|P60709|ACTB_HUMAN,0.962,0.1617939663657033,0.03868310569675138,0.02998933175071989,0.023046875,decreasing,decreasing,False,True,True,True
.ALQSGPPQSR.,AZD-1480,9,0,8,1,-1.5473369406459785,-1.4782047605571318,1.9621313335947193,0.28019382993212755,0.9454288143473879,5.1860212789820617e-05,0.0078125,.ALQSGPPQSR.,sp|O00425|IF2B3_HUMAN,0.482,0.12215971790461407,0.03868310569675138,0.030920108282021103,0.01901392743854084,increasing,decreasing,False,True,True,True
.VFHYFESNSEPTTWASIIR.,AZD-1480,9,0,8,1,0.39750759541259306,0.352351562154706,0.8953038085338925,-0.34469271579850547,0.9427936992474373,5.980337223573844e-05,0.078125,.VFHYFESNSEPTTWASIIR.,sp|Q05397|FAK1_HUMAN,0.818,0.12243228942106163,0.152056647743661,0.030920108282021103,0.10237644107600341,decreasing,increasing,False,True,False,True
.QFANLNR.,AZD-1480,9,0,8,1,-0.010222175450147475,-0.11715308280363557,1.2874367876262731,-0.4667662086341847,0.9407388910384531,6.653573869478873e-05,0.7421875,.QFANLNR.,sp|Q05397|FAK1_HUMAN,0.78,0.12243228942106163,0.8194615531218623,0.030920108282021103,0.7729126017984391,decreasing,decreasing,False,True,False,True
.TTTPVYVALGIFVQHR.,BMS-754807,9,0,8,1,-0.588753326575878,-1.012791300973673,2.98123021037685,-0.75887609677317,0.8928274412828902,0.0004012159288522036,0.0078125,.TTTPVYVALGIFVQHR.,sp|P54619|AAKG1_HUMAN,0.926,0.1517046355761993,0.03868310569675138,0.03155770805903022,0.017873317805383024,decreasing,decreasing,False,True,True,True
.ITATQALK.,AT-7519,9,0,8,1,0.9263856292351544,0.894099209621904,2.150412212147028,-0.5336071202670954,0.8763701763678153,0.0006200990679523926,0.015625,.ITATQALK.,sp|P50613|CDK7_HUMAN,0.846,0.16197374850202487,0.04724512190154185,0.03156185400227583,0.03322072072072072,decreasing,increasing,False,True,True,True
.EIPFNEDPNPNTHSSGPSTPLK.,AT-7519,9,0,8,1,0.8354585217960544,0.6082214387040019,1.9274782187062804,-0.5370090555862199,0.8759959451907054,0.000625845183083566,0.0546875,.EIPFNEDPNPNTHSSGPSTPLK.,sp|Q86YS7|C2CD5_HUMAN,0.698,0.16197374850202487,0.11750218003270954,0.03156185400227583,0.09397754854368932,decreasing,increasing,False,True,True,True
.AGPLAGGVTTFVALYDYESR.,AT-7519,8,1,7,1,2.1166908062018877,2.0621833375338845,3.6543228820110514,-0.6262221796782602,0.9198728788940884,0.0006355920542192959,0.015625,.AGPLAGGVTTFVALYDYESR.,sp|P12931|SRC_HUMAN,0.83,0.16336947269326232,0.04724512190154185,0.03156773869289169,0.03322072072072072,decreasing,increasing,False,True,True,True
.DVYEEDSYVKR.,BMS-754807,9,0,8,1,-0.1716158533849157,-0.4053130881620537,1.728839125264269,-0.5288361617057085,0.8909178269580196,0.0004233799974729471,0.3125,.DVYEEDSYVKR.,sp|P07949|RET_HUMAN,0.802,0.1533954719100028,0.4300322117167223,0.03219099247452641,0.35471237801746275,decreasing,decreasing,False,True,False,True
.QLYQTLTDYDIR.,BI-2536,8,1,7,1,-0.1397115809753693,-0.17358247863364948,1.3195873620791083,-0.6003923323997911,0.9825816642751912,1.368095477350253e-05,0.578125,.QLYQTLTDYDIR.,sp|P68400|CSK21_HUMAN,0.66,0.1189314504575626,0.6876835392578704,0.03258803427048303,0.8247547183942481,decreasing,decreasing,False,True,False,True
.DNSLVLTPSHIK.,AT-7519,9,0,8,1,0.17492296067460877,0.13144386501537753,1.6071446219759906,-0.5450308528870114,0.8733025213809725,0.0006682711972969047,0.84375,.DNSLVLTPSHIK.,sp|P50613|CDK7_HUMAN,0.768,0.1660311794340317,0.8943235529312646,0.03269541768267543,0.8836908284023669,decreasing,increasing,False,True,False,True
.LIMEFLPSGSLK.,AT-7519,8,1,7,1,0.7673877891081098,0.6335772567826398,1.981648123585213,-0.6946010202451244,0.9171438782762338,0.0006918220966377715,0.21875,.LIMEFLPSGSLK.,sp|P23458|JAK1_HUMAN,0.32,0.16664775502172702,0.3350457828217694,0.033349894599685515,0.3048720472440945,decreasing,increasing,False,True,False,True
.SFLFQLLK.,AT-7519,8,1,7,1,2.477792131698294,2.087450528738017,3.1886299233840525,-0.6709124806372867,0.9161091018148423,0.0007139079312053355,0.015625,.SFLFQLLK.,sp|Q00535|CDK5_HUMAN,0.91,0.1669414028466327,0.04724512190154185,0.033431288549872706,0.03322072072072072,decreasing,increasing,False,True,True,True
.NLINQMLTINPAK.,AT-7519,9,0,8,1,1.214470730229742,0.6911764949468209,2.162908704394013,-0.9913176980344498,0.8705918036253871,0.0007128992189959725,0.1484375,.NLINQMLTINPAK.,sp|Q13555|KCC2G_HUMAN,0.842,0.1669414028466327,0.2520403589687868,0.033431288549872706,0.21803682572614108,decreasing,increasing,False,True,False,True
.NSNLVGAAHEELQQSR.,AZD-1480,9,0,8,1,-0.6987805168446695,-0.6933718713568897,1.0801904345352398,0.25514525934733845,0.930700490091485,0.00010682252710112334,0.0078125,.NSNLVGAAHEELQQSR.,sp|P02545|LMNA_HUMAN,0.606,0.12482543461510708,0.03868310569675138,0.03345719457163026,0.01901392743854084,increasing,decreasing,False,True,True,True
.QPDSGISSIR.,AZD-1480,9,0,8,1,-0.6129064675547529,-0.5515502645060577,0.9841613656048693,0.25278444686131224,0.9273153213842802,0.0001234203304210154,0.015625,.QPDSGISSIR.,sp|P04843|RPN1_HUMAN,0.576,0.12482543461510708,0.04724512190154185,0.03345719457163026,0.024949596774193547,increasing,decreasing,False,True,True,True
.GSIDREDGSLQGPIGNQHIYQPVGKPDPAAPPK.,AZD-1480,9,0,8,1,-0.2373899054069053,-0.3050228390561762,1.3369443234485558,-0.5259171071833737,0.9275846818931458,0.00012204015178679534,0.3828125,.GSIDREDGSLQGPIGNQHIYQPVGKPDPAAPPK.,sp|Q05397|FAK1_HUMAN,0.728,0.12482543461510708,0.5008288112926537,0.03345719457163026,0.4258251404494382,decreasing,decreasing,False,True,False,True
.LPLAFAYR.,AZD-1480,8,1,7,1,-0.06405557165565057,-0.08096974690591097,0.8238634637863598,0.35126175499827905,0.9599092190786573,0.00011086940460558601,0.9375,.LPLAFAYR.,sp|O14578|CTRO_HUMAN,0.756,0.12482543461510708,0.9637759898015246,0.03345719457163026,0.9502666434654439,increasing,decreasing,False,True,False,True
.TSC+57.021GSPNYAAPEVISGR.,AT-9283,9,0,8,1,-1.7464383070843752,-1.9111496283301235,4.411572066394914,-1.0531667300776444,0.9678118794204954,1.0549939745361974e-05,0.0078125,.TSCGSPNYAAPEVISGR.,sp|Q13131|AAPK1_HUMAN,0.768,0.11775950240932742,0.03868310569675138,0.03378090706464904,0.15997753267973855,decreasing,decreasing,False,True,False,True
.SVTEQGAELSNEER.,AT-7519,9,0,8,1,-0.10179924646438288,-0.10483271440281028,1.2322263478295348,-0.512778575279508,0.8685142066673706,0.0007484429766390491,0.7421875,.SVTEQGAELSNEER.,sp|P63104|1433Z_HUMAN,0.966,0.16735003911732865,0.8194615531218623,0.034554874329898635,0.8084134615384615,decreasing,decreasing,False,True,False,True
.EEAQQLWEAEK.,AT-7519,9,0,8,1,-1.174660891915611,-1.1724793300079868,2.4633378881887893,-0.5328649707868253,0.8675188443260459,0.0007658903473444624,0.0078125,.EEAQQLWEAEK.,sp|Q14289|FAK2_HUMAN,0.588,0.16735003911732865,0.03868310569675138,0.034837546066813045,0.023046875,decreasing,decreasing,False,True,True,True
.LSSLNLTNQALNK.,AT-7519,9,0,8,1,1.244090610762182,1.2847201810200235,2.7223792069226214,-0.6509338590025244,0.8669591779586301,0.0007758208855635608,0.015625,.LSSLNLTNQALNK.,sp|Q86YS7|C2CD5_HUMAN,0.94,0.16735003911732865,0.04724512190154185,0.034837546066813045,0.03322072072072072,decreasing,increasing,False,True,True,True
.DVYEEDSYVKR.,BMS-690514_inBT474,9,0,8,1,-2.2616635387487527,-2.4905453760439333,5.527737500444431,-1.440721373333346,0.9522145252358558,3.472784882063215e-05,0.0078125,.DVYEEDSYVKR.,sp|P07949|RET_HUMAN,0.802,0.12215971790461407,0.03868310569675138,0.035004304237306445,0.027907538659793816,decreasing,decreasing,False,True,True,True
.IADFGFGNFFK.,BMS-690514_inBT474,8,1,7,1,-1.3451374575883221,-1.4783357767291376,3.552278883186979,-1.2036715119948418,0.9755960174452092,3.186792014517291e-05,0.03125,.IADFGFGNFFK.,sp|Q9H0K1|SIK2_HUMAN,0.93,0.12215971790461407,0.08165283546888201,0.035004304237306445,0.0563085023400936,decreasing,decreasing,False,True,True,True
.NKPTVYGVSPNYDKWEMER.,BMS-690514_inBT474,8,1,7,1,-1.0728334146470218,-1.1958362472990858,2.612723765573705,-0.9148186145009866,0.9735206626246135,3.9110954455091e-05,0.03125,.NKPTVYGVSPNYDKWEMER.,sp|P00519|ABL1_HUMAN,0.282,0.12215971790461407,0.08165283546888201,0.035004304237306445,0.0563085023400936,decreasing,decreasing,False,True,True,True
.ELVEPLTPSGEAPNQALLR.,BMS-690514_inBT474,8,1,7,1,-1.854445329099832,-1.8748517604483506,3.8529188879409233,-1.2971131480227225,0.9757991495902367,3.12065949261425e-05,0.03125,.ELVEPLTPSGEAPNQALLR.,sp|P00533|EGFR_HUMAN,0.394,0.12215971790461407,0.08165283546888201,0.035004304237306445,0.0563085023400936,decreasing,decreasing,False,True,True,True
.RYEQEHAAIQDK.,AZD-1480,8,1,7,1,-0.8424674972839696,-0.6859868400941507,1.0905983870105658,0.2843670336531731,0.9556584573840112,0.00014285982628971147,0.015625,.RYEQEHAAIQDK.,sp|Q9BRQ6|MIC25_HUMAN,0.336,0.12817090677532036,0.04724512190154185,0.03574792422464857,0.024949596774193547,increasing,decreasing,False,True,True,True
.RGEESSEMEQISIIER.,AT-7519,9,0,8,1,-0.5031361454636816,-0.5282685245187451,1.7195319458407994,-0.6726827861639814,0.8635707868651291,0.000837818912909267,0.1953125,.RGEESSEMEQISIIER.,sp|Q06187|BTK_HUMAN,0.506,0.1712355400902366,0.3058342496782904,0.03711311346644023,0.2757352941176471,decreasing,decreasing,False,True,False,True
.GYRHPALEAR.,BMS-777607_withCAKI,9,0,8,1,-0.794009878164573,-0.7320481358198054,1.6780158780266774,-0.41642123146121074,0.9450590255498429,5.292931574087906e-05,0.0078125,.GYRHPALEAR.,sp|Q96S44|PRPK_HUMAN,0.546,0.12215971790461407,0.03868310569675138,0.03724900595264364,0.030091783216783217,decreasing,decreasing,False,True,True,True
.SRPLANGHPILNNNHR.,BMS-777607_withCAKI,9,0,8,1,-0.5391622616936527,-0.4536395114679319,1.250827658464825,-0.3479889393119523,0.9536308231196601,3.171307298651125e-05,0.0390625,.SRPLANGHPILNNNHR.,sp|Q96G23|CERS2_HUMAN,0.512,0.12215971790461407,0.09198604700041242,0.03724900595264364,0.07333205521472393,decreasing,decreasing,False,True,True,True
.VGPVSLPR.,BMS-777607_withCAKI,9,0,8,1,-0.1963250468757547,-0.26301334749036176,1.03273889653018,-0.3220897795662264,0.9472989507428193,4.667487935019657e-05,0.1953125,.VGPVSLPR.,sp|Q12802|AKP13_HUMAN,0.854,0.12215971790461407,0.3058342496782904,0.03724900595264364,0.2678738172310757,decreasing,decreasing,False,True,False,True
.DPQQPAQQQQPAQQPK.,AT-7519,8,1,7,1,-0.9180285765456588,-0.6817241143756634,3.2638492082510453,-1.4664237928365935,0.9096641382547932,0.0008611552298052643,0.46875,.DPQQPAQQQQPAQQPK.,sp|O75909|CCNK_HUMAN,0.96,0.17161720091201854,0.5836483783307752,0.03763822457735542,0.5665813060179258,decreasing,decreasing,False,True,False,True
.APIIAVTR.,AZD-1480,9,0,8,1,-2.1373829929731194,-2.059402178613251,2.845882202163267,0.5085869751192889,0.9193054379902657,0.00016942746605481317,0.0078125,.APIIAVTR.,sp|P14618|KPYM_HUMAN,0.754,0.13551973976716122,0.03868310569675138,0.039367681934021945,0.01901392743854084,increasing,decreasing,False,True,True,True
.VTSGGVSESPSGFSK.,AT-7519,8,1,8,0,,,,-0.4908029418984598,0.8595972501610418,0.0009147155000901366,,.VTSGGVSESPSGFSK.,sp|O14757|CHK1_HUMAN,0.628,0.1720455183390618,,0.03945312380651931,,decreasing,flat,False,True,False,True
.AATFGLILDDVSLTHLTFGK.,Baricitinib,9,0,8,1,0.8302735337239824,1.004057536340997,1.9179111012045666,0.45211043564086695,0.8212708707916856,0.0019184140717270798,0.0078125,.AATFGLILDDVSLTHLTFGK.,sp|P35232|PHB_HUMAN,0.862,0.1932812901984658,0.03868310569675138,0.04015682369033549,0.13564116379310345,increasing,increasing,False,True,False,True
.DQSDFVGQTVELGELR.,Baricitinib,9,0,8,1,-0.4270627698491687,-0.9428342752525989,3.1091786021272583,-0.7879784314437936,0.8622183350513762,0.0008634772019620867,0.015625,.DQSDFVGQTVELGELR.,sp|O14976|GAK_HUMAN,0.9,0.17161720091201854,0.04724512190154185,0.04015682369033549,0.13564116379310345,decreasing,decreasing,False,True,False,True
.VSC+57.021GDEFTIAATDDNHIFAWGNGGNGR.,Baricitinib,9,0,8,1,-0.7416468644905905,-1.0959384478874417,3.0622312362391284,-0.7299411069716377,0.8203428964807536,0.00194924812226169,0.0078125,.VSCGDEFTIAATDDNHIFAWGNGGNGR.,sp|Q8TD19|NEK9_HUMAN,0.85,0.1932812901984658,0.03868310569675138,0.04015682369033549,0.13564116379310345,decreasing,decreasing,False,True,False,True
.ILEPTAFQEPPPKPSRPK.,Baricitinib,9,0,8,1,-0.5772402794689082,-0.6586130345252919,1.3429097206115017,-0.35391626680784655,0.7851191913035999,0.00338837821870797,0.0078125,.ILEPTAFQEPPPKPSRPK.,sp|Q14289|FAK2_HUMAN,0.848,0.2050632837371054,0.03868310569675138,0.04015682369033549,0.13564116379310345,decreasing,decreasing,False,True,False,True
.GSLLDFLKDGEGR.,Baricitinib,9,0,8,1,-0.5989614635040024,-0.8243426254410977,1.8940174184664507,-0.5071588591902166,0.7959590276609165,0.002886771486321204,0.0078125,.GSLLDFLKDGEGR.,sp|P06241|FYN_HUMAN,0.794,0.20220538425134058,0.03868310569675138,0.04015682369033549,0.13564116379310345,decreasing,decreasing,False,True,False,True
.ARFEELNADLFR.,Baricitinib,9,0,8,1,-0.9499500152205496,-0.9827571205290013,2.82151109234956,-0.637902438011219,0.7900113875650607,0.00315513570301603,0.015625,.ARFEELNADLFR.,sp|P11142|HSP7C_HUMAN,0.974,0.20372708865576777,0.04724512190154185,0.04015682369033549,0.13564116379310345,decreasing,decreasing,False,True,False,True
.VVDIYSKFDVINLAAEK.,Baricitinib,9,0,8,1,-0.49356342177228285,-1.0651199936291786,3.029415660320339,-0.7499795923273948,0.8599542161602605,0.0009076188700099764,0.0078125,.VVDIYSKFDVINLAAEK.,sp|P54619|AAKG1_HUMAN,0.774,0.1719576682071269,0.03868310569675138,0.04015682369033549,0.13564116379310345,decreasing,decreasing,False,True,False,True
.HFNAPSHIR.,Baricitinib,9,0,8,1,-1.0429267028714726,-1.0099614205003231,1.9363821912225418,-0.5440813272695767,0.7917874012459292,0.003073275859033968,0.015625,.HFNAPSHIR.,sp|P61254|RL26_HUMAN,0.922,0.20372708865576777,0.04724512190154185,0.04015682369033549,0.13564116379310345,decreasing,decreasing,False,True,False,True
.LLQDFFNGKELNK.,Baricitinib,9,0,8,1,-0.8824239103277804,-1.2769061647109323,2.9036167767191046,-0.6932373898738038,0.8203399830758913,0.0019493454576177019,0.0078125,.LLQDFFNGKELNK.,sp|P11142|HSP7C_HUMAN,0.746,0.1932812901984658,0.03868310569675138,0.04015682369033549,0.13564116379310345,decreasing,decreasing,False,True,False,True
.LEQEVNEHKVTK.,Baricitinib,9,0,8,1,-1.035609427871023,-1.771904376546686,4.127373233111861,-1.2193626498592638,0.8657570086323777,0.0007974469221506389,0.015625,.LEQEVNEHKVTK.,sp|Q13464|ROCK1_HUMAN,0.824,0.16828661691568453,0.04724512190154185,0.04015682369033549,0.13564116379310345,decreasing,decreasing,False,True,False,True
.ANSLEPEPWFFK.,Baricitinib,9,0,8,1,-0.7897457533063914,-0.9543310445330704,1.926852316841174,-0.5096355563443776,0.818968354789074,0.0019955417573263223,0.0078125,.ANSLEPEPWFFK.,sp|P06239|LCK_HUMAN,0.826,0.1943612452019173,0.03868310569675138,0.04015682369033549,0.13564116379310345,decreasing,decreasing,False,True,False,True
.YLKDVTLQK.,Baricitinib,9,0,8,1,-1.1974514661053277,-1.4686841661080359,2.9742918847437174,-0.8114467597563789,0.8610584685648098,0.0008859031529698643,0.015625,.YLKDVTLQK.,sp|P18621|RL17_HUMAN,0.892,0.171950980201941,0.04724512190154185,0.04015682369033549,0.13564116379310345,decreasing,decreasing,False,True,False,True
.AGQTQPNPGILPIQPALTPR.,Baricitinib,8,1,7,1,-0.854672114143785,-2.1307820284300383,5.486839239927388,-1.5956528931144371,0.8769119434906305,0.001890316531667095,0.015625,.AGQTQPNPGILPIQPALTPR.,sp|Q2M2I8|AAK1_HUMAN,0.966,0.1932812901984658,0.04724512190154185,0.04015682369033549,0.13564116379310345,decreasing,decreasing,False,True,False,True
.EVYLSGSFNNWSK.,Baricitinib,9,0,8,1,-0.8447187527759681,-0.8331056113484951,1.6610467852817585,-0.422243396014408,0.8654158045919245,0.0008036587138303093,0.0078125,.EVYLSGSFNNWSK.,sp|Q9Y478|AAKB1_HUMAN,0.864,0.16828661691568453,0.03868310569675138,0.04015682369033549,0.13564116379310345,decreasing,decreasing,False,True,False,True
.NRQEITDKDHTVSR.,Baricitinib,9,0,8,1,-1.0294854138471212,-1.635648813293117,4.471795358373473,-1.191557237642943,0.9042462126086306,0.0002848162919463808,0.015625,.NRQEITDKDHTVSR.,sp|Q13464|ROCK1_HUMAN,0.86,0.14758102925669128,0.04724512190154185,0.04015682369033549,0.13564116379310345,decreasing,decreasing,False,True,False,True
.ILSDVTHSAVFGVPASK.,Baricitinib,8,1,7,1,-0.8451190715219248,-1.491910949708767,3.5787403726108664,-0.9905495728401083,0.9355530467030829,0.00036656559521386296,0.015625,.ILSDVTHSAVFGVPASK.,sp|Q2M2I8|AAK1_HUMAN,0.84,0.1502878817650189,0.04724512190154185,0.04015682369033549,0.13564116379310345,decreasing,decreasing,False,True,False,True
.SKRDPSEEIEILLR.,Baricitinib,8,1,7,1,-1.787805048055258,-1.7650720806374807,3.5851412373891733,-0.9829305335119994,0.8658314962229897,0.002355272406760916,0.015625,.SKRDPSEEIEILLR.,sp|Q15418|KS6A1_HUMAN,0.512,0.19972710307959976,0.04724512190154185,0.04015682369033549,0.13564116379310345,decreasing,decreasing,False,True,False,True
.TFQPVLEPVAASSLAQR.,Baricitinib,9,0,8,1,-0.8608458598752833,-1.1172440157890002,2.684965880537174,-0.6655035895393514,0.9245589971978613,0.00013815246912670732,0.0078125,.TFQPVLEPVAASSLAQR.,sp|Q9UK32|KS6A6_HUMAN,0.922,0.1259836745813937,0.03868310569675138,0.04015682369033549,0.13564116379310345,decreasing,decreasing,False,True,False,True
.LHIIEVGTPPTGNQPFPK.,Baricitinib,9,0,8,1,-0.3151028035888359,-0.5592060649017556,1.339356777077679,-0.39223345433462714,0.7917961515775092,0.0030728762032975637,0.0078125,.LHIIEVGTPPTGNQPFPK.,sp|Q00610|CLH1_HUMAN,0.914,0.20372708865576777,0.03868310569675138,0.04015682369033549,0.13564116379310345,decreasing,decreasing,False,True,False,True
.ADPAQFELLK.,Baricitinib,9,0,8,1,-0.9455308167486169,-1.0097453167262151,2.2062742418564802,-0.61766298072297,0.8137535231957658,0.0021780308386857026,0.015625,.ADPAQFELLK.,sp|Q9UK32|KS6A6_HUMAN,0.62,0.19780398875107777,0.04724512190154185,0.04015682369033549,0.13564116379310345,decreasing,decreasing,False,True,False,True
.LLQPVVDTILVK.,Baricitinib,9,0,8,1,-0.6973631014201782,-0.9802269451041288,2.144739309022775,-0.6322239635658633,0.8099596371182678,0.0023177681539072433,0.015625,.LLQPVVDTILVK.,sp|Q13233|M3K1_HUMAN,0.92,0.19972710307959976,0.04724512190154185,0.04015682369033549,0.13564116379310345,decreasing,decreasing,False,True,False,True
.QESTVSFNPYEPELAPWAADKGPQR.,Baricitinib,9,0,8,1,-0.6196768662774979,-0.8916213508392357,1.9795930669028579,-0.5582680114345174,0.815797259560582,0.0021052059110308347,0.015625,.QESTVSFNPYEPELAPWAADKGPQR.,sp|P43405|KSYK_HUMAN,0.718,0.19577783537100552,0.04724512190154185,0.04015682369033549,0.13564116379310345,decreasing,decreasing,False,True,False,True
.WNTDNTLGTEITVEDQLAR.,Baricitinib,9,0,8,1,-0.9638866584925498,-0.9452648531481116,1.7065780908795212,-0.4678694807229611,0.787592974594701,0.0032690039644322627,0.015625,.WNTDNTLGTEITVEDQLAR.,sp|P21796|VDAC1_HUMAN,0.496,0.2041091790467042,0.04724512190154185,0.04015682369033549,0.13564116379310345,decreasing,decreasing,False,True,False,True
.TYSEQWQQLQQELTK.,Baricitinib,9,0,8,1,-0.8998564287382713,-0.9620465193760621,2.117197761634518,-0.5480160468766453,0.8032665116015592,0.00257909047831459,0.0078125,.TYSEQWQQLQQELTK.,sp|P07332|FES_HUMAN,0.636,0.19993549870553037,0.03868310569675138,0.04015682369033549,0.13564116379310345,decreasing,decreasing,False,True,False,True
.IPASQTSVPFDHLGK.,Baricitinib,9,0,8,1,-0.3635821699096038,-0.5783112825527099,1.3751075699640225,-0.3962304614389605,0.790691798984625,0.0031235989970776795,0.015625,.IPASQTSVPFDHLGK.,sp|P49674|KC1E_HUMAN,0.538,0.20372708865576777,0.04724512190154185,0.04015682369033549,0.13564116379310345,decreasing,decreasing,False,True,False,True
.KGYEDDDYVSKK.,Baricitinib,9,0,8,1,-0.7585345497986946,-1.0187110480321953,2.5806525309358577,-0.6949953117133673,0.8320581881941116,0.0015840906451824914,0.015625,.KGYEDDDYVSKK.,sp|P51946|CCNH_HUMAN,0.75,0.18939788932675017,0.04724512190154185,0.04015682369033549,0.13564116379310345,decreasing,decreasing,False,True,False,True
.RLSQEQVDNFTLDINTAYAR.,Baricitinib,8,1,7,1,-0.6543264131013338,-1.057713896300734,2.3052015467367823,-0.5190656978824852,0.8437248370156394,0.0034796014638514955,0.015625,.RLSQEQVDNFTLDINTAYAR.,sp|Q16891|MIC60_HUMAN,0.472,0.2050632837371054,0.04724512190154185,0.04015682369033549,0.13564116379310345,decreasing,decreasing,False,True,False,True
.RKESSTPEEFSR.,Baricitinib,8,1,7,1,-1.0135246337579424,-1.2745170324228,2.8103416865252413,-0.9025279007966797,0.8752652962978147,0.0019554516658165147,0.015625,.RKESSTPEEFSR.,sp|O14578|CTRO_HUMAN,0.698,0.1932812901984658,0.04724512190154185,0.04015682369033549,0.13564116379310345,decreasing,decreasing,False,True,False,True
.NGRVEIIANDQGNR.,Baricitinib,8,1,7,1,-1.5538188200762164,-1.8149696828166744,3.604707322463703,-0.9102599215464063,0.922933954919709,0.0005759437896274772,0.015625,.NGRVEIIANDQGNR.,sp|P11021|BIP_HUMAN,0.478,0.1617939663657033,0.04724512190154185,0.04015682369033549,0.13564116379310345,decreasing,decreasing,False,True,False,True
.TLTVLHPLK.,Baricitinib,9,0,8,1,-0.4790183100650811,-0.7524479156152912,1.7151576330636438,-0.5015876619840806,0.8348527007282177,0.001504491317039477,0.015625,.TLTVLHPLK.,sp|Q969M3|YIPF5_HUMAN,0.282,0.18868057356080353,0.04724512190154185,0.04015682369033549,0.13564116379310345,decreasing,decreasing,False,True,False,True
.DILADVNHPFVVK.,Baricitinib,9,0,8,1,-0.8560228525630702,-1.2295793958255872,2.9156502431217213,-0.857380825403911,0.8004493320637678,0.0026948881449627604,0.0234375,.DILADVNHPFVVK.,sp|Q15418|KS6A1_HUMAN,0.95,0.20150566005265946,0.06503412319395899,0.04015682369033549,0.1587549047085202,decreasing,decreasing,False,True,False,True
.ALDFFVPALHYEVDAQRK.,Baricitinib,9,0,8,1,-0.6616015590560504,-0.9215226053164787,2.60705025269111,-0.6455902318163148,0.8482463775689458,0.0011605939304531532,0.0234375,.ALDFFVPALHYEVDAQRK.,sp|Q6PHR2|ULK3_HUMAN,0.914,0.18022361374871623,0.06503412319395899,0.04015682369033549,0.1587549047085202,decreasing,decreasing,False,True,False,True
.EASFVLHTIGK.,Baricitinib,9,0,8,1,-0.5448888978987174,-1.0225962375513737,2.4966890344123094,-0.7872444240788377,0.8427745267000777,0.0012937615098473668,0.0234375,.EASFVLHTIGK.,sp|Q15418|KS6A1_HUMAN,0.936,0.18255401775131008,0.06503412319395899,0.04015682369033549,0.1587549047085202,decreasing,decreasing,False,True,False,True
.DIKSDSILLTHDGR.,Baricitinib,9,0,8,1,-0.5498449405245918,-1.1602051446046269,3.3154697471036876,-0.92658117375394,0.8673222772430457,0.0007693682679291652,0.0234375,.DIKSDSILLTHDGR.,sp|O96013|PAK4_HUMAN,0.82,0.16735003911732865,0.06503412319395899,0.04015682369033549,0.1587549047085202,decreasing,decreasing,False,True,False,True
.AGIFQSVK.,Baricitinib,9,0,8,1,-0.5090560612291011,-0.5029348477300735,1.0836401682917902,-0.34227052063795427,0.905239687143227,0.00027593115683649674,0.0234375,.AGIFQSVK.,sp|P09669|COX6C_HUMAN,0.3,0.14649487506758474,0.06503412319395899,0.04015682369033549,0.1587549047085202,decreasing,decreasing,False,True,False,True
.FTDEYQLFEELGK.,Baricitinib,9,0,8,1,-0.8911771731808429,-1.742357213369381,5.8206477097020795,-1.483734816350711,0.8403901107300065,0.0013549151274058434,0.0390625,.FTDEYQLFEELGK.,sp|Q13557|KCC2D_HUMAN,0.972,0.1832871488143266,0.09198604700041242,0.04015682369033549,0.17586857302533532,decreasing,decreasing,False,True,False,True
.SIAEEQYSDLEKEK.,Baricitinib,9,0,8,1,-1.5066262801319645,-1.7878255479954692,4.780633973789627,-1.2728037511945807,0.8176459852223342,0.0020407839766600246,0.0390625,.SIAEEQYSDLEKEK.,sp|O75116|ROCK2_HUMAN,0.958,0.19529098898669459,0.09198604700041242,0.04015682369033549,0.17586857302533532,decreasing,decreasing,False,True,False,True
.FQNPQTEGVNAVEDEIKK.,Baricitinib,8,1,7,1,-0.8725367844443035,-2.1057093234184423,5.378681421949171,-1.9343640680074081,0.8834928908446639,0.0016434052456773748,0.03125,.FQNPQTEGVNAVEDEIKK.,sp|Q2M2I8|AAK1_HUMAN,0.89,0.18945087955328693,0.08165283546888201,0.04015682369033549,0.17586857302533532,decreasing,decreasing,False,True,False,True
.GGPNIITLADIVKDPVSR.,Baricitinib,9,0,8,1,-0.5566253123490412,-0.8671101155832277,2.869979014212955,-0.6746516128552137,0.8030786090026808,0.002586705496770614,0.0390625,.GGPNIITLADIVKDPVSR.,sp|P68400|CSK21_HUMAN,0.948,0.19993549870553037,0.09198604700041242,0.04015682369033549,0.17586857302533532,decreasing,decreasing,False,True,False,True
.VPFLVAETPR.,Baricitinib,9,0,8,1,-0.605961261124607,-0.785065987020944,2.0153372095538025,-0.5755295523084489,0.8275051441333795,0.0017198705485546432,0.0390625,.VPFLVAETPR.,sp|Q13131|AAPK1_HUMAN,0.97,0.18989622783734872,0.09198604700041242,0.04015682369033549,0.17586857302533532,decreasing,decreasing,False,True,False,True
.IYIDPFTYEDPNEAVREFAK.,Baricitinib,9,0,8,1,-0.6062741736232411,-0.9613729434308143,2.480834131076108,-0.693243385395059,0.8068508597279903,0.002436762285032847,0.0390625,.IYIDPFTYEDPNEAVREFAK.,sp|P29323|EPHB2_HUMAN,0.718,0.19972710307959976,0.09198604700041242,0.04015682369033549,0.17586857302533532,decreasing,decreasing,False,True,False,True
.KLETAVNLAWTAGNSNTR.,Baricitinib,9,0,8,1,-0.9302721249380141,-0.9863934967129886,2.1961642036427342,-0.5963815764042573,0.782680363613456,0.0035089757903521064,0.0390625,.KLETAVNLAWTAGNSNTR.,sp|P21796|VDAC1_HUMAN,0.748,0.20531453475947484,0.09198604700041242,0.04015682369033549,0.17586857302533532,decreasing,decreasing,False,True,False,True
.GDLDISYITSR.,Baricitinib,9,0,8,1,-0.8931319064559595,-1.305033536119081,3.838820793198309,-0.9907496273755431,0.845801859205525,0.0012188677715120391,0.0390625,.GDLDISYITSR.,sp|O14976|GAK_HUMAN,0.732,0.1811148967837851,0.09198604700041242,0.04015682369033549,0.17586857302533532,decreasing,decreasing,False,True,False,True
.DQQNLPYGVTPASPSGHSQGR.,Baricitinib,8,1,7,1,-0.8243363390838532,-1.9162570549129205,5.019818411883339,-1.4221494575559224,0.8716636396269843,0.0021026936646358187,0.03125,.DQQNLPYGVTPASPSGHSQGR.,sp|Q7KZI7|MARK2_HUMAN,0.982,0.19572974314294042,0.08165283546888201,0.04015682369033549,0.17586857302533532,decreasing,decreasing,False,True,False,True
.YNSDLVQK.,Baricitinib,9,0,8,1,-0.762775403169023,-0.769223218828964,1.675651619650253,-0.4777509677211292,0.7953395576753682,0.0029139598719764596,0.0390625,.YNSDLVQK.,sp|Q06187|BTK_HUMAN,0.826,0.20220538425134058,0.09198604700041242,0.04015682369033549,0.17586857302533532,decreasing,decreasing,False,True,False,True
.GPAVGIDLGTTYSC+57.021VGVFQHGK.,Baricitinib,9,0,8,1,-0.513502383425724,-0.7262860792220045,2.0014719359748376,-0.5821311938291408,0.9037016207302304,0.00028976787662472183,0.0390625,.GPAVGIDLGTTYSCVGVFQHGK.,sp|P11142|HSP7C_HUMAN,0.652,0.14758102925669128,0.09198604700041242,0.04015682369033549,0.17586857302533532,decreasing,decreasing,False,True,False,True
.TNNVSEHEDTDKYR.,Baricitinib,9,0,8,1,-0.6565488225288298,-0.7976320522349853,1.9700349996102986,-0.5301963746605162,0.8018288372739599,0.002637747946580505,0.0390625,.TNNVSEHEDTDKYR.,sp|P53618|COPB_HUMAN,0.842,0.20073005275226952,0.09198604700041242,0.04015682369033549,0.17586857302533532,decreasing,decreasing,False,True,False,True
.KLQESTQTVQSLHGSSR.,Baricitinib,9,0,8,1,-0.9275873479267425,-0.9689562331550823,2.1531833989091034,-0.6138955528918977,0.7932604926158715,0.003006497911154304,0.0390625,.KLQESTQTVQSLHGSSR.,sp|Q9Y5S2|MRCKB_HUMAN,0.948,0.2032184350795801,0.09198604700041242,0.04015682369033549,0.17586857302533532,decreasing,decreasing,False,True,False,True
.SLQTTSPPVVAPGNENGLAVPVPLRK.,Baricitinib,9,0,8,1,-0.7324905426841326,-0.8218871587227152,1.798033096350217,-0.5461625033404139,0.8182753119715944,0.0020191661336576255,0.0390625,.SLQTTSPPVVAPGNENGLAVPVPLRK.,sp|O94804|STK10_HUMAN,0.844,0.19473125618421852,0.09198604700041242,0.04015682369033549,0.17586857302533532,decreasing,decreasing,False,True,False,True
.YTTLSYR.,Baricitinib,9,0,8,1,-1.4828385113417415,-2.2665655788598933,5.397181478950273,-1.6690371686558763,0.8968209599745546,0.0003574286096618295,0.0390625,.YTTLSYR.,sp|Q9NSY1|BMP2K_HUMAN,0.77,0.14996037758307149,0.09198604700041242,0.04015682369033549,0.17586857302533532,decreasing,decreasing,False,True,False,True
.TLTEDEIATILQSTLK.,Baricitinib,9,0,8,1,-0.4127199618368369,-0.47052340195760767,1.0282971588589618,-0.30889415492186956,0.8061429924227417,0.0024644315816990375,0.0390625,.TLTEDEIATILQSTLK.,sp|Q13043|STK4_HUMAN,0.616,0.19974106212138248,0.09198604700041242,0.04015682369033549,0.17586857302533532,decreasing,decreasing,False,True,False,True
.LFIQKEEQLQQILK.,Baricitinib,9,0,8,1,-0.8558770869005041,-1.0424609338752475,2.958492836469297,-0.7786718530552599,0.8222506319406766,0.0018862236379768964,0.0390625,.LFIQKEEQLQQILK.,sp|P51948|MAT1_HUMAN,0.796,0.1932812901984658,0.09198604700041242,0.04015682369033549,0.17586857302533532,decreasing,decreasing,False,True,False,True
.YNIEKDIAAHIK.,Baricitinib,9,0,8,1,-0.7553565453193372,-0.9701489797766913,2.266095769218051,-0.6676977094198244,0.8341438653860518,0.0015244168399847198,0.0390625,.YNIEKDIAAHIK.,sp|P63167|DYL1_HUMAN,0.686,0.18868057356080353,0.09198604700041242,0.04015682369033549,0.17586857302533532,decreasing,decreasing,False,True,False,True
.IGRIEDVTPIPSDSTR.,Baricitinib,9,0,8,1,-0.5383915617846178,-0.7146525512581094,1.7956863633674267,-0.49140705672623725,0.8089405475409771,0.0023563255221781283,0.0390625,.IGRIEDVTPIPSDSTR.,sp|P62263|RS14_HUMAN,0.552,0.19972710307959976,0.09198604700041242,0.04015682369033549,0.17586857302533532,decreasing,decreasing,False,True,False,True
.TQNILLDNEFHVK.,Baricitinib,9,0,8,1,-0.2534562741264441,-0.4998502260150355,1.3087090915080175,-0.4166054361679687,0.8215199900334156,0.0019101937724798255,0.0546875,.TQNILLDNEFHVK.,sp|O43353|RIPK2_HUMAN,0.982,0.1932812901984658,0.11750218003270954,0.04015682369033549,0.1903351814516129,decreasing,decreasing,False,True,False,True
.FSFSPEPTLEDIRR.,Baricitinib,9,0,8,1,-0.4425808233174191,-0.6842241053131604,1.5378101842943472,-0.5024379876085213,0.80173749951785,0.0026415052322539046,0.0546875,.FSFSPEPTLEDIRR.,sp|Q9H773|DCTP1_HUMAN,0.918,0.20073005275226952,0.11750218003270954,0.04015682369033549,0.1903351814516129,decreasing,decreasing,False,True,False,True
.HPGHYAVYNLSPR.,Baricitinib,9,0,8,1,-0.4592558319772486,-0.8017008673150241,2.7181435291047613,-0.6831310500361462,0.8205404307323337,0.0019426563676062866,0.0546875,.HPGHYAVYNLSPR.,sp|O14976|GAK_HUMAN,0.874,0.1932812901984658,0.11750218003270954,0.04015682369033549,0.1903351814516129,decreasing,decreasing,False,True,False,True
.ITC+57.021VETVVPEKNPPPER.,Baricitinib,9,0,8,1,-0.759022474901931,-1.0761799497057414,2.5540711053616754,-0.7946063718396531,0.7890863956785321,0.0031983595109349155,0.0546875,.ITCVETVVPEKNPPPER.,sp|Q06187|BTK_HUMAN,0.878,0.20372708865576777,0.11750218003270954,0.04015682369033549,0.1903351814516129,decreasing,decreasing,False,True,False,True
.LSPGGSLADAWAHQEGTHPK.,Baricitinib,9,0,8,1,-0.7106268414185095,-0.7272004140503543,1.7420726237071555,-0.5192323387876329,0.8374246766306802,0.0014336865242508456,0.0546875,.LSPGGSLADAWAHQEGTHPK.,sp|Q9UHD2|TBK1_HUMAN,0.892,0.18466289167759858,0.11750218003270954,0.04015682369033549,0.1903351814516129,decreasing,decreasing,False,True,False,True
.ITDTIGPTETSIAPR.,Baricitinib,9,0,8,1,-0.569602937142891,-1.5121550739660976,4.498547603421844,-1.3151995524912365,0.8772681073533808,0.0006064580154135787,0.0546875,.ITDTIGPTETSIAPR.,sp|Q9NSY1|BMP2K_HUMAN,0.982,0.16197374850202487,0.11750218003270954,0.04015682369033549,0.1903351814516129,decreasing,decreasing,False,True,False,True
.SSISFQNIIEGTR.,Baricitinib,9,0,8,1,-0.48702120097908264,-0.6367911551062249,1.5270194381817284,-0.4781532692125523,0.8176707581238051,0.002039930023861195,0.0546875,.SSISFQNIIEGTR.,sp|Q9Y616|IRAK3_HUMAN,0.754,0.19529098898669459,0.11750218003270954,0.04015682369033549,0.1903351814516129,decreasing,decreasing,False,True,False,True
.IDTIAPDEITVSSDFEAR.,Baricitinib,9,0,8,1,-0.5010698301969487,-0.7705360804255981,1.762643769275126,-0.5722659451104887,0.8002161468547919,0.0027046302041998727,0.0546875,.IDTIAPDEITVSSDFEAR.,sp|P29317|EPHA2_HUMAN,0.566,0.20155691008045595,0.11750218003270954,0.04015682369033549,0.1903351814516129,decreasing,decreasing,False,True,False,True
.QAPFLVTLHYAFQTDAK.,Baricitinib,9,0,8,1,-0.333976748796724,-0.7296962384705932,1.9203982828417132,-0.6156243308791195,0.8703368150026429,0.000717198498176755,0.0546875,.QAPFLVTLHYAFQTDAK.,sp|O75676|KS6A4_HUMAN,0.554,0.16700729466664815,0.11750218003270954,0.04015682369033549,0.1903351814516129,decreasing,decreasing,False,True,False,True
.LYKEELEQTYHAK.,Baricitinib,9,0,8,1,-0.6428138631453013,-1.0245648320719805,2.413678833978569,-0.7623123910460731,0.817204787012521,0.0020560337012935836,0.0546875,.LYKEELEQTYHAK.,sp|P20700|LMNB1_HUMAN,0.378,0.19572974314294042,0.11750218003270954,0.04015682369033549,0.1903351814516129,decreasing,decreasing,False,True,False,True
.LVQNGTEPSSLPFLDPNARPLVPEVSIK.,Baricitinib,9,0,8,1,-0.8576645580182678,-1.1450688361780625,2.6978379427391594,-0.8181567883946189,0.7956526793806711,0.0029001951121875006,0.0546875,.LVQNGTEPSSLPFLDPNARPLVPEVSIK.,sp|P27708|PYR1_HUMAN,0.48,0.20220538425134058,0.11750218003270954,0.04015682369033549,0.1903351814516129,decreasing,decreasing,False,True,False,True
.GLLTVDPAKR.,Baricitinib,9,0,8,1,-0.444725788069654,-0.6417492364072586,1.6603438498476102,-0.4620810727965872,0.7848845630968981,0.0033998540866537453,0.0546875,.GLLTVDPAKR.,sp|O75676|KS6A4_HUMAN,0.722,0.2050632837371054,0.11750218003270954,0.04015682369033549,0.1903351814516129,decreasing,decreasing,False,True,False,True
.KRLEEPEEPK.,Baricitinib,9,0,8,1,-0.4884672753728907,-0.8539327328731172,2.925156665907995,-0.7451780808506364,0.8783926113743163,0.000589663901342183,0.0546875,.KRLEEPEEPK.,sp|O75822|EIF3J_HUMAN,0.48,0.1617939663657033,0.11750218003270954,0.04015682369033549,0.1903351814516129,decreasing,decreasing,False,True,False,True
.FQSVIITSGTLSPLDIYPK.,Baricitinib,9,0,8,1,-0.6120451071899176,-0.795496472365278,2.164588614544787,-0.5963579665617137,0.8364128627208078,0.0014612630728920446,0.0546875,.FQSVIITSGTLSPLDIYPK.,sp|P18074|ERCC2_HUMAN,0.444,0.18629421804125174,0.11750218003270954,0.04015682369033549,0.1903351814516129,decreasing,decreasing,False,True,False,True
.LGPNDQYK.,Baricitinib,9,0,8,1,-0.6150448044491537,-0.6891654856552965,1.6947542993967808,-0.5289888256125772,0.7890876519648246,0.0031983005310328963,0.0546875,.LGPNDQYK.,sp|O00483|NDUA4_HUMAN,0.286,0.20372708865576777,0.11750218003270954,0.04015682369033549,0.1903351814516129,decreasing,decreasing,False,True,False,True
.ATFYLNVLQQR.,Baricitinib,8,1,7,1,-0.27820699175822483,-0.4308617701196934,1.1044491690823612,-0.3101403295215206,0.8766122363442265,0.0019020706935638952,0.046875,.ATFYLNVLQQR.,sp|Q9UBF2|COPG2_HUMAN,0.238,0.1932812901984658,0.10712409559729064,0.04015682369033549,0.1903351814516129,decreasing,decreasing,False,True,False,True
.FYFENALSK.,Baricitinib,9,0,8,1,-0.7819258797863764,-1.5363242496665035,4.66791221457585,-1.2516941018011243,0.8054402670447496,0.0024921125975672677,0.078125,.FYFENALSK.,sp|Q13557|KCC2D_HUMAN,0.92,0.19990639929990434,0.152056647743661,0.04015682369033549,0.2132029132791328,decreasing,decreasing,False,True,False,True
.ESTESSNTTIEDEDVKAR.,Baricitinib,9,0,8,1,-0.5010679315416162,-1.6473775273196312,6.7312762440025224,-1.707521596436094,0.8446148780979656,0.0012478699544735412,0.078125,.ESTESSNTTIEDEDVKAR.,sp|Q13557|KCC2D_HUMAN,0.902,0.18161835327682113,0.152056647743661,0.04015682369033549,0.2132029132791328,decreasing,decreasing,False,True,False,True
.DLKVENLLLSNQGTIK.,Baricitinib,9,0,8,1,-0.8441103250144284,-1.0571074126987878,3.15967649674597,-0.8091280291267798,0.8083610694712386,0.002378445335077177,0.078125,.DLKVENLLLSNQGTIK.,sp|O14976|GAK_HUMAN,0.96,0.19972710307959976,0.152056647743661,0.04015682369033549,0.2132029132791328,decreasing,decreasing,False,True,False,True
.VIGEDGQSVYK.,Baricitinib,8,1,7,1,-0.6135059758671346,-0.7479545502741571,1.8340709283812942,-0.5069807558177815,0.858508541734049,0.0026978633025352486,0.078125,.VIGEDGQSVYK.,sp|Q9UHD2|TBK1_HUMAN,0.418,0.20150566005265946,0.152056647743661,0.04015682369033549,0.2132029132791328,decreasing,decreasing,False,True,False,True
.TPEIIDLYSNFPIGEK.,Baricitinib,9,0,8,1,-0.5722597009668835,-0.8283210464948332,2.5666921956626645,-0.6742646650771771,0.8054135658445871,0.0024931685746990874,0.078125,.TPEIIDLYSNFPIGEK.,sp|O14976|GAK_HUMAN,0.856,0.19990639929990434,0.152056647743661,0.04015682369033549,0.2132029132791328,decreasing,decreasing,False,True,False,True
.VSENDFEDLLSNQGFSSR.,Baricitinib,9,0,8,1,-0.8530287825371357,-1.1939636853286197,3.4607474978351505,-0.9500790223474078,0.8263773202666402,0.001754693400154537,0.078125,.VSENDFEDLLSNQGFSSR.,sp|O14976|GAK_HUMAN,0.9,0.19077514931245249,0.152056647743661,0.04015682369033549,0.2132029132791328,decreasing,decreasing,False,True,False,True
.SQEVAYTDIK.,Baricitinib,8,1,7,1,-0.5943553633597745,-0.6237944130485046,1.7967904164226312,-0.496762773833961,0.8950800730856223,0.0012590217076845244,0.078125,.SQEVAYTDIK.,sp|P49840|GSK3A_HUMAN,0.806,0.1818056814322722,0.152056647743661,0.04015682369033549,0.2132029132791328,decreasing,decreasing,False,True,False,True
.TTEENPIFVVSREPLNTIGLIYEK.,Baricitinib,9,0,8,1,-0.3971794686760042,-0.727454859371222,2.379047645833321,-0.6731186298252501,0.8060869109517734,0.002466632889773984,0.078125,.TTEENPIFVVSREPLNTIGLIYEK.,sp|Q9UHD2|TBK1_HUMAN,0.564,0.19974106212138248,0.152056647743661,0.04015682369033549,0.2132029132791328,decreasing,decreasing,False,True,False,True
.SNYEVLEKDVGLKR.,Baricitinib,9,0,8,1,-0.7256953491266618,-0.797502320344786,1.8776950773867753,-0.6208881206593462,0.816062929134533,0.0020958636436453626,0.078125,.SNYEVLEKDVGLKR.,sp|Q05397|FAK1_HUMAN,0.836,0.19572974314294042,0.152056647743661,0.04015682369033549,0.2132029132791328,decreasing,decreasing,False,True,False,True
.QSLAQSHLPAQPDISPNIFEAVK.,Baricitinib,9,0,8,1,-0.5283881686330378,-1.0791183210959825,3.6938306250155826,-0.9538703472240219,0.8529729080858983,0.001053358887396829,0.078125,.QSLAQSHLPAQPDISPNIFEAVK.,sp|O14578|CTRO_HUMAN,0.756,0.17548188206881613,0.152056647743661,0.04015682369033549,0.2132029132791328,decreasing,decreasing,False,True,False,True
.GDSFTHTPPLDPQELDILK.,Baricitinib,9,0,8,1,-0.7966303019855712,-0.954173413551866,2.231864675243937,-0.7178311674525658,0.8127760724178721,0.0022134635036073318,0.078125,.GDSFTHTPPLDPQELDILK.,sp|P00533|EGFR_HUMAN,0.478,0.19812027372608515,0.152056647743661,0.04015682369033549,0.2132029132791328,decreasing,decreasing,False,True,False,True
.GKYSEVFEAINITNNEK.,Baricitinib,8,1,7,1,1.8437779178587945,1.4338890727573899,2.61222133218288,-1.0206355736168389,0.9115197088231577,0.0008170280049971753,0.078125,.GKYSEVFEAINITNNEK.,sp|P68400|CSK21_HUMAN,0.47,0.16963738535204267,0.152056647743661,0.04015682369033549,0.2132029132791328,decreasing,increasing,False,True,False,True
.ESILNDIRK.,Baricitinib,9,0,8,1,-1.0626757732471788,-1.157726480909767,2.861824479974352,-0.8261086701703634,0.7837959565408029,0.0034534497098578083,0.078125,.ESILNDIRK.,sp|Q99683|M3K5_HUMAN,0.354,0.2050632837371054,0.152056647743661,0.04015682369033549,0.2132029132791328,decreasing,decreasing,False,True,False,True
.VTEQLIEAINNGDFEAYTK.,Baricitinib,9,0,8,1,-0.5919943501639189,-1.647006202392976,5.841767858176905,-1.5236239151143987,0.833302646531933,0.0015482967928213964,0.109375,.VTEQLIEAINNGDFEAYTK.,sp|Q13557|KCC2D_HUMAN,0.958,0.18868057356080353,0.19579115469486683,0.04015682369033549,0.2443948779585799,decreasing,decreasing,False,True,False,True
.DIKPQNLLVDPDTAVLK.,Baricitinib,9,0,8,1,-0.7065518310929626,-0.7836464576993798,2.141969786896592,-0.6193053681690898,0.7843243016559515,0.0034273653462630594,0.109375,.DIKPQNLLVDPDTAVLK.,sp|P49840|GSK3A_HUMAN,0.974,0.2050632837371054,0.19579115469486683,0.04015682369033549,0.2443948779585799,decreasing,decreasing,False,True,False,True
.APQAPLHSVVQQLHGK.,Baricitinib,9,0,8,1,-0.46903725326295387,-0.8781912231575792,2.1290801570627558,-0.7211587356392881,0.8240945439320791,0.0018266478156313654,0.109375,.APQAPLHSVVQQLHGK.,sp|Q15418|KS6A1_HUMAN,0.972,0.1922377964931204,0.19579115469486683,0.04015682369033549,0.2443948779585799,decreasing,decreasing,False,True,False,True
.TTLLYFYQQLR.,Baricitinib,9,0,8,1,-0.33663964103027233,-0.503884667538387,1.3292115347657436,-0.4231194774544809,0.79686377273228,0.002847376895474596,0.109375,.TTLLYFYQQLR.,sp|Q14289|FAK2_HUMAN,0.918,0.20211421730670545,0.19579115469486683,0.04015682369033549,0.2443948779585799,decreasing,decreasing,False,True,False,True
.YHIDLDPHFNDILGQHSR.,Baricitinib,9,0,8,1,-0.8218037805833127,-0.9595176867026525,3.1671974088938946,-0.8549473958108521,0.7984030436898578,0.0027812063073829447,0.109375,.YHIDLDPHFNDILGQHSR.,sp|P19784|CSK22_HUMAN,0.93,0.20211421730670545,0.19579115469486683,0.04015682369033549,0.2443948779585799,decreasing,decreasing,False,True,False,True
.AALQLVVDPGDPR.,Baricitinib,9,0,8,1,-0.26886273642712055,-0.5955596326987309,1.9486239348386185,-0.5955104243003475,0.8712514461758463,0.0007018584715949758,0.109375,.AALQLVVDPGDPR.,sp|O96013|PAK4_HUMAN,0.928,0.16682516844165235,0.19579115469486683,0.04015682369033549,0.2443948779585799,decreasing,decreasing,False,True,False,True
.LKDEEISAAAIK.,Baricitinib,9,0,8,1,-0.6779221158654565,-1.4744842032119805,4.199157971667979,-1.2958441550370652,0.7971511981377747,0.0028349396167079662,0.109375,.LKDEEISAAAIK.,sp|O75116|ROCK2_HUMAN,0.948,0.20211421730670545,0.19579115469486683,0.04015682369033549,0.2443948779585799,decreasing,decreasing,False,True,False,True
.VIQSVANYAK.,Baricitinib,9,0,8,1,-0.9282835849581481,-1.3189457965949876,3.465079620691462,-1.0558970978729314,0.8377193451511619,0.001425722807220129,0.109375,.VIQSVANYAK.,sp|O14976|GAK_HUMAN,0.772,0.18466289167759858,0.19579115469486683,0.04015682369033549,0.2443948779585799,decreasing,decreasing,False,True,False,True
.GYGFGLIK.,Baricitinib,9,0,8,1,0.4577743615321097,0.32282622184732723,0.8463960282815215,-0.26380796548861174,0.8482859874243368,0.0011596656627758377,0.109375,.GYGFGLIK.,sp|P21796|VDAC1_HUMAN,0.77,0.18022361374871623,0.19579115469486683,0.04015682369033549,0.2443948779585799,decreasing,increasing,False,True,False,True
.FNDILGR.,Baricitinib,9,0,8,1,-0.5692778214512408,-0.9138450419648971,3.3888505633026504,-0.8782619008608513,0.7861360585898853,0.0033389510336443522,0.109375,.FNDILGR.,sp|P68400|CSK21_HUMAN,0.682,0.20479781242723677,0.19579115469486683,0.04015682369033549,0.2443948779585799,decreasing,decreasing,False,True,False,True
.EQQEQLSLQQTIIDKLK.,Baricitinib,8,1,7,1,-0.0650594291304003,-0.5311732292954642,2.243199439199323,-0.6264734781358645,0.8561254955147243,0.0028156087207281376,0.109375,.EQQEQLSLQQTIIDKLK.,sp|Q92844|TANK_HUMAN,0.712,0.20211421730670545,0.19579115469486683,0.04015682369033549,0.2443948779585799,decreasing,decreasing,False,True,False,True
.IPSASPQTQR.,Baricitinib,8,1,7,1,-0.16569219209029384,-0.8277294910738705,2.6913966859392318,-0.7453688418330326,0.8554962452890664,0.002847220757139108,0.109375,.IPSASPQTQR.,sp|Q13233|M3K1_HUMAN,0.868,0.20211421730670545,0.19579115469486683,0.04015682369033549,0.2443948779585799,decreasing,decreasing,False,True,False,True
.EVELLQLR.,Baricitinib,9,0,8,1,-0.4514691920665488,-0.7770455606976849,2.5823460949460397,-0.7019853243487055,0.7865245730556685,0.0033201984145598486,0.109375,.EVELLQLR.,sp|Q9H6S1|AZI2_HUMAN,0.776,0.20474229230140306,0.19579115469486683,0.04015682369033549,0.2443948779585799,decreasing,decreasing,False,True,False,True
.GYGFVSFFNK.,Baricitinib,9,0,8,1,-0.5215465284628351,-0.5860463395144859,1.3695620275132896,-0.47367782311454815,0.7829286012025412,0.003496567442858942,0.109375,.GYGFVSFFNK.,sp|P31483|TIA1_HUMAN,0.296,0.2050632837371054,0.19579115469486683,0.04015682369033549,0.2443948779585799,decreasing,decreasing,False,True,False,True
.NLDNGGFYISPR.,Baricitinib,9,0,8,1,-0.4607306568493179,-0.6624761920308679,1.7058331497417178,-0.5389984019181928,0.7935576995791432,0.0029931472074655996,0.1484375,.NLDNGGFYISPR.,sp|P06239|LCK_HUMAN,0.828,0.20315921146434415,0.2520403589687868,0.04015682369033549,0.2915667669050715,decreasing,decreasing,False,True,False,True
.TVEYLHAQGVVHR.,Baricitinib,9,0,8,1,-1.094969529372447,-1.5421541333091193,3.948693513778643,-1.210837565490333,0.8194261122105846,0.0019800420726754355,0.1484375,.TVEYLHAQGVVHR.,sp|P51812|KS6A3_HUMAN,0.95,0.19405197856168926,0.2520403589687868,0.04015682369033549,0.2915667669050715,decreasing,decreasing,False,True,False,True
.YGQHPNIITLK.,Baricitinib,9,0,8,1,0.2694178623489307,0.24034194065866643,0.9983392445030574,-0.30270914795705217,0.8213132108059059,0.0019170152535664365,0.1484375,.YGQHPNIITLK.,sp|Q15418|KS6A1_HUMAN,0.982,0.1932812901984658,0.2520403589687868,0.04015682369033549,0.2915667669050715,decreasing,increasing,False,True,False,True
.TLTSDVANLANEKEELNNK.,Baricitinib,9,0,8,1,-0.7687270254338205,-1.2713185559168827,4.408321156785398,-1.233995861896105,0.838395025290142,0.001407576020679757,0.1484375,.TLTSDVANLANEKEELNNK.,sp|O75116|ROCK2_HUMAN,0.91,0.18466289167759858,0.2520403589687868,0.04015682369033549,0.2915667669050715,decreasing,decreasing,False,True,False,True
.DKRPLSGPDVGTPQPAGLASGAK.,Baricitinib,9,0,8,1,-0.7919059497820804,-0.8156838587131117,2.2993742929822822,-0.6748431746467157,0.8021213707402753,0.0026257389677731622,0.1484375,.DKRPLSGPDVGTPQPAGLASGAK.,sp|O96013|PAK4_HUMAN,0.94,0.20073005275226952,0.2520403589687868,0.04015682369033549,0.2915667669050715,decreasing,decreasing,False,True,False,True
.TSSFAEPGGGGGGGGGGPGGSASGPGGTGGGK.,Baricitinib,9,0,8,1,-0.4697732511013353,-0.8501640082722832,2.613505039202277,-0.7323648858105455,0.8563755488189491,0.0009804810004699549,0.1484375,.TSSFAEPGGGGGGGGGGPGGSASGPGGTGGGK.,sp|P49840|GSK3A_HUMAN,0.912,0.17529814876961214,0.2520403589687868,0.04015682369033549,0.2915667669050715,decreasing,decreasing,False,True,False,True
.FPSHFSSDLK.,Baricitinib,9,0,8,1,-0.8154250973661892,-1.1986312491520548,3.7919287471744347,-1.1019540581279295,0.867696631411153,0.000762753921245324,0.1484375,.FPSHFSSDLK.,sp|P17612|KAPCA_HUMAN,0.574,0.16735003911732865,0.2520403589687868,0.04015682369033549,0.2915667669050715,decreasing,decreasing,False,True,False,True
.DLKPENILLDEIGHIK.,Baricitinib,9,0,8,1,-0.572588415703521,-0.9069670892118764,2.5500223211990836,-0.7589003497658687,0.8280488899014005,0.001703251998093893,0.1484375,.DLKPENILLDEIGHIK.,sp|Q9UK32|KS6A6_HUMAN,0.856,0.18989622783734872,0.2520403589687868,0.04015682369033549,0.2915667669050715,decreasing,decreasing,False,True,False,True
.GSSWLQDGSAR.,Baricitinib,9,0,8,1,-0.29458970638383875,-0.39889884441867984,1.3656295078954273,-0.3609298524135649,0.8453181714447014,0.0012306298501757078,0.1484375,.GSSWLQDGSAR.,sp|O75676|KS6A4_HUMAN,0.64,0.18152200109737326,0.2520403589687868,0.04015682369033549,0.2915667669050715,decreasing,decreasing,False,True,False,True
.NLDISRPDKK.,Baricitinib,9,0,8,1,-0.31552836706169884,-0.600661195243255,1.6205920729452608,-0.5352635371247787,0.7891267652295599,0.0031964646234712898,0.1484375,.NLDISRPDKK.,sp|P46977|STT3A_HUMAN,0.91,0.20372708865576777,0.2520403589687868,0.04015682369033549,0.2915667669050715,decreasing,decreasing,False,True,False,True
.VYTDVNTHRPR.,Baricitinib,9,0,8,1,-0.5354053533990619,-0.8040464488132137,3.035541942455964,-0.82673752615,0.8600002178459274,0.0009067070713188704,0.1484375,.VYTDVNTHRPR.,sp|P68400|CSK21_HUMAN,0.792,0.1719576682071269,0.2520403589687868,0.04015682369033549,0.2915667669050715,decreasing,decreasing,False,True,False,True
.LAQQNAVTSLSEEC+57.021KR.,Baricitinib,9,0,8,1,0.6253684017430903,0.409872620261317,1.3286913777956428,-0.5200621931716375,0.8007883444387797,0.0026807678976548768,0.1484375,.LAQQNAVTSLSEECKR.,sp|Q14289|FAK2_HUMAN,0.8,0.20127670186163407,0.2520403589687868,0.04015682369033549,0.2915667669050715,decreasing,increasing,False,True,False,True
.KQGDFLVR.,Baricitinib,9,0,8,1,-0.47048186788622637,-0.7481891558847078,1.946866841136437,-0.6719451256282263,0.7870116247811352,0.0032967923933347313,0.1484375,.KQGDFLVR.,sp|P16591|FER_HUMAN,0.814,0.20459330923933441,0.2520403589687868,0.04015682369033549,0.2915667669050715,decreasing,decreasing,False,True,False,True
.ILQAVNFPFLVR.,Baricitinib,9,0,8,1,-0.6701436787724173,-0.9816264642875798,3.449499418295609,-0.9377491552944275,0.8158834222975224,0.0021021728776605578,0.1484375,.ILQAVNFPFLVR.,sp|P22694|KAPCB_HUMAN,0.834,0.19572974314294042,0.2520403589687868,0.04015682369033549,0.2915667669050715,decreasing,decreasing,False,True,False,True
.LDAEPRPPPTQEAA.,Baricitinib,9,0,8,1,-0.2406940516300402,-0.46334371648370265,1.459488577567111,-0.4377606651717047,0.7875346990438249,0.0032717822167317736,0.1484375,.LDAEPRPPPTQEAA.,sp|Q9Y285|SYFA_HUMAN,0.694,0.2041091790467042,0.2520403589687868,0.04015682369033549,0.2915667669050715,decreasing,decreasing,False,True,False,True
.RLAYNEEQIHK.,Baricitinib,9,0,8,1,-0.6050880193515269,-0.7159006044100931,1.7994382559914541,-0.6277208917214304,0.790642727162582,0.0031258661503779776,0.1484375,.RLAYNEEQIHK.,sp|Q9UHD2|TBK1_HUMAN,0.696,0.20372708865576777,0.2520403589687868,0.04015682369033549,0.2915667669050715,decreasing,decreasing,False,True,False,True
.ASTALSNEQQAR.,Baricitinib,9,0,8,1,-0.3741429301792749,-0.6269536472116481,1.8266395285551909,-0.6040547685608175,0.7870009945821298,0.003297302025746568,0.1484375,.ASTALSNEQQAR.,sp|P12270|TPR_HUMAN,0.666,0.20459330923933441,0.2520403589687868,0.04015682369033549,0.2915667669050715,decreasing,decreasing,False,True,False,True
.YILTNR.,Baricitinib,9,0,8,1,-0.7091397690107488,-0.9292760502044333,2.920920149727202,-0.8028235189005757,0.8282244593199241,0.001697909607884927,0.1484375,.YILTNR.,sp|P67870|CSK2B_HUMAN,0.304,0.18989622783734872,0.2520403589687868,0.04015682369033549,0.2915667669050715,decreasing,decreasing,False,True,False,True
.LIDWGLAEFYHPGQEYNVR.,Baricitinib,8,1,7,1,-0.12521283049404985,-0.8549787655496809,3.0659402659386217,-0.8548974896659682,0.8642932524008449,0.0024248584721439123,0.15625,.LIDWGLAEFYHPGQEYNVR.,sp|P68400|CSK21_HUMAN,0.856,0.19972710307959976,0.25926808208613233,0.04015682369033549,0.29465121722846443,decreasing,decreasing,False,True,False,True
.TKPSNLVNTC+57.021IR.,Baricitinib,8,1,7,1,0.7235933166582598,0.5662120152732832,1.5168526447196662,-0.5641511715872474,0.8808876251441241,0.001738612510369337,0.15625,.TKPSNLVNTCIR.,sp|Q92844|TANK_HUMAN,0.76,0.1903796493734577,0.25926808208613233,0.04015682369033549,0.29465121722846443,decreasing,increasing,False,True,False,True
.LQHQTELENQLEYNK.,Baricitinib,8,1,7,1,-0.5160277252725756,-0.5783311095368328,1.4726403535692327,-0.5051222036484795,0.8646427715654859,0.002408937183228822,0.15625,.LQHQTELENQLEYNK.,sp|Q9H2K8|TAOK3_HUMAN,0.632,0.19972710307959976,0.25926808208613233,0.04015682369033549,0.29465121722846443,decreasing,decreasing,False,True,False,True
.TYQVC+57.021NVFESSQNNWLR.,Baricitinib,8,1,7,1,-1.0748579100605546,-0.7493549038227633,1.730947249595534,-0.598858191960047,0.9022421139991859,0.001052100053569325,0.15625,.TYQVCNVFESSQNNWLR.,sp|P29323|EPHB2_HUMAN,0.526,0.17548188206881613,0.25926808208613233,0.04015682369033549,0.29465121722846443,decreasing,decreasing,False,True,False,True
.ALFPGSDYIDQLKR.,Baricitinib,8,1,7,1,-0.3117129310445108,-0.45431439753799957,1.5959653389982158,-0.46661279668666095,0.9521397846726714,0.0001731357360522342,0.15625,.ALFPGSDYIDQLKR.,sp|Q15759|MK11_HUMAN,0.258,0.13694153376139623,0.25926808208613233,0.04015682369033549,0.29465121722846443,decreasing,decreasing,False,True,False,True
.DLKPENLLLASK.,Baricitinib,9,0,8,1,-0.32231506263181586,-1.2498711915356737,4.850822015223979,-1.3030661748571135,0.8452190033569644,0.0012330508951041359,0.1953125,.DLKPENLLLASK.,sp|Q13557|KCC2D_HUMAN,0.994,0.18161835327682113,0.3058342496782904,0.04015682369033549,0.33697262278697887,decreasing,decreasing,False,True,False,True
.IPTGQEYAAK.,Baricitinib,9,0,8,1,-0.4111763352938418,-1.3225798791937762,5.581754965110438,-1.4289128409952228,0.8120127769815471,0.002241406482702527,0.1953125,.IPTGQEYAAK.,sp|Q13557|KCC2D_HUMAN,0.918,0.1988988445262976,0.3058342496782904,0.04015682369033549,0.33697262278697887,decreasing,decreasing,False,True,False,True
.ITASEALK.,Baricitinib,9,0,8,1,-0.39016826307882546,-1.2528276862041348,4.433517363407777,-1.265616559063225,0.8531623311052581,0.001049207938346744,0.1953125,.ITASEALK.,sp|Q13557|KCC2D_HUMAN,0.818,0.17548188206881613,0.3058342496782904,0.04015682369033549,0.33697262278697887,decreasing,decreasing,False,True,False,True
.THSDQFLVAFK.,Baricitinib,9,0,8,1,-0.2617665886078715,-0.41116778222334194,1.2337414314810644,-0.41514195304377327,0.7990059075767006,0.002755581173775908,0.1953125,.THSDQFLVAFK.,sp|P36542|ATPG_HUMAN,0.73,0.20202244785187873,0.3058342496782904,0.04015682369033549,0.33697262278697887,decreasing,decreasing,False,True,False,True
.ATALVVQAVK.,Baricitinib,9,0,8,1,-0.4445950005869772,-0.5268332718569013,1.9924804082316854,-0.5606151249032384,0.7888423144289597,0.0032098328201335606,0.1953125,.ATALVVQAVK.,sp|Q6PHR2|ULK3_HUMAN,0.882,0.20372708865576777,0.3058342496782904,0.04015682369033549,0.33697262278697887,decreasing,decreasing,False,True,False,True
.ITSEALLVTQQLVK.,Baricitinib,9,0,8,1,-0.6008038750587072,-0.6447769945091197,1.6550931972437972,-0.5657226247890705,0.7837290709215902,0.0034567615834876666,0.1953125,.ITSEALLVTQQLVK.,sp|Q86VP6|CAND1_HUMAN,0.84,0.2050632837371054,0.3058342496782904,0.04015682369033549,0.33697262278697887,decreasing,decreasing,False,True,False,True
.LTEERDGSLNQSSGYR.,Baricitinib,9,0,8,1,-0.5629648252713455,-0.9255213265788305,2.605300118496615,-0.7776291296974782,0.8226943339066081,0.0018717681226742987,0.1953125,.LTEERDGSLNQSSGYR.,sp|P06241|FYN_HUMAN,0.636,0.1932812901984658,0.3058342496782904,0.04015682369033549,0.33697262278697887,decreasing,decreasing,False,True,False,True
.EGQNYQQNC+57.021IK.,Baricitinib,9,0,8,1,0.7812953985861615,0.3996506235462953,1.3883648201897714,-0.5555945603521384,0.820186126886214,0.001954490446229521,0.1953125,.EGQNYQQNCIK.,sp|O96000|NDUBA_HUMAN,0.37,0.1932812901984658,0.3058342496782904,0.04015682369033549,0.33697262278697887,decreasing,increasing,False,True,False,True
.FGEATLYR.,Baricitinib,9,0,8,1,-0.25432983303507584,-0.6135517891510793,1.902403389354216,-0.5899948016281831,0.8391050314058215,0.0013886779603005267,0.1953125,.FGEATLYR.,sp|Q8TD19|NEK9_HUMAN,0.2,0.18466289167759858,0.3058342496782904,0.04015682369033549,0.33697262278697887,decreasing,decreasing,False,True,False,True
.PQAPPSQPLPQTQAK.,Baricitinib,8,1,7,1,-0.4112168568967647,-1.5300996268469678,4.500048174403229,-1.4906650000970545,0.850709171861177,0.003094922335368243,0.21875,.PQAPPSQPLPQTQAK.,sp|Q2M2I8|AAK1_HUMAN,0.948,0.20372708865576777,0.3350457828217694,0.04015682369033549,0.3619078587075575,decreasing,decreasing,False,True,False,True
.YATALYSAASK.,Baricitinib,8,1,7,1,-0.7203314144447788,-0.6393027681856311,1.6753393291737417,-0.7415717105654578,0.8446688247168542,0.003425968911308546,0.21875,.YATALYSAASK.,sp|P48047|ATPO_HUMAN,0.842,0.2050632837371054,0.3350457828217694,0.04015682369033549,0.3619078587075575,decreasing,decreasing,False,True,False,True
.DLKPENLLFDEYHK.,Baricitinib,8,1,7,1,-0.9055688107075497,-0.6788827118557036,2.19889867605956,-0.8019569355033582,0.8508357830120857,0.003088205611301749,0.21875,.DLKPENLLFDEYHK.,sp|Q14680|MELK_HUMAN,0.854,0.20372708865576777,0.3350457828217694,0.04015682369033549,0.3619078587075575,decreasing,decreasing,False,True,False,True
.ITDFGLAR.,Baricitinib,8,1,7,1,-1.793265537438387,-1.135847667309974,2.9198272950095827,-0.9529835911722718,0.9026153880243969,0.0010419346831578693,0.21875,.ITDFGLAR.,sp|P04626|ERBB2_HUMAN,0.474,0.17548188206881613,0.3350457828217694,0.04015682369033549,0.3619078587075575,decreasing,decreasing,False,True,False,True
.AGAYDFPSPEWDTVTPEAK.,Baricitinib,9,0,8,1,-0.6201043387779333,-1.5388598313039754,5.989658837002352,-1.5436717695835704,0.828360626970143,0.0016937740730487134,0.25,.AGAYDFPSPEWDTVTPEAK.,sp|Q13557|KCC2D_HUMAN,0.984,0.18989622783734872,0.366234778661509,0.04015682369033549,0.3705839057899902,decreasing,decreasing,False,True,False,True
.GFLNQFTEDKPTLNFFYQQVK.,Baricitinib,9,0,8,1,-0.16819324571662797,-0.2511477555312349,1.0724651271931371,-0.3476141062567935,0.9019761773223339,0.0003058396726020865,0.25,.GFLNQFTEDKPTLNFFYQQVK.,sp|Q05397|FAK1_HUMAN,0.91,0.14758102925669128,0.366234778661509,0.04015682369033549,0.3705839057899902,decreasing,decreasing,False,True,False,True
.LAYNEEQIHKFDK.,Baricitinib,9,0,8,1,-0.1481465279492138,-0.34337354652786223,1.2945614253273092,-0.3942552264620282,0.8878907288739823,0.00046018911963133214,0.25,.LAYNEEQIHKFDK.,sp|Q9UHD2|TBK1_HUMAN,0.978,0.15421888872338235,0.366234778661509,0.04015682369033549,0.3705839057899902,decreasing,decreasing,False,True,False,True
.-17.027QETVDC+57.021LKK.,Baricitinib,9,0,8,1,-0.4709383522638291,-1.025316935275832,3.3086904233840535,-1.0792097561078746,0.8616953215775105,0.0008735412305647304,0.25,.QETVDCLKK.,sp|Q13557|KCC2D_HUMAN,0.718,0.171950980201941,0.366234778661509,0.04015682369033549,0.3705839057899902,decreasing,decreasing,False,True,False,True
.IADFGFGNFFK.,Baricitinib,9,0,8,1,-0.4073797053626951,-0.5229856842300173,2.0519271480224646,-0.5828247260393086,0.8092594626774405,0.002344212367378767,0.25,.IADFGFGNFFK.,sp|Q9H0K1|SIK2_HUMAN,0.93,0.19972710307959976,0.366234778661509,0.04015682369033549,0.3705839057899902,decreasing,decreasing,False,True,False,True
.IFQILYANEGESK.,Baricitinib,9,0,8,1,-0.6126181572271765,-1.1730769554412421,4.321368898208977,-1.2375116717183077,0.8542972055608751,0.0010245717588816853,0.25,.IFQILYANEGESK.,sp|O75116|ROCK2_HUMAN,0.836,0.17548188206881613,0.366234778661509,0.04015682369033549,0.3705839057899902,decreasing,decreasing,False,True,False,True
.TEALEQGGLPK.,Baricitinib,9,0,8,1,-0.38666004342304916,-0.72620909690322,2.673358680655692,-0.8272386733252785,0.8034352034017744,0.002572267142180675,0.25,.TEALEQGGLPK.,sp|P50613|CDK7_HUMAN,0.862,0.19993549870553037,0.366234778661509,0.04015682369033549,0.3705839057899902,decreasing,decreasing,False,True,False,True
.-17.027QIEHTLNEKR.,Baricitinib,9,0,8,1,-0.7843212831956698,-1.410175423285923,4.709809455863329,-1.2904891919962704,0.8690109497228558,0.0007398376272258018,0.25,.QIEHTLNEKR.,sp|P17612|KAPCA_HUMAN,0.684,0.16735003911732865,0.366234778661509,0.04015682369033549,0.3705839057899902,decreasing,decreasing,False,True,False,True
.IASATTAPSIPSHLSPGLR.,Baricitinib,9,0,8,1,-0.5716469370817947,-0.8417863572571775,2.569755128034817,-0.7970640931395494,0.8221633378923557,0.0018890765917234673,0.25,.IASATTAPSIPSHLSPGLR.,sp|Q13233|M3K1_HUMAN,0.834,0.1932812901984658,0.366234778661509,0.04015682369033549,0.3705839057899902,decreasing,decreasing,False,True,False,True
.YQNLSPVGSGAYGSVC+57.021AAFDTK.,Baricitinib,9,0,8,1,-0.430268247038585,-0.3751698513842845,1.298231061775187,-0.4567510828347272,0.8260007009825981,0.0017664285541950332,0.25,.YQNLSPVGSGAYGSVCAAFDTK.,sp|Q16539|MK14_HUMAN,0.742,0.19082040269033185,0.366234778661509,0.04015682369033549,0.3705839057899902,decreasing,decreasing,False,True,False,True
.GQLVEFLK.,Baricitinib,9,0,8,1,-0.6058723163437723,-0.8199211110402409,2.809641915487859,-0.8071855892510474,0.7830791755337339,0.0034890556399231735,0.25,.GQLVEFLK.,sp|O14976|GAK_HUMAN,0.93,0.2050632837371054,0.366234778661509,0.04015682369033549,0.3705839057899902,decreasing,decreasing,False,True,False,True
.TDGEPGPQGWSPR.,Baricitinib,9,0,8,1,-0.32106040707668804,-0.5687975328025305,1.6483827106383195,-0.5579801341527253,0.7891919773050939,0.0031934052989340132,0.25,.TDGEPGPQGWSPR.,sp|Q9H773|DCTP1_HUMAN,0.64,0.20372708865576777,0.366234778661509,0.04015682369033549,0.3705839057899902,decreasing,decreasing,False,True,False,True
.LALGIPLPELR.,Baricitinib,9,0,8,1,-0.4700889872500671,-0.5174221987413432,1.5952608613402894,-0.5213635976111191,0.8058670873326702,0.0024752744229039115,0.25,.LALGIPLPELR.,sp|P27708|PYR1_HUMAN,0.882,0.19974106212138248,0.366234778661509,0.04015682369033549,0.3705839057899902,decreasing,decreasing,False,True,False,True
.KRTEALEQGGLPK.,Baricitinib,9,0,8,1,-0.4217521630927692,-0.8126021402542127,2.6343934496758585,-0.83105217268637,0.8811868957860871,0.0005493032865673588,0.25,.KRTEALEQGGLPK.,sp|P50613|CDK7_HUMAN,0.844,0.16099289211658632,0.366234778661509,0.04015682369033549,0.3705839057899902,decreasing,decreasing,False,True,False,True
.FLPGYVGGIQEGAVTPAGVVNK.,Baricitinib,9,0,8,1,-0.46002605824312504,-0.40150203874645785,1.2033952996663793,-0.4877446503317317,0.8040218801858603,0.0025486335252856147,0.25,.FLPGYVGGIQEGAVTPAGVVNK.,sp|Q9UBM7|DHCR7_HUMAN,0.612,0.19993549870553037,0.366234778661509,0.04015682369033549,0.3705839057899902,decreasing,decreasing,False,True,False,True
.FSSVAGTPEIQELK.,Baricitinib,9,0,8,1,-0.14333420046668266,-0.5513593462037609,2.0016363397507853,-0.5499927235587353,0.7901015528978864,0.003150944035784917,0.25,.FSSVAGTPEIQELK.,sp|Q14164|IKKE_HUMAN,0.534,0.20372708865576777,0.366234778661509,0.04015682369033549,0.3705839057899902,decreasing,decreasing,False,True,False,True
.YTDVNTHRPR.,Baricitinib,9,0,8,1,-0.33272422818435743,-0.6197440789765776,2.6314804654649286,-0.7523998098266194,0.8447627189918111,0.0012442322862495781,0.25,.YTDVNTHRPR.,sp|P68400|CSK21_HUMAN,0.244,0.18161835327682113,0.366234778661509,0.04015682369033549,0.3705839057899902,decreasing,decreasing,False,True,False,True
.YSIPPHDTQYTVFHSLIR.,Baricitinib,9,0,8,1,-0.2596246553232895,-0.8467303504437003,2.835228229256259,-0.8913728143765718,0.783793804240787,0.0034535562479268756,0.3125,.YSIPPHDTQYTVFHSLIR.,sp|O14976|GAK_HUMAN,0.884,0.2050632837371054,0.4300322117167223,0.04015682369033549,0.4135183968462549,decreasing,decreasing,False,True,False,True
.FTNSETAEHIAQGLR.,Baricitinib,9,0,8,1,-0.2062276404690806,-0.37373559864475325,1.11983592511951,-0.4029564893218942,0.7915347029347424,0.0030848328554425224,0.3125,.FTNSETAEHIAQGLR.,sp|Q06187|BTK_HUMAN,0.886,0.20372708865576777,0.4300322117167223,0.04015682369033549,0.4135183968462549,decreasing,decreasing,False,True,False,True
.VIGNGSFGVVYQAK.,Baricitinib,9,0,8,1,-0.12522361958984796,-0.4483875825625865,1.9080509023169583,-0.5291681391683517,0.7888808455490937,0.003208019739810681,0.3125,.VIGNGSFGVVYQAK.,sp|P49841|GSK3B_HUMAN,0.954,0.20372708865576777,0.4300322117167223,0.04015682369033549,0.4135183968462549,decreasing,decreasing,False,True,False,True
.DILVEVNHPFIVK.,Baricitinib,9,0,8,1,-0.2590300416902007,-0.4683089549743644,1.6170784149699742,-0.6118866115791511,0.8175649888902362,0.0020435777313990836,0.3125,.DILVEVNHPFIVK.,sp|P51812|KS6A3_HUMAN,0.956,0.19529098898669459,0.4300322117167223,0.04015682369033549,0.4135183968462549,decreasing,decreasing,False,True,False,True
.NFSAIINPPQAC+57.021ILAIGASEDKLVPADNEK.,Baricitinib,9,0,8,1,-0.37800296145548273,-0.5520113332609857,1.9514935567207097,-0.7602213822629645,0.8302932782764756,0.001635818200825544,0.3125,.NFSAIINPPQACILAIGASEDKLVPADNEK.,sp|P10515|ODP2_HUMAN,0.762,0.18945087955328693,0.4300322117167223,0.04015682369033549,0.4135183968462549,decreasing,decreasing,False,True,False,True
.AGNILLNTEGHAK.,Baricitinib,9,0,8,1,-0.34855468937561085,-0.5575955391934788,1.7935291764964987,-0.7308413665562963,0.7999734284992068,0.00271479623640003,0.3125,.AGNILLNTEGHAK.,sp|Q13043|STK4_HUMAN,0.98,0.20155691008045595,0.4300322117167223,0.04015682369033549,0.4135183968462549,decreasing,decreasing,False,True,False,True
.FPSHFSSDLKDLLR.,Baricitinib,8,1,7,1,-0.23108599670960572,-0.4804487710774126,1.7082208364414235,-0.6901998535039654,0.9312162513147405,0.0004320872665602796,0.296875,.FPSHFSSDLKDLLR.,sp|P17612|KAPCA_HUMAN,0.914,0.1533954719100028,0.425268553274022,0.04015682369033549,0.4135183968462549,decreasing,decreasing,False,True,False,True
.ILQAVNFPFLVK.,Baricitinib,9,0,8,1,-0.3466987485069062,-0.6893874753281755,2.246219588399903,-0.7039942325270876,0.90919155382747,0.00024243918963046481,0.3125,.ILQAVNFPFLVK.,sp|P17612|KAPCA_HUMAN,0.686,0.1448668929799207,0.4300322117167223,0.04015682369033549,0.4135183968462549,decreasing,decreasing,False,True,False,True
.SLGPPQGEEDSVPR.,Baricitinib,9,0,8,1,-0.20185531697764247,-0.4006182191771521,1.3160208490578427,-0.5261784599301867,0.8302041717617309,0.0016384600178039606,0.3125,.SLGPPQGEEDSVPR.,sp|P78527|PRKDC_HUMAN,0.97,0.18945087955328693,0.4300322117167223,0.04015682369033549,0.4135183968462549,decreasing,decreasing,False,True,False,True
.GAFGEATLYR.,Baricitinib,9,0,8,1,-0.29423043378959335,-0.5901560438105458,2.109400084726765,-0.6884935199900031,0.8204881721399948,0.0019443987585662172,0.3125,.GAFGEATLYR.,sp|Q8TD19|NEK9_HUMAN,0.964,0.1932812901984658,0.4300322117167223,0.04015682369033549,0.4135183968462549,decreasing,decreasing,False,True,False,True
.AANILVSASLVC+57.021K.,Baricitinib,9,0,8,1,-0.18308232150393877,-0.5886505089291241,2.0163329607969267,-0.6822200928727591,0.9100121623689932,0.0002358473909143504,0.3125,.AANILVSASLVCK.,sp|P08631|HCK_HUMAN,0.83,0.1448668929799207,0.4300322117167223,0.04015682369033549,0.4135183968462549,decreasing,decreasing,False,True,False,True
.RPANQFVPR.,Baricitinib,9,0,8,1,-0.4756172873291522,-0.7565654491980895,2.6156662510703796,-0.8457453244719487,0.8152540323581002,0.002124397297967483,0.3125,.RPANQFVPR.,sp|P67870|CSK2B_HUMAN,0.79,0.19650112880211518,0.4300322117167223,0.04015682369033549,0.4135183968462549,decreasing,decreasing,False,True,False,True
.NLLQVDLTK.,Baricitinib,9,0,8,1,-0.3559006461058747,-0.7819905276204024,2.8945310950910432,-0.9134543770378635,0.8495216441564303,0.001130961178613955,0.3125,.NLLQVDLTK.,sp|P17612|KAPCA_HUMAN,0.936,0.17976178946290977,0.4300322117167223,0.04015682369033549,0.4135183968462549,decreasing,decreasing,False,True,False,True
.ETPDTLLNILK.,Baricitinib,9,0,8,1,-0.3946356127779431,-0.4790168416052345,1.7749302873605295,-0.6173748928463977,0.7948861580440947,0.002933970821088159,0.3125,.ETPDTLLNILK.,sp|P51956|NEK3_HUMAN,0.924,0.20238254669909672,0.4300322117167223,0.04015682369033549,0.4135183968462549,decreasing,decreasing,False,True,False,True
.C+57.021HLLVEHETQK.,Baricitinib,9,0,8,1,-0.4137649397204921,-0.48292852869723335,1.8254373362669192,-0.6987450838471085,0.8632404220055397,0.0008440379579073941,0.3125,.CHLLVEHETQK.,sp|Q9H2G2|SLK_HUMAN,0.724,0.17149125617634559,0.4300322117167223,0.04015682369033549,0.4135183968462549,decreasing,decreasing,False,True,False,True
.EQSNPALAIK.,Baricitinib,9,0,8,1,-0.18068633271706247,-0.4558184191632395,1.8429350917470124,-0.5826804183000484,0.9357603205990563,8.492004513246037e-05,0.3125,.EQSNPALAIK.,sp|P50613|CDK7_HUMAN,0.58,0.12258326591414585,0.4300322117167223,0.04015682369033549,0.4135183968462549,decreasing,decreasing,False,True,False,True
.LKPIESSILAQR.,Baricitinib,9,0,8,1,-0.39507813087469756,-0.5861233715071754,1.8121073689557399,-0.599065707774052,0.8148202896387005,0.0021398066360152775,0.3125,.LKPIESSILAQR.,sp|Q15418|KS6A1_HUMAN,0.74,0.1965607789730902,0.4300322117167223,0.04015682369033549,0.4135183968462549,decreasing,decreasing,False,True,False,True
.LEFSFK.,Baricitinib,9,0,8,1,-0.11535122085895111,-0.5752132344699485,2.639960267542328,-0.8717834722565927,0.8968041317962034,0.0003576059923944638,0.3125,.LEFSFK.,sp|P17612|KAPCA_HUMAN,0.61,0.14996037758307149,0.4300322117167223,0.04015682369033549,0.4135183968462549,decreasing,decreasing,False,True,False,True
.IAQGAANGINFLHENHHIHR.,Baricitinib,9,0,8,1,-0.5197094121180701,-0.5842853315167531,1.7279059096911666,-0.7001344380033317,0.8319349265858866,0.0015876664575935166,0.3125,.IAQGAANGINFLHENHHIHR.,sp|Q9NWZ3|IRAK4_HUMAN,0.632,0.18939788932675017,0.4300322117167223,0.04015682369033549,0.4135183968462549,decreasing,decreasing,False,True,False,True
.ISDFGLATVFR.,Baricitinib,9,0,8,1,-0.20876613665423704,-0.4294689486609222,1.4854089421432697,-0.5948734138849309,0.7904194868893456,0.003136194322523378,0.3125,.ISDFGLATVFR.,sp|O14757|CHK1_HUMAN,0.684,0.20372708865576777,0.4300322117167223,0.04015682369033549,0.4135183968462549,decreasing,decreasing,False,True,False,True
.EKVVPLADIITPNQFEAELLSGR.,Baricitinib,8,1,7,1,-0.16342446017498702,-0.19157443328295543,0.6307098834596481,-0.30943013319347096,0.8856787437173691,0.0015660544487714496,0.296875,.EKVVPLADIITPNQFEAELLSGR.,sp|O00764|PDXK_HUMAN,0.564,0.1889582987371915,0.425268553274022,0.04015682369033549,0.4135183968462549,decreasing,decreasing,False,True,False,True
.LPVGTTATLYFR.,Baricitinib,9,0,8,1,-0.5755036432072327,-0.6648293908911831,2.2237849412119104,-0.7873833998188577,0.8156205972531738,0.0021114340199494823,0.3125,.LPVGTTATLYFR.,sp|Q9NZ01|TECR_HUMAN,0.706,0.19612173180149098,0.4300322117167223,0.04015682369033549,0.4135183968462549,decreasing,decreasing,False,True,False,True
.YYGSYFK.,Baricitinib,9,0,8,1,-0.33437303157411513,-0.4616209802425204,1.4757474260324699,-0.5604179858098524,0.8233367617343818,0.0018509729552685316,0.3125,.YYGSYFK.,sp|Q13043|STK4_HUMAN,0.724,0.19287736445025602,0.4300322117167223,0.04015682369033549,0.4135183968462549,decreasing,decreasing,False,True,False,True
.FSLQFHR.,Baricitinib,9,0,8,1,-0.5092245360600671,-0.8224788769707345,2.874964358794216,-0.9089177617664052,0.8828323930707367,0.0005264350420694269,0.3125,.FSLQFHR.,sp|Q13233|M3K1_HUMAN,0.682,0.15983999146800568,0.4300322117167223,0.04015682369033549,0.4135183968462549,decreasing,decreasing,False,True,False,True
.C+57.021PFTGNVSIR.,Baricitinib,8,1,7,1,-0.6382840842550763,-0.6190784801066437,1.8939788981915768,-0.7524087019459478,0.8438830204507805,0.0034705781872780665,0.296875,.CPFTGNVSIR.,sp|P62280|RS11_HUMAN,0.724,0.2050632837371054,0.425268553274022,0.04015682369033549,0.4135183968462549,decreasing,decreasing,False,True,False,True
.DVKPENFLIGRPGNK.,Baricitinib,9,0,8,1,-0.34209011839880255,-0.6017161070269745,2.0612995418344617,-0.6809357323672229,0.8355190613171979,0.0014859227431001695,0.3125,.DVKPENFLIGRPGNK.,sp|Q9Y6M4|KC1G3_HUMAN,0.592,0.1879522011022449,0.4300322117167223,0.04015682369033549,0.4135183968462549,decreasing,decreasing,False,True,False,True
.EITQLSHLGQGTR.,Baricitinib,9,0,8,1,-0.3301585019577704,-0.2390686258078869,1.1491743667437149,-0.5559002460708765,0.7897312042736365,0.0031681855731778624,0.3125,.EITQLSHLGQGTR.,sp|P29597|TYK2_HUMAN,0.464,0.20372708865576777,0.4300322117167223,0.04015682369033549,0.4135183968462549,decreasing,decreasing,False,True,False,True
.EVKNEVEKLPR.,Baricitinib,9,0,8,1,-0.09771209522433999,-0.3842353296712666,1.5172525674212345,-0.529253505613677,0.8148668063053561,0.002138150406765719,0.3125,.EVKNEVEKLPR.,sp|O94804|STK10_HUMAN,0.492,0.1965607789730902,0.4300322117167223,0.04015682369033549,0.4135183968462549,decreasing,decreasing,False,True,False,True
.ALTQPLGLLR.,Baricitinib,9,0,8,1,-0.2796228383194439,-0.34705146666959097,1.1943453923136573,-0.45563308024286586,0.7879819628174726,0.003250500825748396,0.3125,.ALTQPLGLLR.,sp|Q96S97|MYADM_HUMAN,0.338,0.20407237740920303,0.4300322117167223,0.04015682369033549,0.4135183968462549,decreasing,decreasing,False,True,False,True
.DFNHINVELSLLGKK.,Baricitinib,9,0,8,1,-0.12457899396186001,-0.18240054622346058,0.6790911022920376,-0.2538757252280514,0.8302265696418284,0.0016377956944054574,0.3125,.DFNHINVELSLLGKK.,sp|P32969|RL9_HUMAN,0.37,0.18945087955328693,0.4300322117167223,0.04015682369033549,0.4135183968462549,decreasing,decreasing,False,True,False,True
.VTTVVATPGQGPDRPQEVSYTDTK.,Baricitinib,9,0,8,1,-0.05925371154968673,-0.2393587816523728,1.139094113654199,-0.32847395615495345,0.7862759980526041,0.0033321881140420144,0.3828125,.VTTVVATPGQGPDRPQEVSYTDTK.,sp|P49841|GSK3B_HUMAN,0.902,0.20474664865932515,0.5008288112926537,0.04015682369033549,0.4743546195652174,decreasing,decreasing,False,True,False,True
.LSSSQGTIETSLQDIDSR.,Baricitinib,9,0,8,1,-0.19522954963855632,-0.49589579258112204,1.6873436776147237,-0.6267946061631438,0.8086433671564344,0.002367651753472832,0.3828125,.LSSSQGTIETSLQDIDSR.,sp|Q9UHD2|TBK1_HUMAN,0.984,0.19972710307959976,0.5008288112926537,0.04015682369033549,0.4743546195652174,decreasing,decreasing,False,True,False,True
.LAYNEEQIHK.,Baricitinib,9,0,8,1,-0.22651040929408417,-0.33083615338402605,1.3347432779989958,-0.5420014732750642,0.8131966396852033,0.0021981698260260425,0.3828125,.LAYNEEQIHK.,sp|Q9UHD2|TBK1_HUMAN,0.878,0.19812027372608515,0.5008288112926537,0.04015682369033549,0.4743546195652174,decreasing,decreasing,False,True,False,True
.DLKPENLLIDHQGYIQVTDFGFAK.,Baricitinib,9,0,8,1,-0.23513029980918176,-0.4793899870766558,2.9983444432806508,-0.915348381686804,0.8240580940852125,0.0018278128315950839,0.3828125,.DLKPENLLIDHQGYIQVTDFGFAK.,sp|P22694|KAPCB_HUMAN,0.73,0.1922377964931204,0.5008288112926537,0.04015682369033549,0.4743546195652174,decreasing,decreasing,False,True,False,True
.LFQQILSGVDYC+57.021HR.,Baricitinib,9,0,8,1,-0.26295720489952856,-0.5427435880887206,2.441213065408917,-0.8225813245664049,0.9495834166471612,4.082789923900733e-05,0.3828125,.LFQQILSGVDYCHR.,sp|Q13131|AAPK1_HUMAN,0.916,0.12215971790461407,0.5008288112926537,0.04015682369033549,0.4743546195652174,decreasing,decreasing,False,True,False,True
.YFDSC+57.021NGDLDPEIVK.,Baricitinib,9,0,8,1,0.657864711401686,0.40873230137602246,1.813400190492846,-0.7432592481513227,0.8381343713893964,0.0014145576160612945,0.3828125,.YFDSCNGDLDPEIVK.,sp|Q00535|CDK5_HUMAN,0.784,0.18466289167759858,0.5008288112926537,0.04015682369033549,0.4743546195652174,decreasing,increasing,False,True,False,True
.TRYPILENPEILR.,Baricitinib,9,0,8,1,-0.17272381515731183,-0.5288355847917763,1.9945927552212765,-0.6628926036771254,0.7878498070786933,0.003256779004491096,0.3828125,.TRYPILENPEILR.,sp|P51946|CCNH_HUMAN,0.902,0.20407237740920303,0.5008288112926537,0.04015682369033549,0.4743546195652174,decreasing,decreasing,False,True,False,True
.DSGGREDLVYNIIC+57.021K.,Baricitinib,9,0,8,1,-0.1928737017094999,-0.5392579095272025,2.0514551232269724,-0.7873159537905559,0.8975530049366451,0.00034976971993762074,0.3828125,.DSGGREDLVYNIICK.,sp|P29323|EPHB2_HUMAN,0.816,0.1496796378801781,0.5008288112926537,0.04015682369033549,0.4743546195652174,decreasing,decreasing,False,True,False,True
.RVEISAPSNFEHR.,Baricitinib,9,0,8,1,-0.1845831318960709,-0.29462477411843224,1.8099061965564296,-0.7774991580991311,0.8003110990799005,0.0027006603529744376,0.3828125,.RVEISAPSNFEHR.,sp|O96013|PAK4_HUMAN,0.942,0.20155691008045595,0.5008288112926537,0.04015682369033549,0.4743546195652174,decreasing,decreasing,False,True,False,True
.TPPEAIALC+57.021SSLLEYTPSSR.,Baricitinib,9,0,8,1,-0.30739018733039103,-0.663308050234654,2.5471262413086215,-0.7697240030264898,0.7910032383904663,0.003109236676823163,0.3828125,.TPPEAIALCSSLLEYTPSSR.,sp|P49840|GSK3A_HUMAN,0.776,0.20372708865576777,0.5008288112926537,0.04015682369033549,0.4743546195652174,decreasing,decreasing,False,True,False,True
.ELLNPVVEFVSHPSTTC+57.021R.,Baricitinib,9,0,8,1,-0.17231917539730546,-0.44117279493833905,1.9621710380911566,-0.6862288872377303,0.8106281201427296,0.0022927126215901926,0.3828125,.ELLNPVVEFVSHPSTTCR.,sp|P78527|PRKDC_HUMAN,0.744,0.19934384008673092,0.5008288112926537,0.04015682369033549,0.4743546195652174,decreasing,decreasing,False,True,False,True
.ADHQPLTEASYVNLPTIALC+57.021NTDSPLR.,Baricitinib,9,0,8,1,-0.29962355569536925,-0.6392532066138288,1.9569030276107817,-0.7329952379873277,0.8303009439779461,0.0016355910653941162,0.3828125,.ADHQPLTEASYVNLPTIALCNTDSPLR.,sp|P08865|RSSA_HUMAN,0.734,0.18945087955328693,0.5008288112926537,0.04015682369033549,0.4743546195652174,decreasing,decreasing,False,True,False,True
.ILSGVVTK.,Baricitinib,9,0,8,1,-0.14714598157820902,-0.4217361093739571,1.575937019064792,-0.6039267559393598,0.7881780063646914,0.0032412029727938115,0.3828125,.ILSGVVTK.,sp|P62280|RS11_HUMAN,0.89,0.20407237740920303,0.5008288112926537,0.04015682369033549,0.4743546195652174,decreasing,decreasing,False,True,False,True
.ELQIC+57.021PATAGSGPAATQDFSK.,Baricitinib,9,0,8,1,-0.13831610333250133,-0.453848259133975,1.9163375639344693,-0.7094918453298339,0.8527192428257497,0.001058935118547214,0.3828125,.ELQICPATAGSGPAATQDFSK.,sp|P00519|ABL1_HUMAN,0.804,0.17597768927838076,0.5008288112926537,0.04015682369033549,0.4743546195652174,decreasing,decreasing,False,True,False,True
.VPQFSFSR.,Baricitinib,9,0,8,1,-0.21197800486897656,-0.5345514147776806,2.129687960758851,-0.6617977005266928,0.7856822027576482,0.0033609498610606987,0.3828125,.VPQFSFSR.,sp|P27708|PYR1_HUMAN,0.758,0.2050632837371054,0.5008288112926537,0.04015682369033549,0.4743546195652174,decreasing,decreasing,False,True,False,True
.FIGVLYK.,Baricitinib,9,0,8,1,-0.27247486744644434,-0.4119031475523305,1.5433910665720845,-0.6548474079827937,0.7829133861085692,0.003497327108696174,0.3828125,.FIGVLYK.,sp|P53671|LIMK2_HUMAN,0.606,0.2050632837371054,0.5008288112926537,0.04015682369033549,0.4743546195652174,decreasing,decreasing,False,True,False,True
.SILLSVPLLVVDNK.,Baricitinib,8,1,7,1,0.29963869386666886,0.15406297675108555,0.7100967529606983,0.2999684613913419,0.8811002301433093,0.0017307191921214998,0.375,.SILLSVPLLVVDNK.,sp|P53621|COPA_HUMAN,0.474,0.1902893379567952,0.5008288112926537,0.04015682369033549,0.4743546195652174,increasing,increasing,False,True,False,True
.IYIGDQVQK.,Baricitinib,8,1,7,1,-0.42590743720086977,-0.34041360867121134,1.4522030045493004,-0.6172136976099769,0.8770445492895617,0.0018851302051391874,0.375,.IYIGDQVQK.,sp|Q9UIA9|XPO7_HUMAN,0.214,0.1932812901984658,0.5008288112926537,0.04015682369033549,0.4743546195652174,decreasing,decreasing,False,True,False,True
.TQHLSNDHIC+57.021YFLYQILR.,Baricitinib,9,0,8,1,-0.3707447990309962,-0.2013321674091606,1.0579349988960054,-0.41499570487581755,0.842195836818756,0.0013084264214177268,0.4609375,.TQHLSNDHICYFLYQILR.,sp|P28482|MK01_HUMAN,0.864,0.18255401775131008,0.5832049128107661,0.04015682369033549,0.545280612244898,decreasing,decreasing,False,True,False,True
.VASEAPLEHKPQVEASSPR.,Baricitinib,9,0,8,1,-0.15873810262997168,-0.4470284520642873,2.016719362548134,-0.6296073368066241,0.8041945102244566,0.002541707836525976,0.4609375,.VASEAPLEHKPQVEASSPR.,sp|Q8TD19|NEK9_HUMAN,0.986,0.19993549870553037,0.5832049128107661,0.04015682369033549,0.545280612244898,decreasing,decreasing,False,True,False,True
.FTLSGGNWNTVSETAK.,Baricitinib,9,0,8,1,-0.034192409347330255,-0.3136824268287599,1.0842623809250505,-0.39757059108501647,0.8154468340954398,0.002117572234386938,0.4609375,.FTLSGGNWNTVSETAK.,sp|Q15418|KS6A1_HUMAN,0.97,0.19650112880211518,0.5832049128107661,0.04015682369033549,0.545280612244898,decreasing,decreasing,False,True,False,True
.QLYQTLTDYDIR.,Baricitinib,9,0,8,1,-0.09755423589520973,-0.3614652818347883,2.232410525844301,-0.792371053655126,0.8423997112411206,0.00130324705170335,0.4609375,.QLYQTLTDYDIR.,sp|P68400|CSK21_HUMAN,0.66,0.18255401775131008,0.5832049128107661,0.04015682369033549,0.545280612244898,decreasing,decreasing,False,True,False,True
.SDEVTQEISDETR.,Baricitinib,9,0,8,1,-0.07813708357098115,-0.15043074346764884,0.7482017737446576,-0.34056450526604576,0.837478354931613,0.001432233556237789,0.4609375,.SDEVTQEISDETR.,sp|Q9Y4K4|M4K5_HUMAN,0.696,0.18466289167759858,0.5832049128107661,0.04015682369033549,0.545280612244898,decreasing,decreasing,False,True,False,True
.KTGDLFAIK.,Baricitinib,9,0,8,1,-0.08178796216945905,-0.5617030080496952,2.3126330523548866,-0.7761548587086267,0.8451933485895505,0.0012336777474951657,0.4609375,.KTGDLFAIK.,sp|Q9UHD2|TBK1_HUMAN,0.688,0.18161835327682113,0.5832049128107661,0.04015682369033549,0.545280612244898,decreasing,decreasing,False,True,False,True
.GGGFGGGSSFGGGSGFSGGGFGGGGFGGGR.,Baricitinib,9,0,8,1,-0.08737278079328092,-0.15834607552807034,1.1581540554350482,-0.5787825130104586,0.837971310439711,0.001418937193951246,0.4609375,.GGGFGGGSSFGGGSGFSGGGFGGGGFGGGR.,sp|P35908|K22E_HUMAN,0.7,0.18466289167759858,0.5832049128107661,0.04015682369033549,0.545280612244898,decreasing,decreasing,False,True,False,True
.RLVLEPGR.,Baricitinib,9,0,8,1,-0.05461630334514389,-0.38341399759712935,1.8004285757448777,-0.6358305021108476,0.8208448564975823,0.0019325275498603034,0.4609375,.RLVLEPGR.,sp|Q9UHD2|TBK1_HUMAN,0.74,0.1932812901984658,0.5832049128107661,0.04015682369033549,0.545280612244898,decreasing,decreasing,False,True,False,True
.LYC+57.021NGDGEWLVPIGR.,Baricitinib,8,1,7,1,-0.6356364259166654,-0.32206304075880815,1.4366278272652728,-0.6229455887605132,0.8458804802291455,0.003357885318727714,0.46875,.LYCNGDGEWLVPIGR.,sp|P29323|EPHB2_HUMAN,0.482,0.2050632837371054,0.5836483783307752,0.04015682369033549,0.545280612244898,decreasing,decreasing,False,True,False,True
.QVLQEALQGLQVALC+57.021SQAK.,Baricitinib,9,0,8,1,-0.19248106447331814,-0.3972153873452533,1.5459304729018015,-0.53221173182839,0.9164926596993264,0.00018798208753038447,0.4609375,.QVLQEALQGLQVALCSQAK.,sp|P07332|FES_HUMAN,0.408,0.1387920406528901,0.5832049128107661,0.04015682369033549,0.545280612244898,decreasing,decreasing,False,True,False,True
.VLC+57.021QGFAFDIPGFYDSGLLQGK.,Baricitinib,9,0,8,1,-0.11837799396805337,-0.13610712165946337,0.9083413005743424,-0.3458712516725697,0.8697127905719375,0.0007277941819474856,0.4609375,.VLCQGFAFDIPGFYDSGLLQGK.,sp|P16083|NQO2_HUMAN,0.362,0.16735003911732865,0.5832049128107661,0.04015682369033549,0.545280612244898,decreasing,decreasing,False,True,False,True
.SEDGEIVSTPR.,Baricitinib,9,0,8,1,-0.08545668860234557,-1.139599821519964,4.169050303018238,-1.2827239748213517,0.8192553981369659,0.001985812775956135,0.4609375,.SEDGEIVSTPR.,sp|Q12769|NU160_HUMAN,0.238,0.19422877691190898,0.5832049128107661,0.04015682369033549,0.545280612244898,decreasing,decreasing,False,True,False,True
.HYVVC+57.021STPQSQYYLAEK.,Baricitinib,9,0,8,1,0.22231013436728553,0.2063152125685419,1.3021850676067643,-0.577330830829929,0.8285181266719385,0.0016889992650456279,0.546875,.HYVVCSTPQSQYYLAEK.,sp|Q06187|BTK_HUMAN,0.846,0.18989622783734872,0.6608582996198585,0.04015682369033549,0.6173801849775785,decreasing,increasing,False,True,False,True
.VLTPEEQLADKLR.,Baricitinib,9,0,8,1,0.46922072525111425,0.17640897447573778,1.7967150161015013,-0.770903921172307,0.7979956920236014,0.0027986135633989388,0.546875,.VLTPEEQLADKLR.,sp|O75822|EIF3J_HUMAN,0.896,0.20211421730670545,0.6608582996198585,0.04015682369033549,0.6173801849775785,decreasing,increasing,False,True,False,True
.AANILVGENLVC+57.021K.,Baricitinib,9,0,8,1,-0.03567583607277314,-0.32912339558785586,1.8883934122239303,-0.6965045878500435,0.8181179663638735,0.0020245562843049167,0.546875,.AANILVGENLVCK.,sp|P12931|SRC_HUMAN,0.898,0.19473125618421852,0.6608582996198585,0.04015682369033549,0.6173801849775785,decreasing,decreasing,False,True,False,True
.IPEQILGK.,Baricitinib,9,0,8,1,-0.013698174179804568,-0.2866269819101679,1.613087107552893,-0.6575795569494605,0.7885031549916185,0.00322582243325095,0.546875,.IPEQILGK.,sp|Q02750|MP2K1_HUMAN,0.904,0.20403359793437853,0.6608582996198585,0.04015682369033549,0.6173801849775785,decreasing,decreasing,False,True,False,True
.TPPEAIALC+57.021SR.,Baricitinib,9,0,8,1,0.4611916092193873,0.24446226816849492,1.4846226432422256,-0.6306086674221104,0.8831808021883447,0.0005216772887408645,0.546875,.TPPEAIALCSR.,sp|P49841|GSK3B_HUMAN,0.506,0.15915160812743628,0.6608582996198585,0.04015682369033549,0.6173801849775785,decreasing,increasing,False,True,False,True
.C+57.021GDNVQYAPR.,Baricitinib,9,0,8,1,-0.012168648432128393,-0.24804108302899497,1.4385697338306933,-0.6273899860071148,0.7861730720268771,0.0033371613482728675,0.546875,.CGDNVQYAPR.,sp|P29323|EPHB2_HUMAN,0.838,0.20479781242723677,0.6608582996198585,0.04015682369033549,0.6173801849775785,decreasing,decreasing,False,True,False,True
.SHLSESC+57.021SIESDIYAEIPDETLR.,Baricitinib,9,0,8,1,-0.11265420275169191,-0.14818331612619895,1.5473921662560066,-0.5628968741601397,0.8128902234122467,0.0022093052769198112,0.546875,.SHLSESCSIESDIYAEIPDETLR.,sp|Q14289|FAK2_HUMAN,0.498,0.19812027372608515,0.6608582996198585,0.04015682369033549,0.6173801849775785,decreasing,decreasing,False,True,False,True
.EVLEHPWITANSSKPSNC+57.021QNK.,Baricitinib,9,0,8,1,-0.023124100783654455,-0.32099806267666553,1.6622377365743333,-0.5862344885354511,0.8813013906845742,0.0005476907134936348,0.546875,.EVLEHPWITANSSKPSNCQNK.,sp|O14965|AURKA_HUMAN,0.766,0.16099289211658632,0.6608582996198585,0.04015682369033549,0.6173801849775785,decreasing,decreasing,False,True,False,True
.HINEVYYAK.,Baricitinib,9,0,8,1,-0.0028518622280682138,-0.5879768524776892,2.7317037210097617,-1.0676171776366559,0.809113791486825,0.0023497399881636906,0.546875,.HINEVYYAK.,sp|Q13627|DYR1A_HUMAN,0.464,0.19972710307959976,0.6608582996198585,0.04015682369033549,0.6173801849775785,decreasing,decreasing,False,True,False,True
.IADFGLAK.,Baricitinib,9,0,8,1,-0.11197523222901751,-0.376311675830435,1.9055973599848777,-0.6406100240684961,0.822807064067816,0.0018681075725762745,0.546875,.IADFGLAK.,sp|P50613|CDK7_HUMAN,0.716,0.1932812901984658,0.6608582996198585,0.04015682369033549,0.6173801849775785,decreasing,decreasing,False,True,False,True
.GGAHLTESVAAPDSGASSPAAAEPGEK.,Baricitinib,9,0,8,1,-0.03904345462831671,-0.5040195077382421,2.474402628970811,-0.8421486574161032,0.8618340316336286,0.000870864387023023,0.546875,.GGAHLTESVAAPDSGASSPAAAEPGEK.,sp|Q13233|M3K1_HUMAN,0.64,0.171950980201941,0.6608582996198585,0.04015682369033549,0.6173801849775785,decreasing,decreasing,False,True,False,True
.VPVASPSAHNISSSGGAPDR.,Baricitinib,8,1,7,1,-0.29258112295859107,-0.8432242194209749,3.5630163790906977,-1.204894581602061,0.90242990328876,0.0010469784341961429,0.578125,.VPVASPSAHNISSSGGAPDR.,sp|Q7KZI7|MARK2_HUMAN,0.978,0.17548188206881613,0.6876835392578704,0.04015682369033549,0.6435208640383199,decreasing,decreasing,False,True,False,True
.VQHVVQESPPAFLSGLAQR.,Baricitinib,8,1,7,1,0.07784691132058796,-0.6166214366991062,2.0674139986362654,-0.6663177613350733,0.8796075382789494,0.0017866062201014547,0.578125,.VQHVVQESPPAFLSGLAQR.,sp|P18074|ERCC2_HUMAN,0.612,0.19101407991548144,0.6876835392578704,0.04015682369033549,0.6435208640383199,decreasing,increasing,False,True,False,True
.GPPTYNEHITK.,Baricitinib,8,1,7,1,0.11425285132541774,-0.5840717358176418,2.535319891614872,-1.0788222298059311,0.8557680484886891,0.002833539194887249,0.578125,.GPPTYNEHITK.,sp|O14578|CTRO_HUMAN,0.648,0.20211421730670545,0.6876835392578704,0.04015682369033549,0.6435208640383199,decreasing,increasing,False,True,False,True
.QYYAYLTDTQC+57.021K.,Baricitinib,8,1,7,1,0.3295654928376379,0.17276614127228893,1.258879077475008,-0.6499867936484921,0.9540551229783648,0.00015621905180245694,0.578125,.QYYAYLTDTQCK.,sp|P48651|PTSS1_HUMAN,0.348,0.13188768805507703,0.6876835392578704,0.04015682369033549,0.6435208640383199,decreasing,increasing,False,True,False,True
.LSPLEAC+57.021AHSFFDELR.,Baricitinib,9,0,8,1,0.031904644155218875,-0.2652887845600711,1.7603377837892715,-0.5433946370303049,0.8719384958719201,0.000690483054386859,0.640625,.LSPLEACAHSFFDELR.,sp|P49840|GSK3A_HUMAN,0.94,0.16664775502172702,0.7392294231725897,0.04015682369033549,0.6969132607129996,decreasing,increasing,False,True,False,True
.LGLDSEEDYYTPQK.,Baricitinib,9,0,8,1,0.14134067152913232,-0.11528350466787396,1.418088162179025,-0.5394526904927359,0.7927506083451218,0.0030294976264708413,0.640625,.LGLDSEEDYYTPQK.,sp|Q8TD19|NEK9_HUMAN,0.938,0.20357646252330674,0.7392294231725897,0.04015682369033549,0.6969132607129996,decreasing,increasing,False,True,False,True
.NHQDPLAVAYHLIIDNRR.,Baricitinib,9,0,8,1,0.03176190891452002,-0.2871022232914453,1.4265636824444599,-0.48020922737164984,0.7892516448255962,0.003190607857076188,0.640625,.NHQDPLAVAYHLIIDNRR.,sp|Q13131|AAPK1_HUMAN,0.854,0.20372708865576777,0.7392294231725897,0.04015682369033549,0.6969132607129996,decreasing,increasing,False,True,False,True
.SIQFVDWC+57.021PTGFK.,Baricitinib,9,0,8,1,-0.08202966006096624,-0.2480251181215971,1.6543806943287613,-0.5888508305015653,0.828749652065112,0.001681997000377011,0.640625,.SIQFVDWCPTGFK.,sp|P68363|TBA1B_HUMAN,0.948,0.18989622783734872,0.7392294231725897,0.04015682369033549,0.6969132607129996,decreasing,decreasing,False,True,False,True
.LIDTVKDPVSK.,Baricitinib,9,0,8,1,0.09966440716094738,-0.29190767484649927,2.266034952773399,-0.7366098192235855,0.889135142866269,0.0004448055067013327,0.640625,.LIDTVKDPVSK.,sp|P19784|CSK22_HUMAN,0.878,0.1533954719100028,0.7392294231725897,0.04015682369033549,0.6969132607129996,decreasing,increasing,False,True,False,True
.TTPC+57.021SSAIINPLSTAGNSER.,Baricitinib,9,0,8,1,0.020805137764554615,-0.46227271772705114,2.4739740970335298,-0.8062546033324165,0.7928602988629274,0.0030245395445093015,0.640625,.TTPCSSAIINPLSTAGNSER.,sp|O43353|RIPK2_HUMAN,0.958,0.20335447904678158,0.7392294231725897,0.04015682369033549,0.6969132607129996,decreasing,increasing,False,True,False,True
.GLSSLLC+57.021NFTK.,Baricitinib,9,0,8,1,0.06913781185732937,-0.20357229771752872,1.683147871044234,-0.6736040737701787,0.8286207734736443,0.0016858923549043715,0.640625,.GLSSLLCNFTK.,sp|P78527|PRKDC_HUMAN,0.62,0.18989622783734872,0.7392294231725897,0.04015682369033549,0.6969132607129996,decreasing,increasing,False,True,False,True
.LC+57.021DFGLAR.,Baricitinib,9,0,8,1,-0.0011507860257378155,-0.19128543920882057,1.3965021003850246,-0.5734056201626855,0.8570590173614671,0.0009662688555126817,0.640625,.LCDFGLAR.,sp|P28482|MK01_HUMAN,0.43,0.17529814876961214,0.7392294231725897,0.04015682369033549,0.6969132607129996,decreasing,decreasing,False,True,False,True
.YGSQVEDQREC+57.021VSR.,Baricitinib,9,0,8,1,0.09680554871129488,-0.27194932922000303,1.4191964653428712,-0.5921474388755729,0.7959059797134849,0.002889092883307134,0.640625,.YGSQVEDQRECVSR.,sp|P08069|IGF1R_HUMAN,0.772,0.20220538425134058,0.7392294231725897,0.04015682369033549,0.6969132607129996,decreasing,increasing,False,True,False,True
.ITESRPTPAPTATPTAPSPLQATAGPSYPR.,Baricitinib,9,0,8,1,-0.0186918904469362,-0.1349017669436532,1.5696460929831204,-0.6665714281116427,0.8158478070896187,0.002103426212868414,0.640625,.ITESRPTPAPTATPTAPSPLQATAGPSYPR.,sp|O00330|ODPX_HUMAN,0.432,0.19572974314294042,0.7392294231725897,0.04015682369033549,0.6969132607129996,decreasing,decreasing,False,True,False,True
.ISAAAALR.,Baricitinib,9,0,8,1,-0.0020594905147834908,-0.1364678526137011,1.1710796797640661,-0.5271437956829824,0.8264395298916518,0.001752760146747427,0.640625,.ISAAAALR.,sp|Q13164|MK07_HUMAN,0.286,0.19077514931245249,0.7392294231725897,0.04015682369033549,0.6969132607129996,decreasing,decreasing,False,True,False,True
.TQTESSTPPGIPGGSR.,Baricitinib,8,1,7,1,0.18860590708830927,-0.22700179490003083,1.5900328537680082,-0.7609844120587995,0.866352296600679,0.0023319958505960965,0.6875,.TQTESSTPPGIPGGSR.,sp|O15530|PDPK1_HUMAN,0.788,0.19972710307959976,0.7829131572083889,0.04015682369033549,0.7391236654804271,decreasing,increasing,False,True,False,True
.SQGC+57.021SEQVLTVLK.,Baricitinib,8,1,7,1,0.148393762608233,-0.32784652260704256,1.8851089058669146,-0.8682842001997797,0.8602054741583998,0.002615908120905175,0.6875,.SQGCSEQVLTVLK.,sp|P78527|PRKDC_HUMAN,0.636,0.20037654046381115,0.7829131572083889,0.04015682369033549,0.7391236654804271,decreasing,increasing,False,True,False,True
.AANILVSDTLSC+57.021K.,Baricitinib,9,0,8,1,0.1060257435846399,-0.10916662288809587,1.2689121706862636,-0.5865903967033156,0.8922101790824608,0.00040829210352760965,0.7421875,.AANILVSDTLSCK.,sp|P06239|LCK_HUMAN,0.826,0.15186184214926668,0.8194615531218623,0.04015682369033549,0.7847911926846343,decreasing,increasing,False,True,False,True
.VDTIAADESFSQVDLGGR.,Baricitinib,9,0,8,1,0.006318554055855685,-0.18609162635345378,0.9382377957305117,-0.3534943132143727,0.7955593847292685,0.002904291632836951,0.7421875,.VDTIAADESFSQVDLGGR.,sp|P29323|EPHB2_HUMAN,0.776,0.20220538425134058,0.8194615531218623,0.04015682369033549,0.7847911926846343,decreasing,increasing,False,True,False,True
.DLKPSNILYVDESGNPEC+57.021LR.,Baricitinib,9,0,8,1,0.23458620898409954,-0.37559531134019153,2.68011704748071,-1.0322342829343738,0.873604918398829,0.000663413529223011,0.7421875,.DLKPSNILYVDESGNPECLR.,sp|Q15418|KS6A1_HUMAN,0.926,0.1660311794340317,0.8194615531218623,0.04015682369033549,0.7847911926846343,decreasing,increasing,False,True,False,True
.C+57.021GQLGVGNYK.,Baricitinib,9,0,8,1,-0.19107791427985887,-0.25276648223148923,1.9551127761324487,-0.6833721583002514,0.8262935747530634,0.0017572982159004436,0.7421875,.CGQLGVGNYK.,sp|Q8TD19|NEK9_HUMAN,0.918,0.19077514931245249,0.8194615531218623,0.04015682369033549,0.7847911926846343,decreasing,decreasing,False,True,False,True
.LC+57.021DFGSAK.,Baricitinib,9,0,8,1,0.1301732932415849,-0.38016561191700626,2.543108241455723,-0.9267039662454022,0.8873173270450733,0.00046739726074293585,0.7421875,.LCDFGSAK.,sp|P49841|GSK3B_HUMAN,0.91,0.15421888872338235,0.8194615531218623,0.04015682369033549,0.7847911926846343,decreasing,increasing,False,True,False,True
.ILC+57.021HEQQDREEAQR.,Baricitinib,9,0,8,1,0.20127698177634912,-0.38622339750421597,1.966660300511883,-0.80145743393254,0.8108003166002482,0.0022862887386648208,0.7421875,.ILCHEQQDREEAQR.,sp|O75716|STK16_HUMAN,0.62,0.1993437542825104,0.8194615531218623,0.04015682369033549,0.7847911926846343,decreasing,increasing,False,True,False,True
.AGDVFHVAR.,Baricitinib,9,0,8,1,-0.052912037281153346,-0.15278640070948946,1.5095637305356036,-0.7445587817644239,0.8766535931430425,0.0006157712551491952,0.7421875,.AGDVFHVAR.,sp|Q13882|PTK6_HUMAN,0.436,0.16197374850202487,0.8194615531218623,0.04015682369033549,0.7847911926846343,decreasing,decreasing,False,True,False,True
.EIDISC+57.021VK.,Baricitinib,9,0,8,1,0.03376255827749297,-0.21863752184845575,1.5690075656813889,-0.6493998077974129,0.7993207552892321,0.00274226313805455,0.7421875,.EIDISCVK.,sp|P29323|EPHB2_HUMAN,0.606,0.20202244785187873,0.8194615531218623,0.04015682369033549,0.7847911926846343,decreasing,increasing,False,True,False,True
.PLEAC+57.021AHSFFDELR.,Baricitinib,9,0,8,1,0.08562190271395842,-0.1497299577577622,1.6647415603578608,-0.6347897081032795,0.8485306385371343,0.0011539434118412184,0.7421875,.PLEACAHSFFDELR.,sp|P49841|GSK3B_HUMAN,0.274,0.18022361374871623,0.8194615531218623,0.04015682369033549,0.7847911926846343,decreasing,increasing,False,True,False,True
.ALQAAIQQLAEAQPEATAK.,Baricitinib,8,1,7,1,0.39290351042038196,-0.1394856018680117,1.829538376277256,-0.688765981964494,0.8443415002670617,0.003444507223789099,0.8125,.ALQAAIQQLAEAQPEATAK.,sp|Q92616|GCN1_HUMAN,0.398,0.2050632837371054,0.8851202357016011,0.04015682369033549,0.8519828184658105,decreasing,increasing,False,True,False,True
.TAVC+57.021DIPPR.,Baricitinib,9,0,8,1,0.1433868910544085,0.038584588743716175,1.6026008454819483,-0.8581454270286792,0.9107465915118736,0.00023005138834938962,0.84375,.TAVCDIPPR.,sp|P07437|TBB5_HUMAN,0.802,0.1448668929799207,0.8943235529312646,0.04015682369033549,0.8705494364754098,decreasing,increasing,False,True,False,True
.C+57.021YLHETLETIINR.,Baricitinib,9,0,8,1,0.1370004452185718,-0.08255953016566053,1.3639850141866248,-0.4876668434791864,0.8891014820892423,0.0004452169739696985,0.84375,.CYLHETLETIINR.,sp|P54619|AAKG1_HUMAN,0.866,0.1533954719100028,0.8943235529312646,0.04015682369033549,0.8705494364754098,decreasing,increasing,False,True,False,True
.QVC+57.021AGNTHFAVVTVEK.,Baricitinib,9,0,8,1,0.30727002618409394,-0.15243784697769058,1.856112543840453,-0.6443682790846886,0.8447388755112899,0.0012448184721670964,0.84375,.QVCAGNTHFAVVTVEK.,sp|Q8TD19|NEK9_HUMAN,0.94,0.18161835327682113,0.8943235529312646,0.04015682369033549,0.8705494364754098,decreasing,increasing,False,True,False,True
.NKEVYSWGC+57.021GEYGR.,Baricitinib,9,0,8,1,0.05501236047629199,-0.24268187571873057,2.0303323160401767,-0.7146920501795756,0.8590715234469039,0.0009252357657681529,0.84375,.NKEVYSWGCGEYGR.,sp|Q8TD19|NEK9_HUMAN,0.97,0.1734408704038376,0.8943235529312646,0.04015682369033549,0.8705494364754098,decreasing,increasing,False,True,False,True
.LLTFGC+57.021NK.,Baricitinib,9,0,8,1,0.5903062012784996,-0.039302829139283624,1.7732363698342333,-0.7563293368980758,0.7959999194311786,0.002884982924384858,0.84375,.LLTFGCNK.,sp|Q8TD19|NEK9_HUMAN,0.816,0.20220538425134058,0.8943235529312646,0.04015682369033549,0.8705494364754098,decreasing,increasing,False,True,False,True
.FSVC+57.021VLGDQQHC+57.021DEAK.,Baricitinib,9,0,8,1,0.42913547468180013,-0.017870406023163365,1.5505058337968833,-0.6846448130750762,0.8320104258811585,0.0015854755731481863,0.84375,.FSVCVLGDQQHCDEAK.,sp|P62906|RL10A_HUMAN,0.916,0.18939788932675017,0.8943235529312646,0.04015682369033549,0.8705494364754098,decreasing,increasing,False,True,False,True
.QLTSQDAKPTC+57.021LAEFK.,Baricitinib,9,0,8,1,0.28787323519621566,-0.039286886138846455,1.2842965744714192,-0.5865629945163702,0.8471784700103978,0.0011858119938863417,0.84375,.QLTSQDAKPTCLAEFK.,sp|Q14289|FAK2_HUMAN,0.754,0.18073075186588944,0.8943235529312646,0.04015682369033549,0.8705494364754098,decreasing,increasing,False,True,False,True
.VC+57.021FYSNSFNPGK.,Baricitinib,9,0,8,1,0.5477217447440577,0.0714094912346912,1.286107761086896,-0.6259527771568045,0.8008358548657155,0.002678793108168898,0.84375,.VCFYSNSFNPGK.,sp|Q14289|FAK2_HUMAN,0.86,0.20127670186163407,0.8943235529312646,0.04015682369033549,0.8705494364754098,decreasing,increasing,False,True,False,True
.TATYITELANALSYC+57.021HSK.,Baricitinib,9,0,8,1,0.20511242146540454,0.018713192173568594,1.3982552244677642,-0.5382414664178589,0.8054524059541612,0.002491632630468491,0.84375,.TATYITELANALSYCHSK.,sp|O14965|AURKA_HUMAN,0.44,0.19990639929990434,0.8943235529312646,0.04015682369033549,0.8705494364754098,decreasing,increasing,False,True,False,True
.LC+57.021DFGFAK.,Baricitinib,9,0,8,1,0.47694771808871117,0.12980426468277217,1.5565504469080054,-0.7179012122925695,0.8306157096823408,0.0016262831410757878,0.84375,.LCDFGFAK.,sp|Q15418|KS6A1_HUMAN,0.338,0.18945087955328693,0.8943235529312646,0.04015682369033549,0.8705494364754098,decreasing,increasing,False,True,False,True
.LLC+57.021GLLAER.,Baricitinib,9,0,8,1,0.24929795576086278,-0.01230246882302044,1.2970649691130696,-0.6701862267783527,0.8486610794210168,0.0011509003547904976,0.9453125,.LLCGLLAER.,sp|P14174|MIF_HUMAN,0.922,0.18022361374871623,0.9637759898015246,0.04015682369033549,0.9544749540441176,decreasing,increasing,False,True,False,True
.LC+57.021DSGELVAIKK.,Baricitinib,9,0,8,1,0.4897353136966043,-0.11274164945050869,2.417708621458278,-0.859180419755882,0.8562789300228438,0.0009825015146887985,0.9453125,.LCDSGELVAIKK.,sp|P49841|GSK3B_HUMAN,0.902,0.17529814876961214,0.9637759898015246,0.04015682369033549,0.9544749540441176,decreasing,increasing,False,True,False,True
.LVQLYGVC+57.021TK.,Baricitinib,9,0,8,1,0.07581845371233698,-0.09968910116344754,1.2608874239390495,-0.5505802352620592,0.837383430446567,0.0014348036625846925,0.9453125,.LVQLYGVCTK.,sp|Q06187|BTK_HUMAN,0.814,0.18466289167759858,0.9637759898015246,0.04015682369033549,0.9544749540441176,decreasing,increasing,False,True,False,True
.EGVLTGSPEQKEEAAK.,Baricitinib,8,1,7,1,0.2325094653594988,-0.14367572673203607,1.4583207343696785,-0.6354788975030855,0.8513472415758524,0.003061164745978049,0.9375,.EGVLTGSPEQKEEAAK.,sp|Q92616|GCN1_HUMAN,0.59,0.20372708865576777,0.9637759898015246,0.04015682369033549,0.9544749540441176,decreasing,increasing,False,True,False,True
.LTTVC+57.021PTSKPQTQGLAK.,Baricitinib,9,0,8,1,0.6191012959215438,0.05597183344564094,1.6262231191910423,-0.8033308346811451,0.8539130817024996,0.0010328658184151592,1.0,.LTTVCPTSKPQTQGLAK.,sp|P12931|SRC_HUMAN,0.942,0.17548188206881613,1.0,0.04015682369033549,1.0,decreasing,increasing,False,True,False,True
.LAEC+57.021YGLR.,Baricitinib,9,0,8,1,0.3936394174607738,-0.07210060262862061,1.935585586308953,-0.7013214137005097,0.8259561692704517,0.0017678196673497088,1.0,.LAECYGLR.,sp|Q14289|FAK2_HUMAN,0.712,0.19082040269033185,1.0,0.04015682369033549,1.0,decreasing,increasing,False,True,False,True
.SANILVGNGLIC+57.021K.,Baricitinib,9,0,8,1,0.1426444791022412,-0.0431145323831319,1.5281918852515162,-0.6792606449435322,0.7853843883769103,0.0033754393974505126,1.0,.SANILVGNGLICK.,sp|P06241|FYN_HUMAN,0.786,0.2050632837371054,1.0,0.04015682369033549,1.0,decreasing,increasing,False,True,False,True
.SQGGDGFYGR.,Baricitinib,8,1,8,0,,,,-1.2124806199928047,0.8687235731963951,0.0007448077637019465,,.SQGGDGFYGR.,sp|O75116|ROCK2_HUMAN,0.842,0.16735003911732865,,0.04015682369033549,,decreasing,flat,False,True,False,True
.NAAEYLLSSGINGSFLVR.,Baricitinib,8,1,8,0,,,,-0.26358985902316573,0.8554254082998313,0.0010004738369087428,,.NAAEYLLSSGINGSFLVR.,sp|P00519|ABL1_HUMAN,0.526,0.17548188206881613,,0.04015682369033549,,decreasing,flat,False,True,False,True
.RPPSSSSSSSASSYTGRPIELDK.,Baricitinib,9,0,8,1,-0.22808431301520748,-0.5076218611203953,2.565186762378673,-0.7400314846280334,0.7823262871023876,0.0035267271108705475,0.3828125,.RPPSSSSSSSASSYTGRPIELDK.,sp|Q9BZL6|KPCD2_HUMAN,0.904,0.20531453475947484,0.5008288112926537,0.04020993326780658,0.4743546195652174,decreasing,decreasing,False,True,False,True
.HDPTSANLLQLVR.,Baricitinib,9,0,8,1,-0.3757458915929117,-0.6636843537105404,3.066945324191682,-0.8013629537798913,0.7815881746561716,0.003563930818709805,0.3125,.HDPTSANLLQLVR.,sp|Q9BZL6|KPCD2_HUMAN,0.916,0.20594351054101084,0.4300322117167223,0.04033422812170838,0.4135183968462549,decreasing,decreasing,False,True,False,True
.DILPC+57.021LDGYLK.,Baricitinib,9,0,8,1,0.19808606229330117,0.045600479927949245,0.717564219402,-0.32766503463371155,0.7818348373992094,0.0035514680845688015,0.84375,.DILPCLDGYLK.,sp|P78527|PRKDC_HUMAN,0.782,0.2057906031675837,0.8943235529312646,0.04033422812170838,0.8705494364754098,decreasing,increasing,False,True,False,True
.GVDLQENNPASR.,AZD-1480,9,0,8,1,-1.862499664762744,-1.723846738665474,2.1896034648371483,0.27712992124168423,0.9132784316930389,0.00021080798119295295,0.0078125,.GVDLQENNPASR.,sp|P51148|RAB5C_HUMAN,0.784,0.14001106448248798,0.03868310569675138,0.040338727224745644,0.01901392743854084,increasing,decreasing,False,True,True,True
.ELNITAAK.,AZD-1480,9,0,8,1,-1.3475724021677102,-1.2442403585486987,1.6896657676146205,0.2661325121630581,0.914644593096874,0.00020089042011881065,0.0078125,.ELNITAAK.,sp|P62081|RS7_HUMAN,0.71,0.1387920406528901,0.03868310569675138,0.040338727224745644,0.01901392743854084,increasing,decreasing,False,True,True,True
.LFQQILSGVDYC+57.021HR.,AZD-1480,8,1,7,1,0.3139928056462722,0.2799046171481819,1.1112723585013136,-0.4081792846489871,0.9484194164702942,0.0002090581187494091,0.21875,.LFQQILSGVDYCHR.,sp|Q13131|AAPK1_HUMAN,0.916,0.14001106448248798,0.3350457828217694,0.040338727224745644,0.2580106648731745,decreasing,increasing,False,True,False,True
.AFFALVTNGVR.,BMS-754807,9,0,8,1,-0.5153825253858901,-0.9540285097090098,3.048534797973865,-0.744894356002249,0.8798955362307357,0.0005677145937350289,0.0078125,.AFFALVTNGVR.,sp|P54619|AAKG1_HUMAN,0.95,0.1617939663657033,0.03868310569675138,0.040467405884675026,0.017873317805383024,decreasing,decreasing,False,True,True,True
.YFSLPFC+57.021VGSK.,Baricitinib,9,0,8,1,0.5568437725759026,0.33634657320281436,0.962880517867692,-0.38312168284072295,0.7808750467960244,0.0036001316395557546,0.25,.YFSLPFCVGSK.,sp|Q9HD45|TM9S3_HUMAN,0.838,0.2065722233605063,0.366234778661509,0.04059413139160845,0.3705839057899902,decreasing,increasing,False,True,False,True
.KKELEEIVQPIISK.,Baricitinib,9,0,8,1,-0.3597095469026179,-0.6556077191801855,1.686423270360688,-0.49827583987925816,0.7787897273850305,0.003707445138737768,0.0390625,.KKELEEIVQPIISK.,sp|P11021|BIP_HUMAN,0.938,0.20765875152793112,0.09198604700041242,0.040832258240740806,0.17586857302533532,decreasing,decreasing,False,True,False,True
.SVVGTPAYLAPEVLLNQGYNR.,Baricitinib,9,0,8,1,-0.9664668057327184,-1.1328095833510443,3.310845159297095,-0.888784396974391,0.7790842198025028,0.0036921579882383954,0.109375,.SVVGTPAYLAPEVLLNQGYNR.,sp|Q9BZL6|KPCD2_HUMAN,0.844,0.20765875152793112,0.19579115469486683,0.040832258240740806,0.2443948779585799,decreasing,decreasing,False,True,False,True
.THASPADLC+57.021HYHSQESDGLVC+57.021LLK.,Baricitinib,8,1,7,1,0.6702916132532231,0.5192487032491141,1.5982580101697828,-0.6781650701778158,0.8397575739121762,0.003710693184439404,0.15625,.THASPADLCHYHSQESDGLVCLLK.,sp|P43405|KSYK_HUMAN,0.448,0.20765875152793112,0.25926808208613233,0.040832258240740806,0.29465121722846443,decreasing,increasing,False,True,False,True
.LGLDSEEDYYTPQKVDVPK.,Baricitinib,9,0,8,1,-0.10812493363642339,-0.643853571121995,2.359632239172626,-0.7190173684960713,0.7786551788925472,0.0037144440981958537,0.3125,.LGLDSEEDYYTPQKVDVPK.,sp|Q8TD19|NEK9_HUMAN,0.968,0.20765875152793112,0.4300322117167223,0.040832258240740806,0.4135183968462549,decreasing,decreasing,False,True,False,True
.IVFVPGC+57.021SIPLTIVK.,Baricitinib,9,0,8,1,0.31482314331931605,0.15880616399569947,0.965605162157761,-0.4087137369635878,0.7786716838761885,0.0037135850494051112,0.546875,.IVFVPGCSIPLTIVK.,sp|P54136|SYRC_HUMAN,0.446,0.20765875152793112,0.6608582996198585,0.040832258240740806,0.6173801849775785,decreasing,increasing,False,True,False,True
.GGELLEHIR.,Baricitinib,9,0,8,1,0.01471678822989908,-0.2812155385315118,2.0644306635246608,-0.6588157137602366,0.7799007436444703,0.003649999829393638,0.640625,.GGELLEHIR.,sp|O75676|KS6A4_HUMAN,0.722,0.20704169131956304,0.7392294231725897,0.040832258240740806,0.6969132607129996,decreasing,increasing,False,True,False,True
.TPALVFEYINNTDFK.,Baricitinib,8,1,8,0,,,,-0.575978049253657,0.7787641269310956,0.0037087761239980458,,.TPALVFEYINNTDFK.,sp|P19784|CSK22_HUMAN,0.852,0.20765875152793112,,0.040832258240740806,,decreasing,flat,False,True,False,True
.SIVETILIYK.,Baricitinib,9,0,8,1,-0.7798616664899019,-0.9184211682878378,2.081164007598062,-0.5486805350278765,0.7774099516963231,0.00377965211778163,0.0078125,.SIVETILIYK.,sp|Q99683|M3K5_HUMAN,0.62,0.20896731426933488,0.03868310569675138,0.041279698309280875,0.13564116379310345,decreasing,decreasing,False,True,False,True
.LFGGFNSSDTVTSPQR.,Baricitinib,9,0,8,1,-0.4553067698404263,-0.4760404060083605,1.148132186592374,-0.3706251969199547,0.7755917141606361,0.0038762807672229837,0.078125,.LFGGFNSSDTVTSPQR.,sp|P12931|SRC_HUMAN,0.974,0.2099384676910879,0.152056647743661,0.041279698309280875,0.2132029132791328,decreasing,decreasing,False,True,False,True
.DLKPSNILYVDESGNPESIR.,Baricitinib,9,0,8,1,-0.6471479847585826,-0.9153660641514074,2.300531158474268,-0.7608812637657567,0.7766160799528052,0.003821634502688294,0.1484375,.DLKPSNILYVDESGNPESIR.,sp|P51812|KS6A3_HUMAN,0.94,0.20980210629059673,0.2520403589687868,0.041279698309280875,0.2915667669050715,decreasing,decreasing,False,True,False,True
.KEGYIPSNYVAR.,Baricitinib,8,1,7,1,-0.8290495894656615,-0.9830708197622131,2.346274570932671,-0.7387727846810511,0.8385591004452149,0.003782328013327238,0.21875,.KEGYIPSNYVAR.,sp|P08631|HCK_HUMAN,0.708,0.20903015533501132,0.3350457828217694,0.041279698309280875,0.3619078587075575,decreasing,decreasing,False,True,False,True
.SVVGTPAYLAPEVLR.,Baricitinib,9,0,8,1,-0.6591441332506509,-0.705431105390876,2.382812747100612,-0.7285656884928434,0.7758051844783396,0.00386484864374615,0.25,.SVVGTPAYLAPEVLR.,sp|O94806|KPCD3_HUMAN,0.698,0.2099384676910879,0.366234778661509,0.041279698309280875,0.3705839057899902,decreasing,decreasing,False,True,False,True
.VSSGFSGVIR.,Baricitinib,9,0,8,1,-0.18489248706264227,-0.4942139975502209,1.7260816536748784,-0.6481414324742638,0.7758012658737095,0.0038650582892993035,0.3125,.VSSGFSGVIR.,sp|P11309|PIM1_HUMAN,0.458,0.2099384676910879,0.4300322117167223,0.041279698309280875,0.4135183968462549,decreasing,decreasing,False,True,False,True
.LSDFGFC+57.021AQVSK.,Baricitinib,9,0,8,1,-0.048901210515889915,-0.3058863451462299,1.680505495299247,-0.563280721658875,0.776360226804733,0.003835233152187218,0.4609375,.LSDFGFCAQVSK.,sp|O96013|PAK4_HUMAN,0.764,0.20986969807658865,0.5832049128107661,0.041279698309280875,0.545280612244898,decreasing,decreasing,False,True,False,True
.VSEC+57.021GWAAR.,Baricitinib,8,1,7,1,0.028030361137663107,-0.359069512505953,2.2001335149989387,-0.9303247740426887,0.8381486312161404,0.003807058569773272,0.6875,.VSECGWAAR.,sp|O14976|GAK_HUMAN,0.678,0.20979897729283759,0.7829131572083889,0.041279698309280875,0.7391236654804271,decreasing,increasing,False,True,False,True
.TETSASPHC+57.021PVYVPDPTSTIKPGPNSHNSNTPGIR.,Baricitinib,9,0,8,1,0.2839172898544575,0.1136633062453174,1.522280243680811,-0.7124136715555742,0.7759433807458713,0.003857460160122353,0.9453125,.TETSASPHCPVYVPDPTSTIKPGPNSHNSNTPGIR.,sp|P08631|HCK_HUMAN,0.728,0.2099384676910879,0.9637759898015246,0.041279698309280875,0.9544749540441176,decreasing,increasing,False,True,False,True
.THAEDLNSGPLHR.,BMS-754807,9,0,8,1,-0.2636113681909311,-0.6383996844875552,2.0549646374865596,-0.5180155367755517,0.8776840165538239,0.0006002092454443837,0.0078125,.THAEDLNSGPLHR.,sp|P16591|FER_HUMAN,0.848,0.1617939663657033,0.03868310569675138,0.04148719057147391,0.017873317805383024,decreasing,decreasing,False,True,False,True
.ALAYFEQLK.,Baricitinib,8,1,7,1,-0.7532773538446946,-1.079705833944457,2.145917237312762,-0.5707134070638914,0.8362189023343042,0.003924671218805635,0.015625,.ALAYFEQLK.,sp|O43592|XPOT_HUMAN,0.414,0.21058877542752805,0.04724512190154185,0.04165040355735946,0.13564116379310345,decreasing,decreasing,False,True,False,True
.KLFTDLFDR.,Baricitinib,9,0,8,1,-0.34029224094338595,-0.5371985704937519,1.901068721108583,-0.6197957558521574,0.7741509287826068,0.003954052070895286,0.3125,.KLFTDLFDR.,sp|Q9Y6M4|KC1G3_HUMAN,0.628,0.21098122612067557,0.4300322117167223,0.04172458164079796,0.4135183968462549,decreasing,decreasing,False,True,False,True
.QAQQERDELADEIANSSGK.,Baricitinib,9,0,8,1,-0.05257943184652447,-0.6652236252448964,2.2378381302745503,-0.7647721643580906,0.7740623250158262,0.003958869663342747,0.4609375,.QAQQERDELADEIANSSGK.,sp|P35579|MYH9_HUMAN,0.7,0.21098122612067557,0.5832049128107661,0.04172458164079796,0.545280612244898,decreasing,decreasing,False,True,False,True
.KPLFHGDSEIDQLFR.,Baricitinib,9,0,8,1,-0.6029173198565054,-0.6523075675568357,1.4805781716907305,-0.47766290083704044,0.7732177275209567,0.004004996273237173,0.078125,.KPLFHGDSEIDQLFR.,sp|P06493|CDK1_HUMAN,0.98,0.21126843297593703,0.152056647743661,0.041914736039512165,0.2132029132791328,decreasing,decreasing,False,True,False,True
.KGSEQESVKEFLAK.,Baricitinib,9,0,8,1,-0.6559494165308415,-0.9160144771599468,3.7891125298417307,-1.0075862817349026,0.7734635003264586,0.0039915355880712,0.1953125,.KGSEQESVKEFLAK.,sp|P17612|KAPCA_HUMAN,0.952,0.21126843297593703,0.3058342496782904,0.041914736039512165,0.33697262278697887,decreasing,decreasing,False,True,False,True
.GTQEVAPPTPLTPTSHTANTSPR.,Baricitinib,9,0,8,1,-0.48267841616823404,-0.5652833767625736,1.8625636170728725,-0.6349260408919262,0.7726630799221905,0.004035488940709743,0.25,.GTQEVAPPTPLTPTSHTANTSPR.,sp|P48730|KC1D_HUMAN,0.334,0.21126843297593703,0.366234778661509,0.041914736039512165,0.3705839057899902,decreasing,decreasing,False,True,False,True
.VLAC+57.021GLNEFNK.,Baricitinib,9,0,8,1,0.19791389404816329,-0.46677508403825074,2.779217502203018,-0.9175232507355002,0.772819957544399,0.004026848112440986,0.7421875,.VLACGLNEFNK.,sp|Q8TD19|NEK9_HUMAN,0.772,0.21126843297593703,0.8194615531218623,0.041914736039512165,0.7847911926846343,decreasing,increasing,False,True,False,True
.SQQLSNDHIC+57.021YFLYQILR.,Baricitinib,8,1,8,0,,,,-0.3434587479058203,0.7724862606143831,0.004045243517344506,,.SQQLSNDHICYFLYQILR.,sp|P27361|MK03_HUMAN,0.484,0.21126843297593703,,0.041914736039512165,,decreasing,flat,False,True,False,True
.AAPLWDSK.,Baricitinib,9,0,8,1,-0.284998077562431,-0.4588525073208496,1.6330753200387065,-0.5295924484850532,0.7721120881804826,0.004065939193518836,0.25,.AAPLWDSK.,sp|P54619|AAKG1_HUMAN,0.704,0.21126843297593703,0.366234778661509,0.04198732493778542,0.3705839057899902,decreasing,decreasing,False,True,False,True
.EIVHIQAGQC+57.021GNQIGAK.,AT-7519,8,1,7,1,-0.1120854826134341,0.13245716817663425,0.9349332402008024,-0.5303031828055397,0.9045962188083198,0.0009889975910471846,0.9375,.EIVHIQAGQCGNQIGAK.,sp|P07437|TBB5_HUMAN,0.664,0.17529814876961214,0.9637759898015246,0.04210304030458015,0.9578264758497317,decreasing,decreasing,False,True,False,True
.ATTPADGEEPAPEAEALAAAR.,Baricitinib,9,0,8,1,-0.3087839604858136,-0.41480750246269604,1.423176586066564,-0.4718215609407404,0.7715745251102895,0.004095800088894612,0.25,.ATTPADGEEPAPEAEALAAAR.,sp|Q96S44|PRPK_HUMAN,0.93,0.21170643182422255,0.366234778661509,0.04214939537000526,0.3705839057899902,decreasing,decreasing,False,True,False,True
.LVEVNHPFIVK.,Baricitinib,9,0,8,1,-0.41419477548049244,-0.6946710001428116,1.9804075673615706,-0.6913212203025952,0.7713356214785585,0.004109119405161909,0.3125,.LVEVNHPFIVK.,sp|P51812|KS6A3_HUMAN,0.368,0.21170643182422255,0.4300322117167223,0.04214939537000526,0.4135183968462549,decreasing,decreasing,False,True,False,True
.AALGAVPISGK.,Baricitinib,9,0,8,1,-0.6793563217932412,-0.7788929838960814,1.7524007493119207,-0.5258393321708326,0.77093998201878,0.004131242870489009,0.0546875,.AALGAVPISGK.,sp|P42684|ABL2_HUMAN,0.824,0.21170643182422255,0.11750218003270954,0.04223507294596597,0.1903351814516129,decreasing,decreasing,False,True,False,True
.NVLVSSNDC+57.021VK.,Baricitinib,9,0,8,1,-0.4530928278973594,-0.6098128711002748,2.1539854022932836,-0.7153093826477894,0.7705150638577449,0.004155095164133922,0.1953125,.NVLVSSNDCVK.,sp|Q05397|FAK1_HUMAN,0.852,0.21189071806415308,0.3058342496782904,0.0423377969049792,0.33697262278697887,decreasing,decreasing,False,True,False,True
.TATESFASDPILYRPVAVALDTK.,AZD-1480,9,0,8,1,-2.3484254239708875,-2.2063857152150086,2.7855028976596614,0.3775419382146802,0.8737935826954728,0.000660395023775649,0.0078125,.TATESFASDPILYRPVAVALDTK.,sp|P14618|KPYM_HUMAN,0.644,0.1660311794340317,0.03868310569675138,0.04235420254515681,0.01901392743854084,increasing,decreasing,False,True,True,True
.VSQGSKDPAEGDGAQPEETPR.,AZD-1480,9,0,8,1,-1.804923654743888,-1.729067929556808,2.4067546602896996,0.3629965838907101,0.8673892223627088,0.0007681825853563639,0.0078125,.VSQGSKDPAEGDGAQPEETPR.,sp|Q14697|GANAB_HUMAN,0.808,0.16735003911732865,0.03868310569675138,0.04235420254515681,0.01901392743854084,increasing,decreasing,False,True,True,True
.AEGGGGGGRPGAPAAGDGK.,AZD-1480,9,0,8,1,-1.397906467786969,-1.401380543703493,2.0371569474206304,0.2882768487968626,0.8893315894822904,0.0004424092905138152,0.0078125,.AEGGGGGGRPGAPAAGDGK.,sp|Q00839|HNRPU_HUMAN,0.558,0.1533954719100028,0.03868310569675138,0.04235420254515681,0.01901392743854084,increasing,decreasing,False,True,True,True
.AAPEASGTPSSDAVSR.,AZD-1480,9,0,8,1,-2.198597852600157,-2.0395088571979167,2.813463333774685,0.43595552077731264,0.8986732639028632,0.0003382652800909569,0.0078125,.AAPEASGTPSSDAVSR.,sp|P31146|COR1A_HUMAN,0.376,0.14783098365647868,0.03868310569675138,0.04235420254515681,0.01901392743854084,increasing,decreasing,False,True,True,True
.LVLLGESAVGK.,AZD-1480,9,0,8,1,-1.8626130649113524,-1.8336908089783783,2.453644668844312,0.3138123912650792,0.8688382279887168,0.0007428221146462937,0.0078125,.LVLLGESAVGK.,sp|P51148|RAB5C_HUMAN,0.368,0.16735003911732865,0.03868310569675138,0.04235420254515681,0.01901392743854084,increasing,decreasing,False,True,True,True
.STLNEIYFGK.,AZD-1480,9,0,8,1,-0.8641408862850817,-0.8076743241700801,1.63230599377966,0.4082799554193097,0.8894416457276019,0.00044107067436727643,0.015625,.STLNEIYFGK.,sp|P47756|CAPZB_HUMAN,0.76,0.1533954719100028,0.04724512190154185,0.04235420254515681,0.024949596774193547,increasing,decreasing,False,True,True,True
.ENDYYTPTGEFR.,AZD-1480,9,0,8,1,-0.6395601292695154,-0.5491573100043934,0.920500536602578,0.2570964584744508,0.881182801573275,0.0005493610099575178,0.015625,.ENDYYTPTGEFR.,sp|P46977|STT3A_HUMAN,0.906,0.16099289211658632,0.04724512190154185,0.04235420254515681,0.024949596774193547,increasing,decreasing,False,True,True,True
.GTDVASFVK.,AZD-1480,9,0,8,1,-0.550937340046822,-0.5005577038146352,0.9437534265217487,0.2699071458604679,0.8723959982495765,0.0006829780739600867,0.015625,.GTDVASFVK.,sp|P52564|MP2K6_HUMAN,0.58,0.16664775502172702,0.04724512190154185,0.04235420254515681,0.024949596774193547,increasing,decreasing,False,True,True,True
.ASTALSNEQQAR.,AZD-1480,8,1,7,1,-1.2832944856020205,-1.394122755707667,2.0393210889824154,0.3516542312792754,0.915692123878455,0.0007229277415251599,0.015625,.ASTALSNEQQAR.,sp|P12270|TPR_HUMAN,0.666,0.16735003911732865,0.04724512190154185,0.04235420254515681,0.024949596774193547,increasing,decreasing,False,True,True,True
.YLAPSGPSGTLK.,AZD-1480,8,1,7,1,-2.297173449294487,-2.3128274934847743,3.2072098677097145,0.48236729198801537,0.9327793302324566,0.0004077156065040574,0.015625,.YLAPSGPSGTLK.,sp|Q16658|FSCN1_HUMAN,0.574,0.15186184214926668,0.04724512190154185,0.04235420254515681,0.024949596774193547,increasing,decreasing,False,True,True,True
.LEQDRDYTR.,AZD-1480,8,1,7,1,-1.467220111696804,-1.876146406422404,3.6971091945613885,-0.9080050793865032,0.9258428498592938,0.0005225456925732785,0.015625,.LEQDRDYTR.,sp|O94804|STK10_HUMAN,0.432,0.15915160812743628,0.04724512190154185,0.04235420254515681,0.024949596774193547,decreasing,decreasing,False,True,True,True
.ITHNPFGPGQFFDLSIR.,AZD-1480,8,1,7,1,-1.4418968658395777,-1.0332181656613126,1.689755919509686,0.4509087827850081,0.933218378943235,0.0004010242368753637,0.015625,.ITHNPFGPGQFFDLSIR.,sp|P56470|LEG4_HUMAN,0.274,0.1517046355761993,0.04724512190154185,0.04235420254515681,0.024949596774193547,increasing,decreasing,False,True,True,True
.GFELTFK.,AZD-1480,9,0,8,1,-0.7535086337998713,-0.6245620617645096,1.1560259616279467,0.35750048578394966,0.8856149917041326,0.000489246946666244,0.0234375,.GFELTFK.,sp|P39656|OST48_HUMAN,0.498,0.15867363421314046,0.06503412319395899,0.04235420254515681,0.035768119094977624,increasing,decreasing,False,True,True,True
.GKYSEVFEAINITNNER.,AZD-1480,9,0,8,1,1.2252177202777652,0.9942209953165837,1.6263358253110596,-0.5031412820457453,0.8678607619456487,0.0007598661745185284,0.0390625,.GKYSEVFEAINITNNER.,sp|P19784|CSK22_HUMAN,0.938,0.16735003911732865,0.09198604700041242,0.04235420254515681,0.05506789733578319,decreasing,increasing,False,True,True,True
.ESPFSTSASPLLSGSQHFDVPPR.,AZD-1480,9,0,8,1,-0.6531265967621724,-0.4911144625896986,1.0335421245101593,0.3105509969699177,0.876727002424522,0.0006146536364430275,0.0390625,.ESPFSTSASPLLSGSQHFDVPPR.,sp|O14980|XPO1_HUMAN,0.298,0.16197374850202487,0.09198604700041242,0.04235420254515681,0.05506789733578319,increasing,decreasing,False,True,True,True
.KSEEEIDFLR.,AZD-1480,9,0,8,1,-0.2573938395581177,-0.2995526657693719,0.9601435567001424,0.28207997169803284,0.895216474282957,0.00037461040679909364,0.078125,.KSEEEIDFLR.,sp|Q9Y262|EIF3L_HUMAN,0.29,0.15123529407405284,0.152056647743661,0.04235420254515681,0.10237644107600341,increasing,decreasing,False,True,False,True
.QPLPSAPENNPEEELASK.,AZD-1480,9,0,8,1,0.49423343454273727,0.3880410277077404,1.0078428322762996,-0.37072367189669864,0.8782375582997911,0.0005919605789831812,0.109375,.QPLPSAPENNPEEELASK.,sp|O14965|AURKA_HUMAN,0.558,0.1617939663657033,0.19579115469486683,0.04235420254515681,0.13865009293680297,decreasing,increasing,False,True,False,True
.APPC+57.021EYKDWLTK.,AZD-1480,8,1,7,1,-0.42966980009910927,-0.5253263722396474,1.4791522894239613,0.5106128502071806,0.9179803583290014,0.0006742772891947904,0.15625,.APPCEYKDWLTK.,sp|P78527|PRKDC_HUMAN,0.716,0.1660311794340317,0.25926808208613233,0.04235420254515681,0.19127692461108894,increasing,decreasing,False,True,False,True
.SLQTTSPPVVAPGNENGLAVPVPLRK.,AZD-1480,9,0,8,1,-0.31680831399424036,-0.5563421107003541,2.0300035495106066,-0.6575725337873277,0.8899609814407645,0.00043479097379421963,0.1953125,.SLQTTSPPVVAPGNENGLAVPVPLRK.,sp|O94804|STK10_HUMAN,0.844,0.1533954719100028,0.3058342496782904,0.04235420254515681,0.23269179444875776,decreasing,decreasing,False,True,False,True
.LKELIFQETAR.,AZD-1480,9,0,8,1,0.21613709648100787,0.2940419645436463,1.303170039069247,0.4166910094594441,0.8890668177668275,0.0004456409778059113,0.25,.LKELIFQETAR.,sp|P27361|MK03_HUMAN,0.988,0.1533954719100028,0.366234778661509,0.04235420254515681,0.29029511918274686,increasing,increasing,False,True,False,True
.KSNYEVLEK.,AZD-1480,9,0,8,1,0.3170889957843208,0.2118226163422836,0.9176269291018002,-0.39013983809837355,0.8676537203236506,0.0007635101355121613,0.3125,.KSNYEVLEK.,sp|Q05397|FAK1_HUMAN,0.738,0.16735003911732865,0.4300322117167223,0.04235420254515681,0.35599944320712695,decreasing,increasing,False,True,False,True
.GSFPSFEPR.,AZD-1480,9,0,8,1,-0.048174945171698624,-0.09651427329072249,0.7688695782638604,0.2543707534635253,0.8683301267436938,0.0007516490820351986,0.4609375,.GSFPSFEPR.,sp|Q99640|PMYT1_HUMAN,0.482,0.16735003911732865,0.5832049128107661,0.04235420254515681,0.508123989762931,increasing,decreasing,False,True,False,True
.DLLSEFNVLK.,AZD-1480,9,0,8,1,-0.015080445675481613,-0.2591441427418397,1.9667934760230388,-0.6360090596741919,0.8761129431967045,0.0006240448778515338,0.546875,.DLLSEFNVLK.,sp|P07949|RET_HUMAN,0.63,0.16197374850202487,0.6608582996198585,0.04235420254515681,0.5911797728073265,decreasing,decreasing,False,True,False,True
.LADFGVSAK.,AZD-1480,9,0,8,1,0.015025945647186845,-0.4306646322165175,2.417906680381609,-0.7623588843793268,0.9023057696404869,0.00030272427563634267,0.7421875,.LADFGVSAK.,sp|Q9H2G2|SLK_HUMAN,0.826,0.14758102925669128,0.8194615531218623,0.04235420254515681,0.7729126017984391,decreasing,increasing,False,True,False,True
.FWEVISDEHGIDPTGTYHGDSDLQLDR.,AZD-1480,9,0,8,1,-0.11869071269090803,0.0013134939169030524,0.9826856235256614,0.36588829993069355,0.86925133198181,0.0007356975941821148,0.84375,.FWEVISDEHGIDPTGTYHGDSDLQLDR.,sp|P07437|TBB5_HUMAN,0.514,0.16735003911732865,0.8943235529312646,0.04235420254515681,0.8640202702702703,increasing,decreasing,False,True,False,True
.SNYEVLEK.,AZD-1480,9,0,8,1,0.18009296148236587,-0.05160303018582235,0.9418895625936479,-0.4450915841996353,0.8932274334595859,0.0003966750936406093,0.84375,.SNYEVLEK.,sp|Q05397|FAK1_HUMAN,0.84,0.1517046355761993,0.8943235529312646,0.04235420254515681,0.8640202702702703,decreasing,increasing,False,True,False,True
.NPLDAGAAEPIASR.,AZD-1480,9,0,8,1,-0.29253005445043634,-0.05576114660400444,0.9747476902317942,0.45951903839919916,0.8710546501051817,0.0007051400959356564,0.84375,.NPLDAGAAEPIASR.,sp|O14578|CTRO_HUMAN,0.644,0.1669414028466327,0.8943235529312646,0.04235420254515681,0.8640202702702703,increasing,decreasing,False,True,False,True
.GAGGEENKENERPSAGSK.,AZD-1480,9,0,8,1,0.006022101580924755,-0.028113951435414286,0.6067614206967633,0.2817557677078392,0.8776021896259387,0.00060143517489357,1.0,.GAGGEENKENERPSAGSK.,sp|Q9UHB9|SRP68_HUMAN,0.232,0.1617939663657033,1.0,0.04235420254515681,1.0,increasing,increasing,False,True,False,True
.EDGLAQQQTQLNLR.,AZD-1480,8,1,8,0,,,,0.42387768673519793,0.9053992475103567,0.00027452181328445715,,.EDGLAQQQTQLNLR.,sp|P49327|FAS_HUMAN,0.736,0.14649487506758474,,0.04235420254515681,,increasing,flat,False,True,False,True
.TQAFEADNLK.,AZD-1480,8,1,8,0,,,,0.34464742998229103,0.8840377387342174,0.0005100994146332571,,.TQAFEADNLK.,sp|Q13464|ROCK1_HUMAN,0.352,0.15881431626442427,,0.04235420254515681,,increasing,flat,False,True,False,True
.QEYDESGPSIVHR.,AZD-1480,9,0,8,1,-1.543123196096337,-1.533212730197556,2.0181365862500336,0.30931409843446367,0.8609575009733862,0.000887873893321844,0.0078125,.QEYDESGPSIVHR.,sp|P60709|ACTB_HUMAN,0.986,0.1719576682071269,0.03868310569675138,0.04247432022023468,0.01901392743854084,increasing,decreasing,False,True,True,True
.LGDVYVNDAFGTAHR.,AZD-1480,9,0,8,1,-2.861035708144284,-2.6270287236528946,3.3874911720073477,0.5720584564415384,0.8664666246875129,0.0007846326657950197,0.0078125,.LGDVYVNDAFGTAHR.,sp|P00558|PGK1_HUMAN,0.882,0.1675222859554077,0.03868310569675138,0.04247432022023468,0.01901392743854084,increasing,decreasing,False,True,True,True
.EQGVLSFWR.,AZD-1480,9,0,8,1,-0.3865376713243549,-0.48002162794048475,0.9555185562199497,0.27376530176914493,0.8622653656510444,0.0008625761043267371,0.0078125,.EQGVLSFWR.,sp|P05141|ADT2_HUMAN,0.932,0.17161720091201854,0.03868310569675138,0.04247432022023468,0.01901392743854084,increasing,decreasing,False,True,False,True
.FLIQNVLR.,AZD-1480,9,0,8,1,-1.2360007650888623,-1.1214057944704199,1.5837134150010534,0.3080872012823447,0.8653761007203757,0.0008043836719938735,0.0078125,.FLIQNVLR.,sp|P41252|SYIC_HUMAN,0.878,0.16828661691568453,0.03868310569675138,0.04247432022023468,0.01901392743854084,increasing,decreasing,False,True,True,True
.EAPVDVLTQIGR.,AZD-1480,9,0,8,1,-1.1128337947213325,-0.8749294255304054,1.3277615639705935,0.33101882683396205,0.8637132164854148,0.0008351473463661984,0.0078125,.EAPVDVLTQIGR.,sp|Q9BVC6|TM109_HUMAN,0.63,0.17102979196534512,0.03868310569675138,0.04247432022023468,0.01901392743854084,increasing,decreasing,False,True,True,True
.HGLLVPNNTTDQELQHIR.,AZD-1480,9,0,8,1,-1.0536503381364621,-0.989537476377865,1.659374600985334,0.38548399245511056,0.8623445026806444,0.000861061297143512,0.0078125,.HGLLVPNNTTDQELQHIR.,sp|P56537|IF6_HUMAN,0.468,0.17161720091201854,0.03868310569675138,0.04247432022023468,0.01901392743854084,increasing,decreasing,False,True,True,True
.IFTSIGEDYDER.,AZD-1480,9,0,8,1,-0.5088021117254549,-0.4556618681762772,0.9655665847518158,0.2785702999702495,0.8613851468779099,0.0008795472573191224,0.0234375,.IFTSIGEDYDER.,sp|P35232|PHB_HUMAN,0.972,0.171950980201941,0.06503412319395899,0.04247432022023468,0.035768119094977624,increasing,decreasing,False,True,True,True
.VAQLEQVYIR.,AZD-1480,9,0,8,1,-1.0056119311495717,-0.954949563678197,1.8735214147452943,0.46780407771569943,0.8634244259926156,0.000840570265688788,0.0234375,.VAQLEQVYIR.,sp|P62318|SMD3_HUMAN,0.762,0.1712355400902366,0.06503412319395899,0.04247432022023468,0.035768119094977624,increasing,decreasing,False,True,True,True
.FDKEC+57.021FK.,AZD-1480,8,1,7,1,0.42166233682094756,0.3491214728764608,1.4346135172592689,-0.6044037619659051,0.9103078079595902,0.0008456873530210212,0.375,.FDKECFK.,sp|Q05397|FAK1_HUMAN,0.83,0.1716014759024042,0.5008288112926537,0.04247432022023468,0.4238950276243094,decreasing,increasing,False,True,False,True
.KNPVTSTYSK.,BMS-754807,9,0,8,1,-1.1316207098548077,-1.375970647579757,3.6685658346765884,-0.7484290541183485,0.8753076849617801,0.0006365071762590175,0.0078125,.KNPVTSTYSK.,sp|Q13131|AAPK1_HUMAN,0.574,0.16336947269326232,0.03868310569675138,0.04253124689842195,0.017873317805383024,decreasing,decreasing,False,True,True,True
.NLLDVIDQAR.,BMS-754807,8,1,7,1,-2.026508178536897,-2.2655770956538643,4.561672150092356,-1.2745068707321212,0.9190321347897933,0.0006526057174242736,0.015625,.NLLDVIDQAR.,sp|Q05397|FAK1_HUMAN,0.968,0.16574244476678973,0.04724512190154185,0.04253124689842195,0.024147727272727272,decreasing,decreasing,False,True,True,True
.LGDYGLAK.,Baricitinib,9,0,8,1,-0.42847841561423117,-0.6142813031962859,1.8494848270597402,-0.5866280580007147,0.7694364704002101,0.00421606833370661,0.1484375,.LGDYGLAK.,sp|Q8TD19|NEK9_HUMAN,0.772,0.21356672820235367,0.2520403589687868,0.04267551676395436,0.2915667669050715,decreasing,decreasing,False,True,False,True
.RTEALEQGGLPK.,Baricitinib,9,0,8,1,-0.500119623859991,-0.772960910708195,2.8434196728296364,-0.8320606283228874,0.7694487326554142,0.004215371688522603,0.25,.RTEALEQGGLPK.,sp|P50613|CDK7_HUMAN,0.334,0.21356672820235367,0.366234778661509,0.04267551676395436,0.3705839057899902,decreasing,decreasing,False,True,False,True
.VFLLGEEVAQYDGAYK.,Baricitinib,8,1,7,1,-0.47057340551829085,-0.20028940300234258,0.9268760526486481,-0.4426001048231877,0.8313203676324569,0.004233305740911036,0.375,.VFLLGEEVAQYDGAYK.,sp|P11177|ODPB_HUMAN,0.524,0.2136242903042434,0.5008288112926537,0.042709041800572854,0.4743546195652174,decreasing,decreasing,False,True,False,True
.GKYSEVFEAINITNNER.,Baricitinib,9,0,8,1,-1.040243025430481,-1.1020699303866657,3.4002514449149857,-0.7783697263542372,0.7688027511789002,0.004252179845407152,0.0390625,.GKYSEVFEAINITNNER.,sp|P19784|CSK22_HUMAN,0.938,0.21388657777874406,0.09198604700041242,0.04275880519955323,0.17586857302533532,decreasing,decreasing,False,True,False,True
.AQLSTILEEEKAQQEER.,Baricitinib,9,0,8,1,-0.4165873231837143,-0.8162689453126775,2.077967674451589,-0.5550328837903141,0.7646249195587638,0.004495623840594566,0.015625,.AQLSTILEEEKAQQEER.,sp|Q05397|FAK1_HUMAN,0.984,0.2154369649187058,0.04724512190154185,0.04297728279005911,0.13564116379310345,decreasing,decreasing,False,True,False,True
.LFEVIETEK.,Baricitinib,9,0,8,1,-1.2105376300762032,-1.4920025519265705,3.3693860217887845,-0.9812821905702758,0.7638259604810969,0.004543253723215451,0.015625,.LFEVIETEK.,sp|Q7KZI7|MARK2_HUMAN,0.442,0.2159732645947148,0.04724512190154185,0.04297728279005911,0.13564116379310345,decreasing,decreasing,False,True,False,True
.LEGWLSLPVR.,Baricitinib,8,1,7,1,-0.40258222497984164,-1.1418347931235384,3.3016114030835304,-1.0931381841385968,0.8265594348080365,0.004547347764939098,0.015625,.LEGWLSLPVR.,sp|O75116|ROCK2_HUMAN,0.892,0.2159732645947148,0.04724512190154185,0.04297728279005911,0.13564116379310345,decreasing,decreasing,False,True,False,True
.INSTATPDQDRDKIK.,Baricitinib,9,0,8,1,-1.5630207424807523,-1.6724780991278863,3.2413155191114704,-0.7777605516639574,0.7634451936714598,0.004566075614236257,0.0078125,.INSTATPDQDRDKIK.,sp|Q9H2G2|SLK_HUMAN,0.74,0.2159732645947148,0.03868310569675138,0.04297728279005911,0.13564116379310345,decreasing,decreasing,False,True,False,True
.QLFSSLFSGILK.,Baricitinib,9,0,8,1,0.7120046484986702,0.8030827321462173,1.839873629584961,0.4546569791357638,0.7634102252560476,0.00456817547752177,0.0078125,.QLFSSLFSGILK.,sp|P78527|PRKDC_HUMAN,0.726,0.2159732645947148,0.03868310569675138,0.04297728279005911,0.13564116379310345,increasing,increasing,False,True,False,True
.YGTDLSR.,Baricitinib,9,0,8,1,-0.5526506040658763,-0.9561025933414871,2.1869914121443053,-0.6088353991460134,0.7658961671175011,0.004420553158495248,0.015625,.YGTDLSR.,sp|P05023|AT1A1_HUMAN,0.394,0.21489516273091386,0.04724512190154185,0.04297728279005911,0.13564116379310345,decreasing,decreasing,False,True,False,True
.YHPGYFGK.,Baricitinib,8,1,7,1,-1.3248750621646757,-1.0143898593630993,2.041140764329043,-0.5983207550575522,0.8268051427045381,0.004530796426665712,0.03125,.YHPGYFGK.,sp|P46776|RL27A_HUMAN,0.772,0.2159732645947148,0.08165283546888201,0.04297728279005911,0.17586857302533532,decreasing,decreasing,False,True,False,True
.IINEPTAAAIAYGLDKK.,Baricitinib,9,0,8,1,-0.6040994841089233,-0.7356554081224611,1.6874589905174453,-0.5416767876825608,0.7664299574308749,0.004389291800319229,0.0546875,.IINEPTAAAIAYGLDKK.,sp|P11142|HSP7C_HUMAN,0.922,0.21434774664569722,0.11750218003270954,0.04297728279005911,0.1903351814516129,decreasing,decreasing,False,True,False,True
.EASDILYVISK.,Baricitinib,9,0,8,1,-0.7195282126887577,-0.8930945775120009,2.39050037820034,-0.6682323972881583,0.7654495639905978,0.004446826586890978,0.0546875,.EASDILYVISK.,sp|Q9UK32|KS6A6_HUMAN,0.476,0.2151746288241088,0.11750218003270954,0.04297728279005911,0.1903351814516129,decreasing,decreasing,False,True,False,True
.ESDEHPNVIR.,Baricitinib,9,0,8,1,-0.3463865780782278,-0.5933376010467919,1.4958707524333583,-0.4532055411178168,0.7641609669063633,0.0045232400063338445,0.078125,.ESDEHPNVIR.,sp|O75460|ERN1_HUMAN,0.466,0.21595928710252865,0.152056647743661,0.04297728279005911,0.2132029132791328,decreasing,decreasing,False,True,False,True
.PFNTYPR.,Baricitinib,9,0,8,1,-0.7383435496657764,-0.8487992496208983,2.237612887784369,-0.6372266741595963,0.766441792940412,0.004388600395190684,0.109375,.PFNTYPR.,sp|O96013|PAK4_HUMAN,0.326,0.21434774664569722,0.19579115469486683,0.04297728279005911,0.2443948779585799,decreasing,decreasing,False,True,False,True
.LGSEGVEEIKR.,Baricitinib,9,0,8,1,-0.9435201452769935,-1.096268271306342,2.9433003474686252,-0.8855936778074243,0.7676262432169031,0.004319787937723527,0.1484375,.LGSEGVEEIKR.,sp|Q9UK32|KS6A6_HUMAN,0.776,0.21434774664569722,0.2520403589687868,0.04297728279005911,0.2915667669050715,decreasing,decreasing,False,True,False,True
.KLDNGGYYITTR.,Baricitinib,9,0,8,1,-0.7955295198039458,-1.006139658988873,3.9875899103372205,-0.9401776303316144,0.7647487256818252,0.0044882742337662,0.1484375,.KLDNGGYYITTR.,sp|P07947|YES_HUMAN,0.868,0.2153943640369108,0.2520403589687868,0.04297728279005911,0.2915667669050715,decreasing,decreasing,False,True,False,True
.AHGFTFTR.,Baricitinib,9,0,8,1,-0.6832762882597656,-0.7156614907001266,1.740078991018752,-0.6155359195426954,0.7646847051192877,0.0044920737002955265,0.1484375,.AHGFTFTR.,sp|P08559|ODPA_HUMAN,0.576,0.2153943640369108,0.2520403589687868,0.04297728279005911,0.2915667669050715,decreasing,decreasing,False,True,False,True
.SKQPLPSAPENNPEEELASK.,Baricitinib,9,0,8,1,-0.4369938246240874,-0.8551496474331288,2.286173446119843,-0.7557210277179323,0.766484585937439,0.004386101149108537,0.1953125,.SKQPLPSAPENNPEEELASK.,sp|O14965|AURKA_HUMAN,0.916,0.21434774664569722,0.3058342496782904,0.04297728279005911,0.33697262278697887,decreasing,decreasing,False,True,False,True
.YQNLKPIGSGAQGIVC+57.021AAYDAILER.,Baricitinib,9,0,8,1,-0.16175051269820706,-0.2717461062167792,1.2327267497668366,-0.2848451975736911,0.7645165632789397,0.004502063122009597,0.1953125,.YQNLKPIGSGAQGIVCAAYDAILER.,sp|P45983|MK08_HUMAN,0.562,0.21556619113208597,0.3058342496782904,0.04297728279005911,0.33697262278697887,decreasing,decreasing,False,True,False,True
.QEGEKLPFLGLALSSR.,Baricitinib,9,0,8,1,-0.5793052866814072,-0.7501592965568573,2.408322185222321,-0.7782418130435491,0.7634924202545258,0.004563240706045116,0.25,.QEGEKLPFLGLALSSR.,sp|P18074|ERCC2_HUMAN,0.582,0.2159732645947148,0.366234778661509,0.04297728279005911,0.3705839057899902,decreasing,decreasing,False,True,False,True
.TVSYTQFLLPTNAFGAR.,Baricitinib,9,0,8,1,-0.5287488729157754,-0.6282719264465144,1.4222911564379146,-0.4727352873386184,0.7664652428726819,0.0043872307230620345,0.3125,.TVSYTQFLLPTNAFGAR.,sp|Q8TDN4|CABL1_HUMAN,0.794,0.21434774664569722,0.4300322117167223,0.04297728279005911,0.4135183968462549,decreasing,decreasing,False,True,False,True
.RPTVSSDLENIDTGVNSK.,Baricitinib,9,0,8,1,-0.11647779399500457,-0.4343744843868662,1.523188314460885,-0.5585348667372495,0.7649244286110738,0.0044778581245137625,0.3125,.RPTVSSDLENIDTGVNSK.,sp|O95067|CCNB2_HUMAN,0.558,0.21524446986315035,0.4300322117167223,0.04297728279005911,0.4135183968462549,decreasing,decreasing,False,True,False,True
.HYTNASDGLC+57.021TR.,Baricitinib,9,0,8,1,0.4996262190272045,0.1695034202752228,1.375691321226256,-0.6185316377584711,0.7648329972999625,0.004483276309703615,0.640625,.HYTNASDGLCTR.,sp|P06239|LCK_HUMAN,0.874,0.21524446986315035,0.7392294231725897,0.04297728279005911,0.6969132607129996,decreasing,increasing,False,True,False,True
.SIDDIGGALSK.,Baricitinib,8,1,7,1,0.23231906271882607,-0.2483968736818442,1.9911791704977162,-0.6755806076505291,0.8267296082039519,0.004535880561827936,0.9375,.SIDDIGGALSK.,sp|P02008|HBAZ_HUMAN,0.308,0.2159732645947148,0.9637759898015246,0.04297728279005911,0.9544749540441176,decreasing,increasing,False,True,False,True
.AASSSSVVPYLPR.,BMS-690514,9,0,8,1,-1.0152655497853722,-1.3781980826100426,3.3695227151093547,-0.8182226613903179,0.9475946629603196,4.588826375016393e-05,0.0078125,.AASSSSVVPYLPR.,sp|P42684|ABL2_HUMAN,0.892,0.12215971790461407,0.03868310569675138,0.04303207581937744,0.1303485576923077,decreasing,decreasing,False,True,False,True
.PSGAISGVQK.,BMS-690514,8,1,7,1,0.59273772540433,0.4980802042560707,1.1975297337759407,0.30562443573962644,0.9765504175536159,2.883293018240499e-05,0.03125,.PSGAISGVQK.,sp|Q9UHD2|TBK1_HUMAN,0.366,0.12215971790461407,0.08165283546888201,0.04303207581937744,0.1909330985915493,increasing,increasing,False,True,False,True
.ILVAEGTR.,BMS-690514,9,0,8,1,0.15377394530240274,0.1640974313340351,0.7062162497396649,0.27150156529809943,0.9388260616068012,7.324413246995038e-05,0.3125,.ILVAEGTR.,sp|P10515|ODP2_HUMAN,0.868,0.12243228942106163,0.4300322117167223,0.04303207581937744,0.5519645765472313,increasing,increasing,False,True,False,True
.IDSEGGVSANHTSR.,BMS-690514,9,0,8,1,-0.054821472083300904,0.04247333463182512,0.9773497936206894,0.41634329479999327,0.9377006360663737,7.739581981902416e-05,0.84375,.IDSEGGVSANHTSR.,sp|P51659|DHB4_HUMAN,0.856,0.12243228942106163,0.8943235529312646,0.04303207581937744,0.9242897727272728,increasing,decreasing,False,True,False,True
.AKQEADEEKHLNQGVR.,Baricitinib,9,0,8,1,-0.4110872890902382,-0.5573904847472098,1.5607327585370925,-0.5125708904927762,0.7630458651953098,0.004590095223490727,0.109375,.AKQEADEEKHLNQGVR.,sp|P54764|EPHA4_HUMAN,0.754,0.2159732645947148,0.19579115469486683,0.043051443579345754,0.2443948779585799,decreasing,decreasing,False,True,False,True
.LAQQYVMTSLQQEYK.,AT-7519,9,0,8,1,1.8858732078929652,1.6073655267767908,2.668288500526863,-0.5863245734731309,0.8540685359071594,0.0010295037419216114,0.0078125,.LAQQYVMTSLQQEYK.,sp|Q05397|FAK1_HUMAN,0.622,0.17548188206881613,0.03868310569675138,0.043265554692551826,0.023046875,decreasing,increasing,False,True,True,True
.VLENAEGAR.,BMS-777607_withCAKI,9,0,8,1,-0.15232255384962023,-0.20582705426012238,0.9558001061633767,-0.2850173815000595,0.9360346752499464,8.382754843591785e-05,0.1953125,.VLENAEGAR.,sp|P38646|GRP75_HUMAN,0.788,0.12258326591414585,0.3058342496782904,0.04365392852172887,0.2678738172310757,decreasing,decreasing,False,True,False,True
.GLPLYPDPSRVPGTK.,BMS-777607_withCAKI,9,0,8,1,-0.11034046003251774,-0.10567501395494228,0.8548163718133779,-0.31813066510676175,0.9303316337558241,0.00010855328584444123,0.640625,.GLPLYPDPSRVPGTK.,sp|Q6ZSR9|YJ005_HUMAN,0.284,0.12482543461510708,0.7392294231725897,0.04365392852172887,0.7137060072815534,decreasing,decreasing,False,True,False,True
.SLLKKPDGVKESTESSNTTIEDEDVKAR.,BMS-777607_withCAKI,9,0,8,1,0.05983167917282195,-0.023176088652875126,0.8800544630286282,-0.3170194541303189,0.9324995249508641,9.86466351089441e-05,0.9453125,.SLLKKPDGVKESTESSNTTIEDEDVKAR.,sp|Q13557|KCC2D_HUMAN,0.536,0.12482543461510708,0.9637759898015246,0.04365392852172887,0.9595984611131588,decreasing,increasing,False,True,False,True
.VTQSNFAVGYKTDEFQLHTNVNDGTEFGGSIYQK.,Baricitinib,9,0,8,1,-1.1991773907590986,-1.2000520382277613,2.3696701459137373,-0.45208282609747424,0.7556440726691563,0.0050513330200152645,0.0078125,.VTQSNFAVGYKTDEFQLHTNVNDGTEFGGSIYQK.,sp|P21796|VDAC1_HUMAN,0.402,0.22074760061768978,0.03868310569675138,0.043719072511373275,0.13564116379310345,decreasing,decreasing,False,True,False,True
.LGNGINIIVATPGR.,Baricitinib,8,1,7,1,-0.36174736019723497,-0.7351625306837859,1.6955237128553264,-0.4337661978566834,0.8186096018385755,0.005103398143626231,0.015625,.LGNGINIIVATPGR.,sp|Q9NVP1|DDX18_HUMAN,0.7,0.22074760061768978,0.04724512190154185,0.043719072511373275,0.13564116379310345,decreasing,decreasing,False,True,False,True
.ISQGTKVPEEK.,Baricitinib,9,0,8,1,-0.7046766883274653,-0.9704894226167098,2.4062703124793785,-0.6273721420064753,0.7545347077696412,0.005123122816959978,0.0234375,.ISQGTKVPEEK.,sp|P05771|KPCB_HUMAN,0.75,0.22107003344669748,0.06503412319395899,0.043719072511373275,0.1587549047085202,decreasing,decreasing,False,True,False,True
.TIRYPDPLIK.,Baricitinib,9,0,8,1,-0.3570670027193117,-0.433741733462075,1.104548525779471,-0.29953106907626587,0.7567997767067024,0.004977290077472129,0.0390625,.TIRYPDPLIK.,sp|P62701|RS4X_HUMAN,0.828,0.21983172978638013,0.09198604700041242,0.043719072511373275,0.17586857302533532,decreasing,decreasing,False,True,False,True
.YLNFFTK.,Baricitinib,9,0,8,1,-0.5211126216170783,-0.9888709926179233,2.514311182118753,-0.7363618086514432,0.7594795972004192,0.004808503613088136,0.0390625,.YLNFFTK.,sp|P12004|PCNA_HUMAN,0.836,0.21860500912686257,0.09198604700041242,0.043719072511373275,0.17586857302533532,decreasing,decreasing,False,True,False,True
.DTDPLKLK.,Baricitinib,9,0,8,1,-0.6463652256475125,-1.1250648982742795,2.8394466292254243,-0.7773840683966463,0.7556714371139901,0.005049571074531113,0.0390625,.DTDPLKLK.,sp|O14976|GAK_HUMAN,0.682,0.22074760061768978,0.09198604700041242,0.043719072511373275,0.17586857302533532,decreasing,decreasing,False,True,False,True
.INVYYNESSSQK.,Baricitinib,9,0,8,1,-0.6899007140233628,-0.6719249103979341,1.5526888864302038,-0.430483388192397,0.757761635444363,0.004916243194007003,0.0390625,.INVYYNESSSQK.,sp|Q9BUF5|TBB6_HUMAN,0.68,0.21923751724140342,0.09198604700041242,0.043719072511373275,0.17586857302533532,decreasing,decreasing,False,True,False,True
.ESVVSINKQDNK.,Baricitinib,9,0,8,1,-0.42522357119062093,-0.8540386473256061,2.342903570286147,-0.6428339942284197,0.7583601060555156,0.004878522941435469,0.0390625,.ESVVSINKQDNK.,sp|P23458|JAK1_HUMAN,0.518,0.21923751724140342,0.09198604700041242,0.043719072511373275,0.17586857302533532,decreasing,decreasing,False,True,False,True
.STAGDTHLGGEDFDNR.,Baricitinib,9,0,8,1,-0.6824826907306498,-0.9612949901068495,2.2299677413910004,-0.6817640272614741,0.7613230163766053,0.004694728903077099,0.0546875,.STAGDTHLGGEDFDNR.,sp|P11142|HSP7C_HUMAN,0.986,0.21734370823205518,0.11750218003270954,0.043719072511373275,0.1903351814516129,decreasing,decreasing,False,True,False,True
.ATDKDITGTLSNPEVFNYGVETHEAYK.,Baricitinib,9,0,8,1,-0.39808205448961154,-0.6553410560526851,1.6604399103538263,-0.5107125391124613,0.7586006694340961,0.004863417498400288,0.0546875,.ATDKDITGTLSNPEVFNYGVETHEAYK.,sp|P16083|NQO2_HUMAN,0.964,0.21923751724140342,0.11750218003270954,0.043719072511373275,0.1903351814516129,decreasing,decreasing,False,True,False,True
.GQAGELAVGR.,Baricitinib,9,0,8,1,-0.8407445189437954,-1.1748803149118583,2.9921609816517183,-0.8715196041134046,0.7591117047674367,0.0048314362853313555,0.0546875,.GQAGELAVGR.,sp|Q13233|M3K1_HUMAN,0.372,0.21888986375941166,0.11750218003270954,0.043719072511373275,0.1903351814516129,decreasing,decreasing,False,True,False,True
.TPGPGAQSALR.,Baricitinib,9,0,8,1,-0.8273897486162838,-0.7726849826183462,1.721092527455152,-0.587063489334476,0.7567042186587534,0.004983383486476321,0.078125,.TPGPGAQSALR.,sp|P62263|RS14_HUMAN,0.952,0.21991289734542505,0.152056647743661,0.043719072511373275,0.2132029132791328,decreasing,decreasing,False,True,False,True
.ALGSEVQDASK.,Baricitinib,9,0,8,1,-0.8015304147761952,-0.9378037143974844,2.1186967401145615,-0.6912157781304888,0.7607100471028492,0.004732351517945093,0.078125,.ALGSEVQDASK.,sp|Q9H2G2|SLK_HUMAN,0.618,0.21744275804288155,0.152056647743661,0.043719072511373275,0.2132029132791328,decreasing,decreasing,False,True,False,True
.LADVNHPFVVK.,Baricitinib,9,0,8,1,-0.8399624929708107,-1.220433008222669,2.970425037892678,-0.9136832551401555,0.7605695337453866,0.004741005247070079,0.078125,.LADVNHPFVVK.,sp|Q15418|KS6A1_HUMAN,0.284,0.21744943178470003,0.152056647743661,0.043719072511373275,0.2132029132791328,decreasing,decreasing,False,True,False,True
.SSTVTEAPIAVVTSR.,Baricitinib,9,0,8,1,-0.30767011126782684,-0.445059071003334,1.3116243483929644,-0.3691700190416743,0.7548151688398906,0.005104907035912564,0.1484375,.SSTVTEAPIAVVTSR.,sp|Q8TD19|NEK9_HUMAN,0.952,0.22075127423971583,0.2520403589687868,0.043719072511373275,0.2915667669050715,decreasing,decreasing,False,True,False,True
.GQSEDPGSLLSLFR.,Baricitinib,9,0,8,1,-0.31096770746000324,-0.3573544138990048,1.1780980954355158,-0.3716412543106578,0.7571363205954772,0.004955870985626362,0.1484375,.GQSEDPGSLLSLFR.,sp|P08195|4F2_HUMAN,0.836,0.21962338402343712,0.2520403589687868,0.043719072511373275,0.2915667669050715,decreasing,decreasing,False,True,False,True
.ASC+57.021ESDVLHFTSTTTSK.,Baricitinib,8,1,7,1,0.342727222295224,0.36487480823962165,0.9565621612147446,-0.36785310253605435,0.8209575355403957,0.004934995040241232,0.15625,.ASCESDVLHFTSTTTSK.,sp|P08069|IGF1R_HUMAN,0.672,0.21946184435651112,0.25926808208613233,0.043719072511373275,0.29465121722846443,decreasing,increasing,False,True,False,True
.DLQHPNEFIR.,Baricitinib,8,1,7,1,-0.15762398590510074,-0.5879526528831873,1.6546302877987138,-0.5095173534715232,0.8192407405618997,0.005057783010440994,0.15625,.DLQHPNEFIR.,sp|P53618|COPB_HUMAN,0.622,0.22074760061768978,0.25926808208613233,0.043719072511373275,0.29465121722846443,decreasing,decreasing,False,True,False,True
.TFITQQGIK.,Baricitinib,9,0,8,1,-0.2269471128762266,-0.4998789946692286,1.355558379935399,-0.4507497397085706,0.755237491278977,0.005077562324232103,0.1953125,.TFITQQGIK.,sp|Q96CW1|AP2M1_HUMAN,0.64,0.22074760061768978,0.3058342496782904,0.043719072511373275,0.33697262278697887,decreasing,decreasing,False,True,False,True
.LIDWGLAEFYHPAQEYNVR.,Baricitinib,9,0,8,1,-0.3703476476915437,-0.5387967824778053,2.080074941036891,-0.5950618999425951,0.7549392756322247,0.005096860739663606,0.25,.LIDWGLAEFYHPAQEYNVR.,sp|P19784|CSK22_HUMAN,0.886,0.22074760061768978,0.366234778661509,0.043719072511373275,0.3705839057899902,decreasing,decreasing,False,True,False,True
.DKLPQSQLSHQDLQLVK.,Baricitinib,9,0,8,1,-0.3657806576116709,-0.53328364109068,1.850304785784953,-0.7308008594634154,0.7581704072357206,0.004890457421539368,0.3125,.DKLPQSQLSHQDLQLVK.,sp|Q15418|KS6A1_HUMAN,0.956,0.21923751724140342,0.4300322117167223,0.043719072511373275,0.4135183968462549,decreasing,decreasing,False,True,False,True
.VDEFNVSSPQFVGNLR.,Baricitinib,9,0,8,1,-0.26675394763161187,-0.27351728395203034,1.4898100239900387,-0.5030105059682711,0.7581421153827353,0.0048922390740443866,0.3125,.VDEFNVSSPQFVGNLR.,sp|P51946|CCNH_HUMAN,0.814,0.21923751724140342,0.4300322117167223,0.043719072511373275,0.4135183968462549,decreasing,decreasing,False,True,False,True
.QYDSVEC+57.021PFC+57.021DEVSKYEK.,Baricitinib,9,0,8,1,0.8026282786721364,0.39129082758986966,1.1577301806925426,-0.530221251816867,0.7544031774155661,0.005131681155557346,0.3125,.QYDSVECPFCDEVSKYEK.,sp|P50750|CDK9_HUMAN,0.88,0.22107003344669748,0.4300322117167223,0.043719072511373275,0.4135183968462549,decreasing,increasing,False,True,False,True
.VGQHLGALDYLLPEEYTSTLK.,Baricitinib,9,0,8,1,-0.30472349649314445,-0.4835850735037379,2.046438130781983,-0.7271699058794192,0.7601441384676012,0.004767270734045417,0.3125,.VGQHLGALDYLLPEEYTSTLK.,sp|Q86TW2|ADCK1_HUMAN,0.816,0.21796498916900378,0.4300322117167223,0.043719072511373275,0.4135183968462549,decreasing,decreasing,False,True,False,True
.LTGVFAPR.,Baricitinib,9,0,8,1,-0.43487049763458074,-0.5287892205623144,1.5940167974990374,-0.5356503369456938,0.7582016900018423,0.004888487943066729,0.3125,.LTGVFAPR.,sp|P62701|RS4X_HUMAN,0.742,0.21923751724140342,0.4300322117167223,0.043719072511373275,0.4135183968462549,decreasing,decreasing,False,True,False,True
.LDFLGEGQFATVYK.,Baricitinib,8,1,7,1,0.44374491613571365,0.1614061015417317,0.7199823621313364,-0.35605988718761766,0.8245132685506644,0.004686647997544207,0.46875,.LDFLGEGQFATVYK.,sp|P50613|CDK7_HUMAN,0.816,0.21734370823205518,0.5836483783307752,0.043719072511373275,0.545280612244898,decreasing,increasing,False,True,False,True
.STPQKLDVIK.,Baricitinib,9,0,8,1,-0.12538056647992413,-0.4045243108446481,1.9208581754489522,-0.5582491473050131,0.7553737684894911,0.005068760329167759,0.4609375,.STPQKLDVIK.,sp|Q8TD19|NEK9_HUMAN,0.936,0.22074760061768978,0.5832049128107661,0.043719072511373275,0.545280612244898,decreasing,decreasing,False,True,False,True
.YLDPNDFGAVR.,Baricitinib,8,1,7,1,0.15370573988078817,-0.4226661775469636,2.5243531405887936,-0.7211528580371775,0.8230217464895515,0.004789847266296377,0.578125,.YLDPNDFGAVR.,sp|Q86TW2|ADCK1_HUMAN,0.602,0.21839731244260654,0.6876835392578704,0.043719072511373275,0.6435208640383199,decreasing,increasing,False,True,False,True
.ITATQALK.,Baricitinib,9,0,8,1,0.06861725265733298,-0.300095911286816,1.4687052269185692,-0.49388006000230383,0.7569434671959946,0.004968137160731521,0.640625,.ITATQALK.,sp|P50613|CDK7_HUMAN,0.846,0.2196778184482501,0.7392294231725897,0.043719072511373275,0.6969132607129996,decreasing,increasing,False,True,False,True
.TNGDQASC+57.021ENELLK.,Baricitinib,9,0,8,1,0.26062209950666926,-0.1373127289288507,1.377864829804551,-0.6005419295773798,0.759708761486235,0.004794256810724299,0.7421875,.TNGDQASCENELLK.,sp|P06213|INSR_HUMAN,0.746,0.21846985783049533,0.8194615531218623,0.043719072511373275,0.7847911926846343,decreasing,increasing,False,True,False,True
.VSFYQLSHFLQC+57.021K.,Baricitinib,9,0,8,1,0.03479670063734197,-0.11733000799104776,1.7560916660546049,-0.7277975027979839,0.7550309123614357,0.005090925248168862,1.0,.VSFYQLSHFLQCK.,sp|P16615|AT2A2_HUMAN,0.832,0.22074760061768978,1.0,0.043719072511373275,1.0,decreasing,increasing,False,True,False,True
.NILVASPEC+57.021VK.,Baricitinib,9,0,8,1,0.40241141202927544,-0.21236039313254906,3.3591985908767477,-0.9282428808428537,0.7578942078815896,0.00490787007298844,1.0,.NILVASPECVK.,sp|Q14289|FAK2_HUMAN,0.692,0.21923751724140342,1.0,0.043719072511373275,1.0,decreasing,increasing,False,True,False,True
.EDALAFNSAISLPGPR.,Baricitinib,8,1,7,1,0.3607280357549385,-0.036903173161333215,0.8635722418264713,-0.40440303813373424,0.8205510077380688,0.004963900232452013,1.0,.EDALAFNSAISLPGPR.,sp|P20248|CCNA2_HUMAN,0.634,0.21962338402343712,1.0,0.043719072511373275,1.0,decreasing,increasing,False,True,False,True
.SDSAFFWEER.,Baricitinib,8,1,7,1,-0.34614679415199134,-1.4666897521867444,4.083056689842877,-1.3707110689697906,0.8163030866659146,0.005272285154504693,0.015625,.SDSAFFWEER.,sp|Q13464|ROCK1_HUMAN,0.894,0.22168193066510564,0.04724512190154185,0.04380570138108656,0.13564116379310345,decreasing,decreasing,False,True,False,True
.IISSDRDLLAVVFYGTEK.,Baricitinib,9,0,8,1,-0.8457997246693871,-0.8163516423166342,1.5962559823893159,-0.4898128362025844,0.7533177277923359,0.005202687838518414,0.0234375,.IISSDRDLLAVVFYGTEK.,sp|P12956|XRCC6_HUMAN,0.404,0.22107003344669748,0.06503412319395899,0.04380570138108656,0.1587549047085202,decreasing,decreasing,False,True,False,True
.NKEIFLR.,Baricitinib,9,0,8,1,-0.9894747163688926,-1.3346823699112065,2.9612906097485734,-0.827445618384087,0.7537102209822711,0.005176933969853406,0.0234375,.NKEIFLR.,sp|P08238|HS90B_HUMAN,0.244,0.22107003344669748,0.06503412319395899,0.04380570138108656,0.1587549047085202,decreasing,decreasing,False,True,False,True
.AAQQQTVQQQPLAGSR.,Baricitinib,9,0,8,1,-1.1848004083677708,-1.2102630006677386,2.7219274003954546,-0.7752826624403178,0.7530783486183157,0.005218438554924514,0.0546875,.AAQQQTVQQQPLAGSR.,sp|Q13233|M3K1_HUMAN,0.97,0.22107003344669748,0.11750218003270954,0.04380570138108656,0.1903351814516129,decreasing,decreasing,False,True,False,True
.AAVPDAVGK.,Baricitinib,8,1,7,1,-0.501559430974126,-0.8069379865615015,1.8985237119812943,-0.5319624114942537,0.8169526237204476,0.005224376828211966,0.046875,.AAVPDAVGK.,sp|P05023|AT1A1_HUMAN,0.454,0.22119570857589418,0.10712409559729064,0.04380570138108656,0.1903351814516129,decreasing,decreasing,False,True,False,True
.VLGTEELYGYLKK.,Baricitinib,9,0,8,1,-0.508864384490666,-0.6992773434208734,2.47981458944896,-0.5816256986476923,0.7525488264313888,0.005253397726272909,0.109375,.VLGTEELYGYLKK.,sp|P19784|CSK22_HUMAN,0.836,0.22154875840946245,0.19579115469486683,0.04380570138108656,0.2443948779585799,decreasing,decreasing,False,True,False,True
.FDVINLAAEK.,Baricitinib,9,0,8,1,-0.47873410604901245,-0.5684674398658007,1.585932023411818,-0.5054084607950599,0.752569439243128,0.005252033830899357,0.1953125,.FDVINLAAEK.,sp|P54619|AAKG1_HUMAN,0.636,0.22154875840946245,0.3058342496782904,0.04380570138108656,0.33697262278697887,decreasing,decreasing,False,True,False,True
.VADFGLAR.,Baricitinib,9,0,8,1,-0.2998533696153043,-0.3789107791585966,1.0383412530843295,-0.3915111718182456,0.752104849376575,0.005282834254127057,0.25,.VADFGLAR.,sp|P12931|SRC_HUMAN,0.856,0.2218865601247991,0.366234778661509,0.04380570138108656,0.3705839057899902,decreasing,decreasing,False,True,False,True
.GAGATLEHQQEISK.,Baricitinib,9,0,8,1,-0.4312501192288316,-0.4971007606784186,1.8131042685829364,-0.6340516232498113,0.7520770880397131,0.005284678679818073,0.3125,.GAGATLEHQQEISK.,sp|Q9Y5S2|MRCKB_HUMAN,0.96,0.22190211186822226,0.4300322117167223,0.04380570138108656,0.4135183968462549,decreasing,decreasing,False,True,False,True
.ISLGLPVGAVINC+57.021ADNTGAK.,Baricitinib,9,0,8,1,-0.40129394512849004,-0.3999787622295976,1.580205355206175,-0.61858403559299,0.7533672669682425,0.005199432377627123,0.4609375,.ISLGLPVGAVINCADNTGAK.,sp|P62829|RL23_HUMAN,0.91,0.22107003344669748,0.5832049128107661,0.04380570138108656,0.545280612244898,decreasing,decreasing,False,True,False,True
.KGTEELYAIK.,Baricitinib,9,0,8,1,-0.2337315580696533,-0.8380901302523478,2.4016942397323113,-0.8000648352509703,0.7517723253662709,0.005304956112829915,0.25,.KGTEELYAIK.,sp|P17252|KPCA_HUMAN,0.73,0.22238381276355548,0.366234778661509,0.04385525713759933,0.3705839057899902,decreasing,decreasing,False,True,False,True
.DIKDENILIDLNRGELK.,Baricitinib,9,0,8,1,-0.8308451276351008,-1.1160891455398807,2.665685123323975,-0.6898737089026937,0.7515051952805553,0.0053227740404893815,0.0078125,.DIKDENILIDLNRGELK.,sp|P11309|PIM1_HUMAN,0.552,0.22277763725726427,0.03868310569675138,0.04388426876930358,0.13564116379310345,decreasing,decreasing,False,True,False,True
.IVVSNTPR.,Baricitinib,8,1,7,1,-0.5829747317498857,-0.5306154709587467,1.487283739102537,-0.43814745902959773,0.8151024386190718,0.005361563825163684,0.109375,.IVVSNTPR.,sp|Q92616|GCN1_HUMAN,0.37,0.22349604559285433,0.19579115469486683,0.044085566358651525,0.2443948779585799,decreasing,decreasing,False,True,False,True
.GDVLTIVAVTKDPNWYK.,Baricitinib,9,0,8,1,-0.7644323021452646,-0.8393053445216445,1.6257639811633524,-0.4009388163796207,0.748857637597238,0.005501623909909567,0.0078125,.GDVLTIVAVTKDPNWYK.,sp|P41240|CSK_HUMAN,0.8,0.2250169892465363,0.03868310569675138,0.04409285516894514,0.13564116379310345,decreasing,decreasing,False,True,False,True
.QWALEDFEIGRPLGK.,Baricitinib,9,0,8,1,-1.0589710980000167,-1.0643902822740174,2.518437702574058,-0.6287873944293253,0.7465818438261816,0.005658662128228149,0.0078125,.QWALEDFEIGRPLGK.,sp|O14965|AURKA_HUMAN,0.718,0.22599348624580748,0.03868310569675138,0.04409285516894514,0.13564116379310345,decreasing,decreasing,False,True,False,True
.VYYDISTAK.,Baricitinib,8,1,7,1,-0.30271044746743314,-1.2047241340820807,3.5765160656518233,-1.2429221415581586,0.8058239034638415,0.0060835378352382,0.015625,.VYYDISTAK.,sp|O75116|ROCK2_HUMAN,0.752,0.2288967702096195,0.04724512190154185,0.04409285516894514,0.13564116379310345,decreasing,decreasing,False,True,False,True
.VGIENFELLK.,Baricitinib,9,0,8,1,-1.4247298685409593,-1.5870011685338397,2.9798395062947662,-0.7376715176073905,0.7491201273461704,0.005483708287230946,0.0078125,.VGIENFELLK.,sp|O75582|KS6A5_HUMAN,0.654,0.2250169892465363,0.03868310569675138,0.04409285516894514,0.13564116379310345,decreasing,decreasing,False,True,False,True
.HPPLLPNGK.,Baricitinib,9,0,8,1,-0.6562026007674095,-1.00380305021941,2.3541857063806475,-0.647189732202722,0.7427402853723977,0.005930772344406187,0.015625,.HPPLLPNGK.,sp|Q9H6S1|AZI2_HUMAN,0.736,0.22822535046887923,0.04724512190154185,0.04409285516894514,0.13564116379310345,decreasing,decreasing,False,True,False,True
.ASGDSARPVLLQVAESAYR.,Baricitinib,9,0,8,1,-0.3352833541920308,-0.6105157020811287,1.434643589682544,-0.41107998715170946,0.74406348164115,0.005836041375048335,0.015625,.ASGDSARPVLLQVAESAYR.,sp|Q9UJS0|CMC2_HUMAN,0.306,0.22772165874861397,0.04724512190154185,0.04409285516894514,0.13564116379310345,decreasing,decreasing,False,True,False,True
.DGIHGPLLEPFVQAK.,Baricitinib,9,0,8,1,-0.45715678448493335,-0.6120368220572692,1.9993702145411625,-0.4720189289456996,0.7452274668413726,0.005753583503648363,0.0546875,.DGIHGPLLEPFVQAK.,sp|P29597|TYK2_HUMAN,0.47,0.2270967427570782,0.11750218003270954,0.04409285516894514,0.1903351814516129,decreasing,decreasing,False,True,False,True
.QQIQSIQQSIER.,Baricitinib,9,0,8,1,-0.35233621130781856,-0.7103842122961415,2.056498825088635,-0.598986365580642,0.7433388757583195,0.0058877862708506075,0.0546875,.QQIQSIQQSIER.,sp|P55769|NH2L1_HUMAN,0.47,0.22822535046887923,0.11750218003270954,0.04409285516894514,0.1903351814516129,decreasing,decreasing,False,True,False,True
.LLEGEEER.,Baricitinib,9,0,8,1,-0.8518837159171397,-1.0564761015613704,2.450231626822813,-0.7770558088585314,0.7428805685055413,0.005920678782110508,0.0546875,.LLEGEEER.,sp|P02545|LMNA_HUMAN,0.236,0.22822535046887923,0.11750218003270954,0.04409285516894514,0.1903351814516129,decreasing,decreasing,False,True,False,True
.IGEGSTGIVC+57.021IATVR.,Baricitinib,9,0,8,1,-0.8431004867761,-0.8191344256099868,2.37883290223089,-0.6385716078590288,0.7405849563844558,0.006087360771024044,0.078125,.IGEGSTGIVCIATVR.,sp|O96013|PAK4_HUMAN,0.912,0.2288967702096195,0.152056647743661,0.04409285516894514,0.2132029132791328,decreasing,decreasing,False,True,False,True
.ALDFFVPALHYEVDAQR.,Baricitinib,8,1,7,1,-0.9447927185002811,-0.9343308231715142,2.408395070584337,-0.6544991264119433,0.8078446640406413,0.00592141697370671,0.078125,.ALDFFVPALHYEVDAQR.,sp|Q6PHR2|ULK3_HUMAN,0.834,0.22822535046887923,0.152056647743661,0.04409285516894514,0.2132029132791328,decreasing,decreasing,False,True,False,True
.SEFEQNLSEKLSEQELQFR.,Baricitinib,8,1,7,1,-0.8367809075077766,-1.0159463732037806,2.3590389900188242,-0.8140774667722515,0.8090635590712787,0.005824952461801153,0.078125,.SEFEQNLSEKLSEQELQFR.,sp|Q16891|MIC60_HUMAN,0.346,0.2275422428462732,0.152056647743661,0.04409285516894514,0.2132029132791328,decreasing,decreasing,False,True,False,True
.ALELDSNLYR.,Baricitinib,8,1,7,1,-0.506951317790648,-0.9455225406125491,2.6750815292612486,-0.7589349576609685,0.8061290857720209,0.006058877521562781,0.078125,.ALELDSNLYR.,sp|P35579|MYH9_HUMAN,0.454,0.2288967702096195,0.152056647743661,0.04409285516894514,0.2132029132791328,decreasing,decreasing,False,True,False,True
.ISVYYNEASSHK.,Baricitinib,9,0,8,1,-0.622083211638838,-0.8045332367377562,2.008960173284109,-0.6806751695263138,0.7468780880420247,0.005638046002597072,0.109375,.ISVYYNEASSHK.,sp|Q13509|TBB3_HUMAN,0.966,0.2259559367643413,0.19579115469486683,0.04409285516894514,0.2443948779585799,decreasing,decreasing,False,True,False,True
.AGLQFPVGR.,Baricitinib,9,0,8,1,-0.21371603008657658,-0.47459991532079915,1.464041776406038,-0.4368066370328823,0.7463056943488903,0.00567792697626132,0.109375,.AGLQFPVGR.,sp|P04908|H2A1B_HUMAN,0.926,0.2262676174115496,0.19579115469486683,0.04409285516894514,0.2443948779585799,decreasing,decreasing,False,True,False,True
.FHSFSFYELK.,Baricitinib,9,0,8,1,-0.6267167249263927,-0.8192200005541301,2.0493431789357324,-0.6377694601958606,0.7402761335756226,0.006110030468471368,0.109375,.FHSFSFYELK.,sp|Q9NWZ3|IRAK4_HUMAN,0.564,0.2288967702096195,0.19579115469486683,0.04409285516894514,0.2443948779585799,decreasing,decreasing,False,True,False,True
.DHPALNYNIVSGPPSHK.,Baricitinib,8,1,7,1,-0.692423588937789,-0.7250230060098534,1.7380115084071974,-0.5945921860448692,0.8147590042145956,0.005387273932072309,0.109375,.DHPALNYNIVSGPPSHK.,sp|O15269|SPTC1_HUMAN,0.644,0.22377612032231442,0.19579115469486683,0.04409285516894514,0.2443948779585799,decreasing,decreasing,False,True,False,True
.TYNNLDVSVTK.,Baricitinib,9,0,8,1,-0.5351730336302083,-0.5513077621956386,1.6946973622508565,-0.5045097716613917,0.7460286871563327,0.005697297431157778,0.1484375,.TYNNLDVSVTK.,sp|P54619|AAKG1_HUMAN,0.884,0.226438997830398,0.2520403589687868,0.04409285516894514,0.2915667669050715,decreasing,decreasing,False,True,False,True
.HSSLITPLQAVAQR.,Baricitinib,9,0,8,1,-0.5053974930012313,-0.7036944598736405,1.7487317609384263,-0.5315149930326613,0.742193817272326,0.005970205662899486,0.1484375,.HSSLITPLQAVAQR.,sp|P78527|PRKDC_HUMAN,0.956,0.22836653173663507,0.2520403589687868,0.04409285516894514,0.2915667669050715,decreasing,decreasing,False,True,False,True
.TGDLFAIK.,Baricitinib,9,0,8,1,-0.7182663801036426,-0.7288035372953634,2.2799005735399582,-0.6664289664434603,0.7433342666432665,0.0058881164305489364,0.1484375,.TGDLFAIK.,sp|Q9UHD2|TBK1_HUMAN,0.912,0.22822535046887923,0.2520403589687868,0.04409285516894514,0.2915667669050715,decreasing,decreasing,False,True,False,True
.ASRPALSLQETR.,Baricitinib,9,0,8,1,-0.5040843537853448,-0.8051141063588929,2.0080063266064165,-0.6227872738479885,0.7434708437756791,0.0058783386134198925,0.1484375,.ASRPALSLQETR.,sp|Q9Y2U5|M3K2_HUMAN,0.73,0.22822535046887923,0.2520403589687868,0.04409285516894514,0.2915667669050715,decreasing,decreasing,False,True,False,True
.YINENLIVNTDELGRDC+57.021LINAAK.,Baricitinib,9,0,8,1,-0.4910194373538115,-0.5839381802348518,1.565413793388089,-0.5339250754491536,0.7451345185871008,0.005760138089783328,0.1484375,.YINENLIVNTDELGRDCLINAAK.,sp|P17987|TCPA_HUMAN,0.358,0.2270967427570782,0.2520403589687868,0.04409285516894514,0.2915667669050715,decreasing,decreasing,False,True,False,True
.TEAEKQAEKEEAEYRK.,Baricitinib,9,0,8,1,-0.6940019985231771,-0.9547900695396256,2.9588296550485254,-0.886343340060338,0.7480051478085443,0.005560089175664019,0.1484375,.TEAEKQAEKEEAEYRK.,sp|P08069|IGF1R_HUMAN,0.312,0.22528256598289167,0.2520403589687868,0.04409285516894514,0.2915667669050715,decreasing,decreasing,False,True,False,True
.DLKPNNLLLDENGVLK.,Baricitinib,9,0,8,1,-0.4929829152584375,-0.7892557699240759,2.4118325955975735,-0.7857605696923656,0.7439521446482085,0.005843971416290835,0.1953125,.DLKPNNLLLDENGVLK.,sp|P50613|CDK7_HUMAN,0.964,0.22774347036853845,0.3058342496782904,0.04409285516894514,0.33697262278697887,decreasing,decreasing,False,True,False,True
.GAPVNISSSDLTGR.,Baricitinib,8,1,7,1,-0.7191548009884166,-0.6366832546347199,1.592542392681647,-0.5365172832411558,0.8079121530536864,0.005916049830271388,0.21875,.GAPVNISSSDLTGR.,sp|P48730|KC1D_HUMAN,0.764,0.22822535046887923,0.3350457828217694,0.04409285516894514,0.3619078587075575,decreasing,decreasing,False,True,False,True
.QATVSWDSGGSDEAPPKPSRPGYPSPR.,Baricitinib,9,0,8,1,-0.44848297066423726,-0.49958515623585775,1.4452790896514713,-0.5445314514558387,0.748996453584605,0.00549214429081721,0.25,.QATVSWDSGGSDEAPPKPSRPGYPSPR.,sp|Q05397|FAK1_HUMAN,0.836,0.2250169892465363,0.366234778661509,0.04409285516894514,0.3705839057899902,decreasing,decreasing,False,True,False,True
.RDPSEEIEILLR.,Baricitinib,9,0,8,1,-0.5051710418728916,-0.8019453151189038,2.1419429650083295,-0.6902107804723774,0.7408233998985175,0.006069897504861725,0.25,.RDPSEEIEILLR.,sp|Q15418|KS6A1_HUMAN,0.812,0.2288967702096195,0.366234778661509,0.04409285516894514,0.3705839057899902,decreasing,decreasing,False,True,False,True
.APELLFGAR.,Baricitinib,9,0,8,1,-0.41835344201223457,-0.5591305640659407,1.8395459288939406,-0.5874474216127255,0.7409751267679577,0.006058803419454974,0.25,.APELLFGAR.,sp|P50613|CDK7_HUMAN,0.876,0.2288967702096195,0.366234778661509,0.04409285516894514,0.3705839057899902,decreasing,decreasing,False,True,False,True
.LLGQGAFGR.,Baricitinib,9,0,8,1,-0.9390642380251624,-0.9927293266947368,2.896680831673816,-0.9508917536914827,0.7410412623197942,0.0060539720883462005,0.25,.LLGQGAFGR.,sp|Q9Y2U5|M3K2_HUMAN,0.95,0.2288967702096195,0.366234778661509,0.04409285516894514,0.3705839057899902,decreasing,decreasing,False,True,False,True
.TIAEC+57.021LADELINAAK.,Baricitinib,9,0,8,1,-0.21876712585699742,-0.45319939761840455,1.4802196161305545,-0.5168762369148497,0.7404213027711188,0.006099366753221774,0.25,.TIAECLADELINAAK.,sp|P46782|RS5_HUMAN,0.59,0.2288967702096195,0.366234778661509,0.04409285516894514,0.3705839057899902,decreasing,decreasing,False,True,False,True
.VLGQGSFGK.,Baricitinib,9,0,8,1,-0.657559216882337,-0.8593382750662388,2.2137225597953822,-0.7493109402417383,0.7479654885339858,0.005562819543705632,0.25,.VLGQGSFGK.,sp|Q15418|KS6A1_HUMAN,0.83,0.22528256598289167,0.366234778661509,0.04409285516894514,0.3705839057899902,decreasing,decreasing,False,True,False,True
.QLLYSENK.,Baricitinib,9,0,8,1,-0.5509976843849884,-0.6856695477590145,1.8174690240520484,-0.6657808204327019,0.740883916331643,0.006065470922468429,0.25,.QLLYSENK.,sp|P42685|FRK_HUMAN,0.75,0.2288967702096195,0.366234778661509,0.04409285516894514,0.3705839057899902,decreasing,decreasing,False,True,False,True
.AGAIAPC+57.021EVTVPAQNTGLGPEK.,Baricitinib,9,0,8,1,-0.612438115669109,-0.8726934483982309,2.6641055383835663,-0.8931978259987764,0.7498584017809956,0.005433536506637087,0.25,.AGAIAPCEVTVPAQNTGLGPEK.,sp|P05388|RLA0_HUMAN,0.97,0.22474371144021377,0.366234778661509,0.04409285516894514,0.3705839057899902,decreasing,decreasing,False,True,False,True
.YASINTHLGIEQSR.,Baricitinib,9,0,8,1,-0.4291795817903399,-0.4743179329597478,1.6678480267992732,-0.6249245005835203,0.7416963527812952,0.0060062611974980975,0.3125,.YASINTHLGIEQSR.,sp|P48730|KC1D_HUMAN,0.958,0.22864493294236474,0.4300322117167223,0.04409285516894514,0.4135183968462549,decreasing,decreasing,False,True,False,True
.AGPLAGGVTTFVALYDYESR.,Baricitinib,9,0,8,1,-0.23861006408626295,-0.26719601866380804,0.8808489334210705,-0.343222975318028,0.7444469103261923,0.005808788728131033,0.3125,.AGPLAGGVTTFVALYDYESR.,sp|P12931|SRC_HUMAN,0.83,0.22737280268732235,0.4300322117167223,0.04409285516894514,0.4135183968462549,decreasing,decreasing,False,True,False,True
.LGAGPDGVEEIKR.,Baricitinib,9,0,8,1,-0.3261067320029145,-0.6011817664374917,2.068168876930635,-0.7269888596326609,0.7489314487658768,0.005496581997110013,0.3125,.LGAGPDGVEEIKR.,sp|P51812|KS6A3_HUMAN,0.884,0.2250169892465363,0.4300322117167223,0.04409285516894514,0.4135183968462549,decreasing,decreasing,False,True,False,True
.ATSLVDAVNSDAAKPSQPGEGLK.,Baricitinib,9,0,8,1,-0.43591468392624577,-0.5194832418091755,1.4702505441733678,-0.493941964900823,0.742825873078014,0.005924612769585696,0.3125,.ATSLVDAVNSDAAKPSQPGEGLK.,sp|P00519|ABL1_HUMAN,0.904,0.22822535046887923,0.4300322117167223,0.04409285516894514,0.4135183968462549,decreasing,decreasing,False,True,False,True
.ISSYPEDNFPDEEKASTIK.,Baricitinib,9,0,8,1,-0.3383232783794323,-0.5310154467713031,1.8477153612449229,-0.6464227471106461,0.745401257258038,0.005741341957063168,0.3125,.ISSYPEDNFPDEEKASTIK.,sp|Q9Y4K4|M4K5_HUMAN,0.636,0.2270967427570782,0.4300322117167223,0.04409285516894514,0.4135183968462549,decreasing,decreasing,False,True,False,True
.IPQERPTSAELLR.,Baricitinib,9,0,8,1,-0.27973774430319587,-0.5214712635124146,2.047150962718341,-0.7823104409417307,0.7408555769403091,0.006067543577878375,0.3125,.IPQERPTSAELLR.,sp|Q9H2K8|TAOK3_HUMAN,0.722,0.2288967702096195,0.4300322117167223,0.04409285516894514,0.4135183968462549,decreasing,decreasing,False,True,False,True
.FYFENLLSK.,Baricitinib,8,1,7,1,-0.3017510687350331,-1.1343037652868238,5.130307583523123,-1.3451859596919356,0.8128866289599778,0.005528800696439883,0.375,.FYFENLLSK.,sp|Q13555|KCC2G_HUMAN,0.902,0.22526009652193643,0.5008288112926537,0.04409285516894514,0.4743546195652174,decreasing,decreasing,False,True,False,True
.C+57.021TVQTEIR.,Baricitinib,9,0,8,1,-0.20781956718815842,-0.37057359996523065,1.5081655330590849,-0.6216912223718745,0.7482586752079929,0.005542656926248172,0.3828125,.CTVQTEIR.,sp|Q14289|FAK2_HUMAN,0.694,0.22526009652193643,0.5008288112926537,0.04409285516894514,0.4743546195652174,decreasing,decreasing,False,True,False,True
.NLLLLANSTEEQQK.,Baricitinib,8,1,7,1,-0.029902096916821108,-0.8307604754813472,3.5263597241453546,-1.2526633179953648,0.811596228123815,0.005627679125296164,0.46875,.NLLLLANSTEEQQK.,sp|O75116|ROCK2_HUMAN,0.928,0.22584431376602723,0.5836483783307752,0.04409285516894514,0.545280612244898,decreasing,decreasing,False,True,False,True
.NVAVDELSR.,Baricitinib,9,0,8,1,-0.008091138572103418,-0.2489388391333276,1.4702802192139899,-0.6187897411186171,0.7464919956170732,0.005664925158045798,0.546875,.NVAVDELSR.,sp|P16083|NQO2_HUMAN,0.818,0.22599348624580748,0.6608582996198585,0.04409285516894514,0.6173801849775785,decreasing,decreasing,False,True,False,True
.PLVDPAC+57.021ITSIQPGAPK.,Baricitinib,9,0,8,1,0.4733706754988578,0.25697580425744304,1.82848779217748,-0.6737627678950281,0.7501638246625948,0.005412874120330588,0.546875,.PLVDPACITSIQPGAPK.,sp|O96013|PAK4_HUMAN,0.496,0.22424805541912607,0.6608582996198585,0.04409285516894514,0.6173801849775785,decreasing,increasing,False,True,False,True
.GEVPC+57.021TVTSASPLEEATLSELK.,Baricitinib,9,0,8,1,-0.1345136600417156,-0.33810110814138383,1.9067688151827085,-0.7068775006403129,0.7463158258344865,0.005677219374914725,0.640625,.GEVPCTVTSASPLEEATLSELK.,sp|P48047|ATPO_HUMAN,0.528,0.2262676174115496,0.7392294231725897,0.04409285516894514,0.6969132607129996,decreasing,decreasing,False,True,False,True
.VIDPVAPR.,Baricitinib,8,1,7,1,0.202071338873548,-0.3517203795002613,2.0800845940625194,-0.7480688805383794,0.8099524805539692,0.005755227677524245,0.6875,.VIDPVAPR.,sp|P07814|SYEP_HUMAN,0.366,0.2270967427570782,0.7829131572083889,0.04409285516894514,0.7391236654804271,decreasing,increasing,False,True,False,True
.GYFFPTSAR.,Baricitinib,8,1,7,1,0.23512073073077744,-0.08926448148109653,0.9444418433858246,-0.41078931230211047,0.8126083030160266,0.005550034917724832,0.6875,.GYFFPTSAR.,sp|Q9UBM7|DHCR7_HUMAN,0.312,0.22528256598289167,0.7829131572083889,0.04409285516894514,0.7391236654804271,decreasing,increasing,False,True,False,True
.YVDIAIPC+57.021NNK.,Baricitinib,9,0,8,1,0.08108472876876327,-0.22986656587323973,1.9777606397947096,-0.7056046142561713,0.7423438232952916,0.0059593630661825955,0.7421875,.YVDIAIPCNNK.,sp|P08865|RSSA_HUMAN,0.836,0.22822535046887923,0.8194615531218623,0.04409285516894514,0.7847911926846343,decreasing,increasing,False,True,False,True
.NILVNSNLVC+57.021K.,Baricitinib,9,0,8,1,0.19619619824303847,0.005855971021298867,1.133387806797078,-0.5344695112580564,0.7467296304184828,0.0056483708747979994,0.9453125,.NILVNSNLVCK.,sp|P29323|EPHB2_HUMAN,0.924,0.22599348624580748,0.9637759898015246,0.04409285516894514,0.9544749540441176,decreasing,increasing,False,True,False,True
.LSEEAEC+57.021PNPSTPSK.,Baricitinib,9,0,8,1,0.23306795298175587,0.04207741824931199,1.4067530827538235,-0.6101217482452822,0.7442961169063422,0.00581949596250592,0.9453125,.LSEEAECPNPSTPSK.,sp|O94804|STK10_HUMAN,0.832,0.2274833969042621,0.9637759898015246,0.04409285516894514,0.9544749540441176,decreasing,increasing,False,True,False,True
.GVYPDLLATSGDYLR.,Baricitinib,8,1,7,1,0.282474506861238,-0.14370581135171484,1.370778703344449,-0.508800225212235,0.810463594635454,0.005715375201739511,0.9375,.GVYPDLLATSGDYLR.,sp|P61962|DCAF7_HUMAN,0.626,0.2265511110958122,0.9637759898015246,0.04409285516894514,0.9544749540441176,decreasing,increasing,False,True,False,True
.ISFHLPINSR.,Baricitinib,8,1,7,1,-0.07087904839395875,-0.0328884191503168,0.8771557886546262,-0.3875217569780071,0.809775583494713,0.005769061106832254,0.9375,.ISFHLPINSR.,sp|P49755|TMEDA_HUMAN,0.57,0.2270967427570782,0.9637759898015246,0.04409285516894514,0.9544749540441176,decreasing,decreasing,False,True,False,True
.C+57.021TGGEVGATSALAPK.,Baricitinib,8,1,7,1,-0.291220690160344,-0.2886663547975696,1.5347810326261495,-0.7204028724455137,0.8052485478404082,0.006130200650061269,0.578125,.CTGGEVGATSALAPK.,sp|P30050|RL12_HUMAN,0.694,0.2290035969462079,0.6876835392578704,0.04413456665196693,0.6435208640383199,decreasing,decreasing,False,True,False,True
.EIKPPFKPAVAQPDDTFYFDTEFTSR.,Baricitinib,9,0,8,1,-0.9905800987680067,-1.328587476419913,3.1317892783353614,-0.9415468455500923,0.7396886637742753,0.0061533169096737415,0.078125,.EIKPPFKPAVAQPDDTFYFDTEFTSR.,sp|Q15418|KS6A1_HUMAN,0.722,0.22910357966019326,0.152056647743661,0.04414967461395964,0.2132029132791328,decreasing,decreasing,False,True,False,True
.FVPLLPGNR.,Baricitinib,9,0,8,1,-0.5642076931345308,-0.7343392557392043,1.8188536260188854,-0.5697130182588,0.7390007606358764,0.006204274456673167,0.109375,.FVPLLPGNR.,sp|P78527|PRKDC_HUMAN,0.844,0.22910357966019326,0.19579115469486683,0.04414967461395964,0.2443948779585799,decreasing,decreasing,False,True,False,True
.SYLDNFIK.,Baricitinib,9,0,8,1,-0.5762551777604035,-0.6447241382834412,1.785540601203806,-0.5832616656211493,0.7391301019667478,0.006194670937531517,0.1953125,.SYLDNFIK.,sp|O96013|PAK4_HUMAN,0.978,0.22910357966019326,0.3058342496782904,0.04414967461395964,0.33697262278697887,decreasing,decreasing,False,True,False,True
.GSLPWQGLK.,Baricitinib,9,0,8,1,-0.595368451907925,-0.7458075880451114,1.9173892170784548,-0.6678927773876282,0.7394584543300371,0.006170337472458902,0.1953125,.GSLPWQGLK.,sp|P48730|KC1D_HUMAN,0.408,0.22910357966019326,0.3058342496782904,0.04414967461395964,0.33697262278697887,decreasing,decreasing,False,True,False,True
.TIQFVDWC+57.021PTGFK.,Baricitinib,9,0,8,1,-0.2022864240427733,-0.2908532467264173,1.5807446345096743,-0.5656493948322103,0.7392047173845803,0.006189135497382334,0.640625,.TIQFVDWCPTGFK.,sp|Q9BQE3|TBA1C_HUMAN,0.824,0.22910357966019326,0.7392294231725897,0.04414967461395964,0.6969132607129996,decreasing,decreasing,False,True,False,True
.ALAAPAAEEKEEAREK.,Baricitinib,9,0,8,1,-0.9206958706266661,-1.2570263171880756,2.8122085717867975,-0.7112054643402802,0.7384110798411446,0.0062481893536245284,0.015625,.ALAAPAAEEKEEAREK.,sp|Q01650|LAT1_HUMAN,0.88,0.22933855455195998,0.04724512190154185,0.04415483121559085,0.13564116379310345,decreasing,decreasing,False,True,False,True
.LGQNGIEDFKK.,Baricitinib,8,1,7,1,-1.0720281610373057,-0.9462126117764542,1.8344269046049568,-0.5602577923771858,0.8041306572273248,0.006221505260207678,0.03125,.LGQNGIEDFKK.,sp|Q9Y5S2|MRCKB_HUMAN,0.904,0.2291987974961022,0.08165283546888201,0.04415483121559085,0.17586857302533532,decreasing,decreasing,False,True,False,True
.FQTKDPEEQGDIVVALYPYDGIHPDDLSFK.,Baricitinib,9,0,8,1,-0.4746466574222197,-0.46643511467980314,1.499786810262787,-0.4681358564769269,0.738426270730818,0.006247055344314938,0.25,.FQTKDPEEQGDIVVALYPYDGIHPDDLSFK.,sp|P07948|LYN_HUMAN,0.566,0.22933855455195998,0.366234778661509,0.04415483121559085,0.3705839057899902,decreasing,decreasing,False,True,False,True
.VIEC+57.021SYTSADGQR.,Baricitinib,9,0,8,1,0.022746970228034513,-0.008196931107821825,1.2729674809984637,-0.6046371663450381,0.7371660363913901,0.0063416210530483,1.0,.VIECSYTSADGQR.,sp|Q9UBM7|DHCR7_HUMAN,0.84,0.23067776076507832,1.0,0.044712073033791114,1.0,decreasing,increasing,False,True,False,True
.KYDAFLASESLIK.,Baricitinib,8,1,7,1,-0.3922722251557751,-0.6889459700769572,1.8922637650928316,-0.533599793938308,0.8003836231632879,0.006533759607057761,0.046875,.KYDAFLASESLIK.,sp|P62906|RL10A_HUMAN,0.924,0.23125973997194857,0.10712409559729064,0.04484244043277539,0.1903351814516129,decreasing,decreasing,False,True,False,True
.IDDVAALDKK.,Baricitinib,9,0,8,1,-0.3059618988305228,-1.2623084898126873,3.4679370729107504,-1.1216784860380766,0.7346218668314972,0.006535562723655233,0.109375,.IDDVAALDKK.,sp|P06737|PYGL_HUMAN,0.772,0.23125973997194857,0.19579115469486683,0.04484244043277539,0.2443948779585799,decreasing,decreasing,False,True,False,True
.VLGTGAYGK.,Baricitinib,9,0,8,1,-0.78913248191345,-0.9539549776502243,2.445029471656703,-0.7487657734205813,0.7355118375620854,0.00646725705367728,0.109375,.VLGTGAYGK.,sp|O75676|KS6A4_HUMAN,0.858,0.23114961194837627,0.19579115469486683,0.04484244043277539,0.2443948779585799,decreasing,decreasing,False,True,False,True
.HPQLLYESK.,Baricitinib,9,0,8,1,-0.6306871651629127,-0.9847262028765877,4.1832778921831455,-1.0653339093392211,0.7348025496901758,0.006521654740551332,0.1953125,.HPQLLYESK.,sp|P48729|KC1A_HUMAN,0.8,0.23125973997194857,0.3058342496782904,0.04484244043277539,0.33697262278697887,decreasing,decreasing,False,True,False,True
.LTAALVLR.,Baricitinib,9,0,8,1,-0.3652562010980738,-0.5954182280950309,1.7994675228834858,-0.5927659078766089,0.7352076124127481,0.006490550213952089,0.25,.LTAALVLR.,sp|P51812|KS6A3_HUMAN,0.962,0.23120006207441868,0.366234778661509,0.04484244043277539,0.3705839057899902,decreasing,decreasing,False,True,False,True
.YSLTVAVK.,Baricitinib,9,0,8,1,-0.1728972368155688,-0.34783570090471816,1.1733024111335695,-0.3541410560428413,0.7348449973279607,0.006518390348004213,0.3125,.YSLTVAVK.,sp|P00519|ABL1_HUMAN,0.642,0.23125973997194857,0.4300322117167223,0.04484244043277539,0.4135183968462549,decreasing,decreasing,False,True,False,True
.EVPLPAGIYNLDDLK.,Baricitinib,8,1,7,1,-0.017000641648547088,-0.6087477829394626,2.145882550057614,-0.6089451776289526,0.8012223584083394,0.00646302930625536,0.46875,.EVPLPAGIYNLDDLK.,sp|P18074|ERCC2_HUMAN,0.368,0.23114961194837627,0.5836483783307752,0.04484244043277539,0.545280612244898,decreasing,decreasing,False,True,False,True
.DLKPSNLLINTTC+57.021DLK.,Baricitinib,9,0,8,1,-0.12022126590910887,-0.23489249712290938,1.2447550860683556,-0.47381840243029033,0.7360291818259305,0.006427780203322627,0.546875,.DLKPSNLLINTTCDLK.,sp|P28482|MK01_HUMAN,0.816,0.2310672293227212,0.6608582996198585,0.04484244043277539,0.6173801849775785,decreasing,decreasing,False,True,False,True
.INQVFHGSC+57.021ITEGNELTK.,Baricitinib,9,0,8,1,-0.16071154275675248,-0.32032898747015137,2.0256316185922323,-0.7447232019474229,0.7366747889879935,0.006378751974933283,0.546875,.INQVFHGSCITEGNELTK.,sp|P78527|PRKDC_HUMAN,0.78,0.23099098427143358,0.6608582996198585,0.04484244043277539,0.6173801849775785,decreasing,decreasing,False,True,False,True
.APELFSVQSHC+57.021VIDER.,Baricitinib,9,0,8,1,-0.14907823798016828,-0.27615643978212745,1.6309390526984018,-0.5851766588133753,0.7364401619976212,0.006396539590088952,0.546875,.APELFSVQSHCVIDER.,sp|O75716|STK16_HUMAN,0.564,0.2310449637602912,0.6608582996198585,0.04484244043277539,0.6173801849775785,decreasing,decreasing,False,True,False,True
.LC+57.021LISTFLEDGIR.,Baricitinib,9,0,8,1,0.18608571138714503,-0.03323578031150998,1.0370760620196755,-0.4576865929039983,0.7350927414001724,0.0064993605622303136,0.9453125,.LCLISTFLEDGIR.,sp|O15260|SURF4_HUMAN,0.796,0.23120006207441868,0.9637759898015246,0.04484244043277539,0.9544749540441176,decreasing,increasing,False,True,False,True
.ILQGGVGIPHIR.,Baricitinib,9,0,8,1,0.046016208900169886,-0.060614565414768506,1.6989954325891823,-0.6744268680682339,0.7347137878836478,0.006528484560242996,1.0,.ILQGGVGIPHIR.,sp|P48729|KC1A_HUMAN,0.938,0.23125973997194857,1.0,0.04484244043277539,1.0,decreasing,increasing,False,True,False,True
.AFGGPGAGC+57.021ISEGR.,Baricitinib,9,0,8,1,0.6249926120657676,0.3760285031821753,1.427725427976906,-0.5225392993330495,0.7342379939490543,0.006565179779751789,0.25,.AFGGPGAGCISEGR.,sp|Q9H479|FN3K_HUMAN,0.974,0.2314788871682375,0.366234778661509,0.044945103536827534,0.3705839057899902,decreasing,increasing,False,True,False,True
.VDLFNDLNR.,AT-7519,9,0,8,1,0.12935582270755575,0.330067639175458,1.6706014058423087,-0.5091087691609744,0.851583079124405,0.0010841578569639083,0.25,.VDLFNDLNR.,sp|Q86YS7|C2CD5_HUMAN,0.884,0.17766665532102205,0.366234778661509,0.04498568930541382,0.3376251788268956,decreasing,increasing,False,True,False,True
.ISREESEQIVLIGSK.,Baricitinib,9,0,8,1,-1.0966129250706818,-1.1476624005453573,2.2658242939069027,-0.6452771110437744,0.7321679303665701,0.006726507108454909,0.0078125,.ISREESEQIVLIGSK.,sp|P43405|KSYK_HUMAN,0.738,0.23224576636867056,0.03868310569675138,0.04504409891185853,0.13564116379310345,decreasing,decreasing,False,True,False,True
.VAQASSSQYFR.,Baricitinib,9,0,8,1,-0.7259342119443204,-1.004948046442021,2.133494325764243,-0.5877463990121853,0.7326164567472274,0.006691319875593043,0.015625,.VAQASSSQYFR.,sp|Q99683|M3K5_HUMAN,0.698,0.23180526369467866,0.04724512190154185,0.04504409891185853,0.13564116379310345,decreasing,decreasing,False,True,False,True
.AFHNEAQVNPER.,Baricitinib,9,0,8,1,-0.30463225307716435,-0.717740144292426,1.9251622699748197,-0.5378268972015153,0.7334113850275954,0.00662927287367642,0.0234375,.AFHNEAQVNPER.,sp|P17987|TCPA_HUMAN,0.532,0.2316802353415147,0.06503412319395899,0.04504409891185853,0.1587549047085202,decreasing,decreasing,False,True,False,True
.SQIPLSK.,Baricitinib,9,0,8,1,-0.6952962174111956,-0.9450202857631753,2.4641775864122977,-0.6081813298449642,0.732634674612541,0.006689893389683233,0.0234375,.SQIPLSK.,sp|P13010|XRCC5_HUMAN,0.712,0.23180526369467866,0.06503412319395899,0.04504409891185853,0.1587549047085202,decreasing,decreasing,False,True,False,True
.ETGQIVAIK.,Baricitinib,9,0,8,1,-1.0898443719058122,-1.1479653483200747,2.692559801136948,-0.7867180978665074,0.7327164074366748,0.006683496198457544,0.078125,.ETGQIVAIK.,sp|Q13043|STK4_HUMAN,0.706,0.23180526369467866,0.152056647743661,0.04504409891185853,0.2132029132791328,decreasing,decreasing,False,True,False,True
.ARHPQLLYESK.,Baricitinib,8,1,7,1,-0.48406479585317896,-1.1234365601754857,3.7080699676415882,-0.99044798531333,0.798325138338364,0.006709407768536052,0.15625,.ARHPQLLYESK.,sp|P48729|KC1A_HUMAN,0.55,0.23199391636256997,0.25926808208613233,0.04504409891185853,0.29465121722846443,decreasing,decreasing,False,True,False,True
.VAC+57.021ITEQVLTLVNKR.,Baricitinib,9,0,8,1,-0.2712184910950821,-0.503838030315102,1.3887503601336348,-0.47109282810773057,0.7327204147983576,0.006683182653836841,0.1953125,.VACITEQVLTLVNKR.,sp|P04843|RPN1_HUMAN,0.792,0.23180526369467866,0.3058342496782904,0.04504409891185853,0.33697262278697887,decreasing,decreasing,False,True,False,True
.QSLPPGLAVK.,Baricitinib,9,0,8,1,-0.21230102477382928,-0.525702585220543,1.8131857129299505,-0.6088969076028706,0.7323091122007945,0.006715417402781196,0.3125,.QSLPPGLAVK.,sp|P63173|RL38_HUMAN,0.796,0.23200661431244415,0.4300322117167223,0.04504409891185853,0.4135183968462549,decreasing,decreasing,False,True,False,True
.SFKSDEVTQEISDETR.,Baricitinib,8,1,7,1,-0.1817156379501199,-0.4304834368958811,1.4392715032753784,-0.5620958321452977,0.7983632674564709,0.0067061275966654055,0.296875,.SFKSDEVTQEISDETR.,sp|Q9Y4K4|M4K5_HUMAN,0.344,0.23199391636256997,0.425268553274022,0.04504409891185853,0.4135183968462549,decreasing,decreasing,False,True,False,True
.ITVTSEVPFSK.,Baricitinib,8,1,7,1,0.009940922207253067,-0.06873741091524417,0.8241757787114246,-0.32381728307875685,0.7983475603675539,0.006707478723980314,0.9375,.ITVTSEVPFSK.,sp|P35268|RL22_HUMAN,0.416,0.23199391636256997,0.9637759898015246,0.04504409891185853,0.9544749540441176,decreasing,increasing,False,True,False,True
.ARHTLDELNPQK.,Baricitinib,9,0,8,1,-0.7536434327032708,-1.3198480835234707,3.164975098147732,-0.8760902766477882,0.7314703877242922,0.006781486001878579,0.0078125,.ARHTLDELNPQK.,sp|Q13131|AAPK1_HUMAN,0.598,0.23255904739022332,0.03868310569675138,0.04513735038149709,0.13564116379310345,decreasing,decreasing,False,True,False,True
.KAASQPTSLAPEK.,Baricitinib,9,0,8,1,-0.1367019596595469,-0.48215782812884544,1.618163633706434,-0.5007727606898332,0.7314312020643409,0.006784583803674653,0.3125,.KAASQPTSLAPEK.,sp|Q96N66|MBOA7_HUMAN,0.358,0.23255904739022332,0.4300322117167223,0.04513735038149709,0.4135183968462549,decreasing,decreasing,False,True,False,True
.SPPLNFLSSPVQR.,Baricitinib,8,1,7,1,0.0019812476670715284,-0.38688531007879284,1.9004669534080243,-0.6094455330151172,0.7976749179180809,0.006765500319990206,0.578125,.SPPLNFLSSPVQR.,sp|Q9C0E2|XPO4_HUMAN,0.248,0.23250319170817352,0.6876835392578704,0.04513735038149709,0.6435208640383199,decreasing,increasing,False,True,False,True
.YVTTLLYKPI.,BMS-754807,9,0,8,1,-0.6223067712486401,-1.165590069592048,3.4107731078012407,-0.7868516245972922,0.8705288737881569,0.0007139586268581882,0.0078125,.YVTTLLYKPI.,sp|Q9Y478|AAKB1_HUMAN,0.87,0.1669414028466327,0.03868310569675138,0.04523721188509798,0.017873317805383024,decreasing,decreasing,False,True,True,True
.VVLIGDSGVGK.,AZD-1480,9,0,8,1,-2.0869172901024733,-2.0298193155977087,3.2624914065964568,0.5328047179561367,0.8572968883898477,0.0009613556157717048,0.0078125,.VVLIGDSGVGK.,sp|P62491|RB11A_HUMAN,0.418,0.17529814876961214,0.03868310569675138,0.0453230408421066,0.01901392743854084,increasing,decreasing,False,True,True,True
.HYTNASDGLC+57.021TR.,BI-847325,9,0,8,1,-1.0251517879711365,-1.385016995306628,3.9781292034169766,-1.056152450214857,0.9477418114471685,4.550017599049419e-05,0.0234375,.HYTNASDGLCTR.,sp|P06239|LCK_HUMAN,0.874,0.12215971790461407,0.06503412319395899,0.04539773332388994,0.07309364886731391,decreasing,decreasing,False,True,True,True
.KLEELELDEQQR.,BI-847325,9,0,8,1,-0.8093833781380706,-0.8800364458989431,2.5738057680137203,-0.6550839385552324,0.9393716951071203,7.128632345921374e-05,0.0234375,.KLEELELDEQQR.,sp|Q02750|MP2K1_HUMAN,0.638,0.12243228942106163,0.06503412319395899,0.04539773332388994,0.07309364886731391,decreasing,decreasing,False,True,True,True
.KLDNGGYYITTR.,BI-847325,9,0,8,1,-0.5971703900647967,-0.6159037268359069,2.083012434041411,-0.5565925532853981,0.9381925712647091,7.556213935401122e-05,0.109375,.KLDNGGYYITTR.,sp|P07947|YES_HUMAN,0.868,0.12243228942106163,0.19579115469486683,0.04539773332388994,0.20230526231605886,decreasing,decreasing,False,True,False,True
.RLEEPEEPKVLTPEEQLADKLR.,BI-847325,9,0,8,1,0.048787463221723115,0.10087192910308929,0.741085657192528,0.26827259157564204,0.951554205485963,3.619681930834836e-05,0.546875,.RLEEPEEPKVLTPEEQLADKLR.,sp|O75822|EIF3J_HUMAN,0.622,0.12215971790461407,0.6608582996198585,0.04539773332388994,0.6628996331236897,increasing,increasing,False,True,False,True
.KRTEALEQGGLPK.,AT-7519,9,0,8,1,0.8334872112466574,0.9514958114883356,2.1367462532228956,-0.4683344247186543,0.8504433312685955,0.0011098683247315532,0.0078125,.KRTEALEQGGLPK.,sp|P50613|CDK7_HUMAN,0.844,0.1792275488644102,0.03868310569675138,0.045476854605875396,0.023046875,decreasing,increasing,False,True,True,True
.LYGSAGPPPTGEEDTAEKDEL.,Baricitinib,9,0,8,1,-0.970583147578818,-1.2383187052979454,2.5838477166096894,-0.6764786652077911,0.7284784158251485,0.007020867819354997,0.015625,.LYGSAGPPPTGEEDTAEKDEL.,sp|P11021|BIP_HUMAN,0.546,0.23510226378033977,0.04724512190154185,0.0455928720842857,0.13564116379310345,decreasing,decreasing,False,True,False,True
.SLQALGEVIEAELR.,Baricitinib,9,0,8,1,-0.8644525906539968,-0.8728331465304917,1.846255214013297,-0.4422714884591819,0.7298631027285629,0.006909361189642365,0.015625,.SLQALGEVIEAELR.,sp|Q9Y285|SYFA_HUMAN,0.508,0.23414955155235506,0.04724512190154185,0.0455928720842857,0.13564116379310345,decreasing,decreasing,False,True,False,True
.SLLQALNEVK.,Baricitinib,9,0,8,1,-0.5726600151969201,-0.568034788588692,1.2253010742759258,-0.3276857219206386,0.7289987823096652,0.006978817345214598,0.0234375,.SLLQALNEVK.,sp|Q14204|DYHC1_HUMAN,0.65,0.23473598128861756,0.06503412319395899,0.0455928720842857,0.1587549047085202,decreasing,decreasing,False,True,False,True
.KPDGVKESTESSNTTIEDEDVKAR.,Baricitinib,8,1,7,1,-0.587923309462365,-1.5019278880570088,4.162702059412322,-1.4027752976179255,0.7945691928133692,0.00703748997320388,0.03125,.KPDGVKESTESSNTTIEDEDVKAR.,sp|Q13557|KCC2D_HUMAN,0.75,0.2351330385711655,0.08165283546888201,0.0455928720842857,0.17586857302533532,decreasing,decreasing,False,True,False,True
.ESGQVVAIK.,Baricitinib,8,1,7,1,-1.203299642921312,-0.9459655374188907,1.8924508843032442,-0.5367584377821976,0.7946734381540506,0.007028250898802491,0.046875,.ESGQVVAIK.,sp|Q13188|STK3_HUMAN,0.552,0.23511502544387322,0.10712409559729064,0.0455928720842857,0.1903351814516129,decreasing,decreasing,False,True,False,True
.AKDPFAHLPK.,Baricitinib,9,0,8,1,-0.23838247298391302,-0.7262418738130263,2.1690511795110012,-0.637654148248808,0.7282340687250497,0.00704067424204553,0.078125,.AKDPFAHLPK.,sp|P26641|EF1G_HUMAN,0.51,0.2351330385711655,0.152056647743661,0.0455928720842857,0.2132029132791328,decreasing,decreasing,False,True,False,True
.RQPILDAIEAK.,Baricitinib,9,0,8,1,-0.33683403504000253,-0.6995783039172156,1.8456622620120129,-0.5434357471687962,0.7301204166991945,0.006888777190855852,0.109375,.RQPILDAIEAK.,sp|Q13043|STK4_HUMAN,0.9,0.23405841607863728,0.19579115469486683,0.0455928720842857,0.2443948779585799,decreasing,decreasing,False,True,False,True
.SEEVAVLK.,Baricitinib,9,0,8,1,-0.5975682182920803,-0.7651209306340854,2.009467228482432,-0.6405432022905624,0.7276165510643117,0.007090903157549488,0.1484375,.SEEVAVLK.,sp|P51946|CCNH_HUMAN,0.418,0.23544106937294215,0.2520403589687868,0.0455928720842857,0.2915667669050715,decreasing,decreasing,False,True,False,True
.NLLDAVDQAK.,Baricitinib,9,0,8,1,-0.41381762118379584,-0.6825742683980147,1.924006978261982,-0.5995937856258299,0.7281048438909804,0.00705116477493552,0.25,.NLLDAVDQAK.,sp|Q14289|FAK2_HUMAN,0.81,0.23514081584402602,0.366234778661509,0.0455928720842857,0.3705839057899902,decreasing,decreasing,False,True,False,True
.GQYNTYPIK.,Baricitinib,9,0,8,1,-0.2532300268745047,-0.35358404222453643,1.056345717948826,-0.36656160008068894,0.729524773912954,0.006936491299109891,0.25,.GQYNTYPIK.,sp|P61619|S61A1_HUMAN,0.662,0.23422707474097362,0.366234778661509,0.0455928720842857,0.3705839057899902,decreasing,decreasing,False,True,False,True
.VEFTFPDFVTEGAR.,Baricitinib,9,0,8,1,-0.19272191273478434,-0.3183529422512752,1.288460741092365,-0.4886107741557352,0.7276568658623022,0.00708761633987818,0.3125,.VEFTFPDFVTEGAR.,sp|O14965|AURKA_HUMAN,0.722,0.23544106937294215,0.4300322117167223,0.0455928720842857,0.4135183968462549,decreasing,decreasing,False,True,False,True
.TYTHEVVTLWYR.,Baricitinib,9,0,8,1,-0.25041709592919403,-0.1554909859200464,0.8663736110976181,-0.3421856256029968,0.7279106555907896,0.007066949587229359,0.3828125,.TYTHEVVTLWYR.,sp|P24941|CDK2_HUMAN,0.652,0.23514081584402602,0.5008288112926537,0.0455928720842857,0.4743546195652174,decreasing,decreasing,False,True,False,True
.ESESQKGEFSLSVLDGAVVK.,Baricitinib,9,0,8,1,-0.08641654517267305,-0.3367162635725176,1.322576372853419,-0.4730473810187375,0.7290459997191974,0.006975010459721065,0.3828125,.ESESQKGEFSLSVLDGAVVK.,sp|P42685|FRK_HUMAN,0.816,0.23465884798800302,0.5008288112926537,0.0455928720842857,0.4743546195652174,decreasing,decreasing,False,True,False,True
.SPSEKEHFYQR.,Baricitinib,8,1,7,1,-0.10579778389589478,-0.5013637622696153,1.505008260191012,-0.5202354713684764,0.7958635227627795,0.006923316566624955,0.375,.SPSEKEHFYQR.,sp|P29597|TYK2_HUMAN,0.554,0.23414955155235506,0.5008288112926537,0.0455928720842857,0.4743546195652174,decreasing,decreasing,False,True,False,True
.LFAIEEETTTR.,Baricitinib,9,0,8,1,-0.11185459244730644,-0.2579043761821165,1.427941376050434,-0.5136692954771823,0.7276307117541481,0.007089748532061556,0.546875,.LFAIEEETTTR.,sp|Q9UHD2|TBK1_HUMAN,0.9,0.23544106937294215,0.6608582996198585,0.0455928720842857,0.6173801849775785,decreasing,decreasing,False,True,False,True
.EGTEAEPLPLR.,Baricitinib,8,1,7,1,0.15503884544668978,-0.3106409704378983,1.5571412173247765,-0.6414064906160397,0.7962027269395315,0.006893589366723323,0.578125,.EGTEAEPLPLR.,sp|O95382|M3K6_HUMAN,0.242,0.23405841607863728,0.6876835392578704,0.0455928720842857,0.6435208640383199,decreasing,increasing,False,True,False,True
.AFLADPSAFVAAAPVAAATTAAPAAAAAPAKVEAK.,Baricitinib,9,0,8,1,-1.2563950436635132,-1.0222904493351899,2.2732111460251403,-0.6674288561905612,0.7259306037374591,0.007229311757112859,0.0390625,.AFLADPSAFVAAAPVAAATTAAPAAAAAPAKVEAK.,sp|P05388|RLA0_HUMAN,0.544,0.23677350396927793,0.09198604700041242,0.04561337722263136,0.17586857302533532,decreasing,decreasing,False,True,False,True
.ALAAFLK.,Baricitinib,9,0,8,1,-0.5089416253050452,-0.5980076880317649,1.5815145550335963,-0.5531914227568505,0.7261239496995276,0.007213343975169815,0.1953125,.ALAAFLK.,sp|P39019|RS19_HUMAN,0.8,0.23677350396927793,0.3058342496782904,0.04561337722263136,0.33697262278697887,decreasing,decreasing,False,True,False,True
.TYLLDFR.,Baricitinib,9,0,8,1,-0.4888763372952525,-0.5521254782894727,1.704914668304756,-0.6499102870198368,0.7257673279828917,0.007242815359446193,0.25,.TYLLDFR.,sp|Q13131|AAPK1_HUMAN,0.766,0.23688759151352956,0.366234778661509,0.04561337722263136,0.3705839057899902,decreasing,decreasing,False,True,False,True
.VLAPQISFAPEIASEEER.,Baricitinib,9,0,8,1,-0.8136659580996426,-1.0123781083332228,2.628981428818051,-0.8807010507834234,0.7261235379920301,0.007213377950485309,0.25,.VLAPQISFAPEIASEEER.,sp|P16083|NQO2_HUMAN,0.978,0.23677350396927793,0.366234778661509,0.04561337722263136,0.3705839057899902,decreasing,decreasing,False,True,False,True
.ATAAELLK.,Baricitinib,9,0,8,1,-0.4414717890466804,-0.5442438120887321,2.018359496719281,-0.5942500616616118,0.7268455269775999,0.0071539688734828825,0.25,.ATAAELLK.,sp|O96013|PAK4_HUMAN,0.85,0.23626995709002072,0.366234778661509,0.04561337722263136,0.3705839057899902,decreasing,decreasing,False,True,False,True
.SLASDITDEQKK.,Baricitinib,9,0,8,1,-0.17010832660898423,-0.23964546308147971,1.2314092600753064,-0.4245131603572026,0.7258965321909495,0.0072321281662315945,0.3125,.SLASDITDEQKK.,sp|P16083|NQO2_HUMAN,0.988,0.23677350396927793,0.4300322117167223,0.04561337722263136,0.4135183968462549,decreasing,decreasing,False,True,False,True
.EGFIPSNYVAK.,Baricitinib,9,0,8,1,-0.40365972220230084,-0.6064075928617205,1.8072384900807705,-0.5557614635334328,0.7270465751920252,0.007137486590838602,0.3125,.EGFIPSNYVAK.,sp|P07948|LYN_HUMAN,0.77,0.23601316122457244,0.4300322117167223,0.04561337722263136,0.4135183968462549,decreasing,decreasing,False,True,False,True
.LTPLEAC+57.021AHSFFDELRDPNVK.,Baricitinib,9,0,8,1,-0.27270728917937426,-0.19433340926172393,1.2063094092814204,-0.4767592508504784,0.7266945752299071,0.007166361618904886,0.4609375,.LTPLEACAHSFFDELRDPNVK.,sp|P49841|GSK3B_HUMAN,0.628,0.23641004864816725,0.5832049128107661,0.04561337722263136,0.545280612244898,decreasing,decreasing,False,True,False,True
.IGEGTYGTVFK.,Baricitinib,9,0,8,1,-0.032437205558773385,-0.2722841092842412,1.2896701436654752,-0.42251001179952163,0.7267767938078478,0.007159609830175043,0.546875,.IGEGTYGTVFK.,sp|Q00535|CDK5_HUMAN,0.892,0.2364058942561696,0.6608582996198585,0.04561337722263136,0.6173801849775785,decreasing,decreasing,False,True,False,True
.VLGTEDLYDYIDKYNIELDPR.,Baricitinib,8,1,7,1,0.25418600824954396,-0.20637007505527954,1.2475047470059657,-0.6504695491980828,0.7926268010249048,0.0072110413972230865,0.6875,.VLGTEDLYDYIDKYNIELDPR.,sp|P68400|CSK21_HUMAN,0.658,0.23677350396927793,0.7829131572083889,0.04561337722263136,0.7391236654804271,decreasing,increasing,False,True,False,True
.VTHAVVTVPAYFNDAQR.,Baricitinib,9,0,8,1,-1.1614222195741402,-1.4105082611038005,3.0184308972423572,-0.7119984227183219,0.7194692956946002,0.007777261692352993,0.015625,.VTHAVVTVPAYFNDAQR.,sp|P11021|BIP_HUMAN,0.954,0.24091057865111545,0.04724512190154185,0.04562104986687372,0.13564116379310345,decreasing,decreasing,False,True,False,True
.KGNLVYIIDFGLAK.,Baricitinib,9,0,8,1,-1.0308940606438401,-1.167004447730831,2.12322375679857,-0.40036968045751453,0.7214227568473707,0.007608641638796486,0.0078125,.KGNLVYIIDFGLAK.,sp|P48730|KC1D_HUMAN,0.926,0.239675450620547,0.03868310569675138,0.04562104986687372,0.13564116379310345,decreasing,decreasing,False,True,False,True
.AQLGGPEAAKSDETAAK.,Baricitinib,9,0,8,1,-1.2646950928180196,-1.9243497104015619,4.12824322227241,-0.9264954055089828,0.7222870975586951,0.00753485554345941,0.0078125,.AQLGGPEAAKSDETAAK.,sp|P04792|HSPB1_HUMAN,0.678,0.23936444989351202,0.03868310569675138,0.04562104986687372,0.13564116379310345,decreasing,decreasing,False,True,False,True
.TLNNDLGPNWR.,Baricitinib,9,0,8,1,-0.8177074502485997,-0.7959302372161279,1.6154300403021615,-0.41163074336058125,0.7254256077942418,0.007271134091793958,0.015625,.TLNNDLGPNWR.,sp|Q8NI60|COQ8A_HUMAN,0.444,0.23694857375858225,0.04724512190154185,0.04562104986687372,0.13564116379310345,decreasing,decreasing,False,True,False,True
.LEENLPTR.,Baricitinib,9,0,8,1,-0.9398576746286018,-1.0101526671566399,2.25652150243452,-0.6476195360067385,0.7210873780320723,0.007637407441754945,0.0234375,.LEENLPTR.,sp|Q86YS7|C2CD5_HUMAN,0.816,0.239675450620547,0.06503412319395899,0.04562104986687372,0.1587549047085202,decreasing,decreasing,False,True,False,True
.TGQEYKPGNPPAEIGQNISSNSSASILESK.,Baricitinib,9,0,8,1,-0.8562140803079448,-0.8676181979475337,1.8768786879665456,-0.5413367324274546,0.7231535627752863,0.007461391667396653,0.0390625,.TGQEYKPGNPPAEIGQNISSNSSASILESK.,sp|P07814|SYEP_HUMAN,0.716,0.23874297309181292,0.09198604700041242,0.04562104986687372,0.17586857302533532,decreasing,decreasing,False,True,False,True
.NVNIFK.,Baricitinib,8,1,7,1,-1.2118318755684925,-0.9103002737547234,1.8192947245700708,-0.4856283562528915,0.7875331399140586,0.007678891791656003,0.03125,.NVNIFK.,sp|P00338|LDHA_HUMAN,0.322,0.2401024362430947,0.08165283546888201,0.04562104986687372,0.17586857302533532,decreasing,decreasing,False,True,False,True
.TLNIFLTK.,Baricitinib,9,0,8,1,-0.5477288924292658,-0.7132476017692859,1.986271160932926,-0.4895608218015031,0.7227986231040813,0.007491424648064842,0.0546875,.TLNIFLTK.,sp|Q8TD19|NEK9_HUMAN,0.986,0.23884235291795952,0.11750218003270954,0.04562104986687372,0.1903351814516129,decreasing,decreasing,False,True,False,True
.TKSENGLEFTSSGSANTETTK.,Baricitinib,9,0,8,1,-0.6270154254952285,-0.8075953759863181,2.034751917854482,-0.5918106242307397,0.722883278455076,0.007484253933302725,0.0546875,.TKSENGLEFTSSGSANTETTK.,sp|P21796|VDAC1_HUMAN,0.95,0.23884235291795952,0.11750218003270954,0.04562104986687372,0.1903351814516129,decreasing,decreasing,False,True,False,True
.EHSAFQAPAVK.,Baricitinib,9,0,8,1,-0.8076866563596585,-0.7812624069838447,1.7639906999525223,-0.5258098525513154,0.7215551283477245,0.007597308875339498,0.0546875,.EHSAFQAPAVK.,sp|Q15629|TRAM1_HUMAN,0.662,0.239675450620547,0.11750218003270954,0.04562104986687372,0.1903351814516129,decreasing,decreasing,False,True,False,True
.EEAQQLWEAEKVK.,Baricitinib,9,0,8,1,-1.2338825374445168,-1.1648033626048089,3.044001713036103,-0.7801867567914801,0.7216132703883524,0.007592334875133841,0.0546875,.EEAQQLWEAEKVK.,sp|Q14289|FAK2_HUMAN,0.35,0.239675450620547,0.11750218003270954,0.04562104986687372,0.1903351814516129,decreasing,decreasing,False,True,False,True
.INLEAAELGEISDIHTK.,Baricitinib,9,0,8,1,-0.7599143113458027,-0.9104039468875742,2.230657462563002,-0.6940561606596277,0.7207266041605982,0.007668436224430008,0.109375,.INLEAAELGEISDIHTK.,sp|Q9UHD2|TBK1_HUMAN,0.952,0.24004518249628018,0.19579115469486683,0.04562104986687372,0.2443948779585799,decreasing,decreasing,False,True,False,True
.HVFYSTIDWNK.,Baricitinib,9,0,8,1,-1.4137206697206608,-1.477185282954303,3.3819840606944993,-1.0225790267617403,0.7241737115930449,0.00737554109120426,0.109375,.HVFYSTIDWNK.,sp|Q15418|KS6A1_HUMAN,0.918,0.23796058963684316,0.19579115469486683,0.04562104986687372,0.2443948779585799,decreasing,decreasing,False,True,False,True
.LGAQLADLHLDNK.,Baricitinib,9,0,8,1,-0.27448093139500074,-0.4538155155975243,1.3204701306571174,-0.4280313884045531,0.722196659507524,0.007542552422761551,0.1484375,.LGAQLADLHLDNK.,sp|Q9HA64|KT3K_HUMAN,0.986,0.23942544366866939,0.2520403589687868,0.04562104986687372,0.2915667669050715,decreasing,decreasing,False,True,False,True
.LGSGPDGAEEIKR.,Baricitinib,9,0,8,1,-1.1935923609569965,-1.2163605406936728,2.6848938795847843,-0.9053205178237245,0.7238990505071521,0.007398586898670789,0.1484375,.LGSGPDGAEEIKR.,sp|Q15418|KS6A1_HUMAN,0.984,0.2383073618436189,0.2520403589687868,0.04562104986687372,0.2915667669050715,decreasing,decreasing,False,True,False,True
.ALLSTLHTVLWDGESR.,Baricitinib,9,0,8,1,-0.7697080812517907,-1.0181714057707154,3.2317002251795977,-0.8917096039812318,0.7210567160603415,0.0076400411405497535,0.1484375,.ALLSTLHTVLWDGESR.,sp|O14976|GAK_HUMAN,0.884,0.23969929786139194,0.2520403589687868,0.04562104986687372,0.2915667669050715,decreasing,decreasing,False,True,False,True
.DSSQPGLYTVSLYTK.,Baricitinib,9,0,8,1,-0.197786639774872,-0.33816530099974296,1.0673394627304624,-0.31684500216051054,0.7198129570394248,0.007747409745070983,0.1484375,.DSSQPGLYTVSLYTK.,sp|P42680|TEC_HUMAN,0.83,0.24078508828569412,0.2520403589687868,0.04562104986687372,0.2915667669050715,decreasing,decreasing,False,True,False,True
.LPFYNQDHEK.,Baricitinib,9,0,8,1,-0.7080152417313368,-1.3424347791855888,3.7610809597503803,-1.1261364127940288,0.7212982462642005,0.0076193121870521555,0.1484375,.LPFYNQDHEK.,sp|P31749|AKT1_HUMAN,0.418,0.239675450620547,0.2520403589687868,0.04562104986687372,0.2915667669050715,decreasing,decreasing,False,True,False,True
.TSEVYVWGGGK.,Baricitinib,9,0,8,1,-0.5703452453993112,-0.6509451350105713,2.0050544054237136,-0.6216846943718913,0.7245131186199342,0.0073471320439501405,0.1953125,.TSEVYVWGGGK.,sp|Q8TD19|NEK9_HUMAN,0.932,0.23773669218230314,0.3058342496782904,0.04562104986687372,0.33697262278697887,decreasing,decreasing,False,True,False,True
.YVTTLLYKPI.,Baricitinib,9,0,8,1,-0.4654437193793317,-0.5556709469633518,1.499826013903732,-0.5394145872506508,0.7194432555909201,0.007779526925456459,0.1953125,.YVTTLLYKPI.,sp|Q9Y478|AAKB1_HUMAN,0.87,0.24091057865111545,0.3058342496782904,0.04562104986687372,0.33697262278697887,decreasing,decreasing,False,True,False,True
.KDDPTLLSSGR.,Baricitinib,9,0,8,1,-0.4306308871956581,-0.701964653487408,1.9495889027276725,-0.6212413358844535,0.7213880210953865,0.007611617438623503,0.1953125,.KDDPTLLSSGR.,sp|P22061|PIMT_HUMAN,0.314,0.239675450620547,0.3058342496782904,0.04562104986687372,0.33697262278697887,decreasing,decreasing,False,True,False,True
.NNLTLDQPQDK.,Baricitinib,8,1,7,1,-1.0220884977705644,-0.4523582597645185,1.588365713974433,-0.6903258254484681,0.7869958179424857,0.007729329260943612,0.21875,.NNLTLDQPQDK.,sp|Q92844|TANK_HUMAN,0.38,0.24078508828569412,0.3350457828217694,0.04562104986687372,0.3619078587075575,decreasing,decreasing,False,True,False,True
.HEQILVLDPPTDLK.,Baricitinib,8,1,7,1,-0.9814418161612402,-0.6054402454489163,1.4671414734455084,-0.6823871872341855,0.7895494528240454,0.007491476552384985,0.21875,.HEQILVLDPPTDLK.,sp|Q9P0L0|VAPA_HUMAN,0.226,0.23884235291795952,0.3350457828217694,0.04562104986687372,0.3619078587075575,decreasing,decreasing,False,True,False,True
.FFNTLAGFANIDQETYR.,Baricitinib,9,0,8,1,-0.6137656746483398,-0.7330763732442902,2.1158971423174187,-0.7138052352973657,0.7200506854410155,0.007726806566154021,0.25,.FFNTLAGFANIDQETYR.,sp|Q14289|FAK2_HUMAN,0.72,0.24077505823609915,0.366234778661509,0.04562104986687372,0.3705839057899902,decreasing,decreasing,False,True,False,True
.QPLPSAPENNPEEELASK.,Baricitinib,9,0,8,1,-0.5101566507553397,-0.5027615414206807,1.5508830367954758,-0.5319417662016287,0.7204640679705925,0.0076910713068372594,0.25,.QPLPSAPENNPEEELASK.,sp|O14965|AURKA_HUMAN,0.558,0.24019259073605015,0.366234778661509,0.04562104986687372,0.3705839057899902,decreasing,decreasing,False,True,False,True
.ESTNYPGDYTLC+57.021VSC+57.021DGKVEHYR.,Baricitinib,9,0,8,1,0.41584643699342827,0.3737327318674537,1.4720838802653482,-0.5222126485737645,0.7206230700237882,0.007677357055035022,0.3125,.ESTNYPGDYTLCVSCDGKVEHYR.,sp|P41240|CSK_HUMAN,0.744,0.2401024362430947,0.4300322117167223,0.04562104986687372,0.4135183968462549,decreasing,increasing,False,True,False,True
.AASSSSVVPYLPR.,Baricitinib,9,0,8,1,-0.2368554689421707,-0.3395183347764559,1.022900877527448,-0.33206884977183765,0.7196111030917514,0.00776493394043071,0.3125,.AASSSSVVPYLPR.,sp|P42684|ABL2_HUMAN,0.892,0.24088927505732957,0.4300322117167223,0.04562104986687372,0.4135183968462549,decreasing,decreasing,False,True,False,True
.LSANQQNILK.,Baricitinib,9,0,8,1,-0.4836785935413612,-0.44793829180763955,1.5710531932789031,-0.5905558564120555,0.7243037220442617,0.0073646499028942,0.3125,.LSANQQNILK.,sp|P57088|TMM33_HUMAN,0.556,0.23790627544198298,0.4300322117167223,0.04562104986687372,0.4135183968462549,decreasing,decreasing,False,True,False,True
.ALKLPSTGEGTQFYLFENVDNAQQFK.,Baricitinib,9,0,8,1,-0.43850635166632657,-0.5071893425126288,1.5400406354359042,-0.5264904624246749,0.7197721731272807,0.007750948217295223,0.3125,.ALKLPSTGEGTQFYLFENVDNAQQFK.,sp|P30519|HMOX2_HUMAN,0.382,0.24078508828569412,0.4300322117167223,0.04562104986687372,0.4135183968462549,decreasing,decreasing,False,True,False,True
.LISTLIYK.,Baricitinib,9,0,8,1,-0.1140094021124245,-0.34674026452779083,1.5841780248794137,-0.6062757891961037,0.7230301290285185,0.007471826367115149,0.4609375,.LISTLIYK.,sp|O14980|XPO1_HUMAN,0.754,0.2388383688934241,0.5832049128107661,0.04562104986687372,0.545280612244898,decreasing,decreasing,False,True,False,True
.DNPGNFVK.,Baricitinib,9,0,8,1,-0.1890128758896079,-0.3939915950126336,1.6192256564194594,-0.6660034814299552,0.7207774780945533,0.0076640554219303755,0.4609375,.DNPGNFVK.,sp|Q92844|TANK_HUMAN,0.552,0.24001576808379652,0.5832049128107661,0.04562104986687372,0.545280612244898,decreasing,decreasing,False,True,False,True
.IPNSGAVDWTVHSGPQLLFR.,Baricitinib,9,0,8,1,-0.06971654721373355,-0.15105793310590965,1.3321553082263229,-0.6277057668837961,0.7236304284790345,0.007421174622372503,0.546875,.IPNSGAVDWTVHSGPQLLFR.,sp|Q13163|MP2K5_HUMAN,0.34,0.23837809038703842,0.6608582996198585,0.04562104986687372,0.6173801849775785,decreasing,decreasing,False,True,False,True
.C+57.021ITLFQNNTTNR.,Baricitinib,8,1,7,1,0.20170471603141493,-0.33498189520120797,2.0855466204766735,-1.011074080418892,0.7901732187740959,0.007434088136310548,0.6875,.CITLFQNNTTNR.,sp|Q9BZL6|KPCD2_HUMAN,0.548,0.23837809038703842,0.7829131572083889,0.04562104986687372,0.7391236654804271,decreasing,increasing,False,True,False,True
.TPDGNLDQC+57.021K.,Baricitinib,9,0,8,1,0.7228267706578464,0.21085820997739058,1.4906466107216403,-0.646933240525797,0.7251510030789666,0.007293946875180747,0.7421875,.TPDGNLDQCK.,sp|P30825|SL7A1_HUMAN,0.574,0.23714457682514187,0.8194615531218623,0.04562104986687372,0.7847911926846343,decreasing,increasing,False,True,False,True
.LYC+57.021IYVAIGQK.,Baricitinib,9,0,8,1,0.027430944551737113,-0.09072483236992346,0.8504589527381299,-0.33121799298707394,0.7237856786557765,0.007408114172242616,0.84375,.LYCIYVAIGQK.,sp|P25705|ATPA_HUMAN,0.746,0.23837809038703842,0.8943235529312646,0.04562104986687372,0.8705494364754098,decreasing,increasing,False,True,False,True
.TKDDIIIC+57.021EIGDVFK.,Baricitinib,9,0,8,1,0.13585918595557622,-0.1522318719684539,1.3717341140352133,-0.43369070070970955,0.7229316932049905,0.007480155128878948,0.9453125,.TKDDIIICEIGDVFK.,sp|Q9Y512|SAM50_HUMAN,0.39,0.23884235291795952,0.9637759898015246,0.04562104986687372,0.9544749540441176,decreasing,increasing,False,True,False,True
.TIAPGKTHTAAIDER.,BMS-754807,8,1,7,1,-1.1826392001139396,-1.057214660041866,2.040952072679705,-0.5500709041041874,0.9122983273479248,0.000798932684154362,0.015625,.TIAPGKTHTAAIDER.,sp|Q8TD19|NEK9_HUMAN,0.594,0.16828661691568453,0.04724512190154185,0.04566097396890599,0.024147727272727272,decreasing,decreasing,False,True,True,True
.GNFGEVYKGTLK.,BMS-754807,8,1,7,1,-1.0038869751020698,-0.9910555501901881,1.3632613849459503,-0.2910163931337365,0.9147080236698057,0.0007444900648549577,0.015625,.GNFGEVYKGTLK.,sp|P16591|FER_HUMAN,0.382,0.16735003911732865,0.04724512190154185,0.04566097396890599,0.024147727272727272,decreasing,decreasing,False,True,True,True
.VIGAGEFGEVYK.,Baricitinib,9,0,8,1,-0.5506136637543602,-0.5969308734686694,1.6328280650783604,-0.5592217154883313,0.7190008794190317,0.007818079871817717,0.25,.VIGAGEFGEVYK.,sp|P29317|EPHA2_HUMAN,0.816,0.2413392373971353,0.366234778661509,0.04571953691939293,0.3705839057899902,decreasing,decreasing,False,True,False,True
.DLAELINK.,Baricitinib,9,0,8,1,-0.38421942253314967,-0.4387915139798606,1.630936811180277,-0.6243109696705955,0.7189086404983476,0.007826135273127253,0.25,.DLAELINK.,sp|Q14289|FAK2_HUMAN,0.514,0.2413576746370656,0.366234778661509,0.04571953691939293,0.3705839057899902,decreasing,decreasing,False,True,False,True
.ATATQLLQHPFIK.,Baricitinib,9,0,8,1,-0.902630356650306,-1.15765630122246,2.6677769976978887,-0.6818002958064128,0.7185285077025793,0.007859394288475638,0.0078125,.ATATQLLQHPFIK.,sp|Q13188|STK3_HUMAN,0.784,0.2413576746370656,0.03868310569675138,0.045739586874297494,0.13564116379310345,decreasing,decreasing,False,True,False,True
.FGESDTENQNNK.,Baricitinib,8,1,7,1,-0.3255347903356558,-0.8801735485367571,2.1657271278619454,-0.6138965920031565,0.7857146858932123,0.007850428797361924,0.078125,.FGESDTENQNNK.,sp|Q9BQI3|E2AK1_HUMAN,0.69,0.2413576746370656,0.152056647743661,0.045739586874297494,0.2132029132791328,decreasing,decreasing,False,True,False,True
.SPVYLTVLK.,Baricitinib,9,0,8,1,-0.6883838211738755,-0.8134320742301502,1.6606124568631664,-0.42560587859871096,0.7179616876489116,0.00790917067002821,0.015625,.SPVYLTVLK.,sp|P55786|PSA_HUMAN,0.644,0.24169462659739988,0.04724512190154185,0.045748233133858236,0.13564116379310345,decreasing,decreasing,False,True,False,True
.SDLEYQLENIQVLYSHEK.,Baricitinib,8,1,7,1,-0.6994002783818338,-1.1527691469133923,2.9418738039235635,-0.933446303917646,0.7842827380086843,0.007987193545252068,0.03125,.SDLEYQLENIQVLYSHEK.,sp|O14578|CTRO_HUMAN,0.512,0.24198346276820532,0.08165283546888201,0.045748233133858236,0.17586857302533532,decreasing,decreasing,False,True,False,True
.LALGSFVEEYNNK.,Baricitinib,9,0,8,1,-0.7367002013241777,-1.0567991330383122,2.889998499105271,-0.751404353488452,0.7166527595878031,0.008024959056412042,0.0390625,.LALGSFVEEYNNK.,sp|P61962|DCAF7_HUMAN,0.338,0.24211724801495332,0.09198604700041242,0.045748233133858236,0.17586857302533532,decreasing,decreasing,False,True,False,True
.NNAYLAQSPQLYK.,Baricitinib,9,0,8,1,-0.5859384165220085,-0.6892104624765865,1.519056712710995,-0.4484646930460407,0.7170713291556033,0.00798780404220417,0.0390625,.NNAYLAQSPQLYK.,sp|P14868|SYDC_HUMAN,0.708,0.24198346276820532,0.09198604700041242,0.045748233133858236,0.17586857302533532,decreasing,decreasing,False,True,False,True
.GQGESDPLDHEPAVSPLLPR.,Baricitinib,9,0,8,1,-0.774501560482804,-1.0302084084858252,2.526393815810632,-0.6973803009705968,0.7176807082981451,0.007933927005787635,0.0546875,.GQGESDPLDHEPAVSPLLPR.,sp|P00519|ABL1_HUMAN,0.624,0.24169462659739988,0.11750218003270954,0.045748233133858236,0.1903351814516129,decreasing,decreasing,False,True,False,True
.DAGTIAGLNVLR.,Baricitinib,9,0,8,1,-0.7654208520076633,-0.8710186863653728,2.1310104657003635,-0.6331484074582321,0.7167060247733181,0.008020224180590488,0.078125,.DAGTIAGLNVLR.,sp|P11142|HSP7C_HUMAN,0.982,0.24211171338470097,0.152056647743661,0.045748233133858236,0.2132029132791328,decreasing,decreasing,False,True,False,True
.TVSTLHHVLQR.,Baricitinib,9,0,8,1,-0.40617251721080727,-0.34601365202296464,0.96716202652485,-0.38597554299593784,0.7168075032747205,0.008011208915052118,0.109375,.TVSTLHHVLQR.,sp|O00764|PDXK_HUMAN,0.94,0.24205836248781476,0.19579115469486683,0.045748233133858236,0.2443948779585799,decreasing,decreasing,False,True,False,True
.DLKLDNVLLDSEGHIK.,Baricitinib,9,0,8,1,-0.2899255762744062,-0.49906430244726785,1.4989962326551733,-0.4448168130357574,0.7179290045744954,0.007912047505516483,0.109375,.DLKLDNVLLDSEGHIK.,sp|P41743|KPCI_HUMAN,0.942,0.24169462659739988,0.19579115469486683,0.045748233133858236,0.2443948779585799,decreasing,decreasing,False,True,False,True
.SAPPC+57.021ANSTVGVVK.,Baricitinib,9,0,8,1,0.9021799132985091,0.41331927399874546,1.1692242594615117,-0.6012642532611043,0.7180820283708278,0.007898584327179273,0.25,.SAPPCANSTVGVVK.,sp|Q86YS7|C2CD5_HUMAN,0.878,0.24152240509813774,0.366234778661509,0.045748233133858236,0.3705839057899902,decreasing,increasing,False,True,False,True
.YLHDNQIVHR.,Baricitinib,9,0,8,1,-0.36521212999321584,-0.5923739394593142,1.6025207589080956,-0.5417497199034139,0.7167714362134057,0.008014412269690671,0.25,.YLHDNQIVHR.,sp|Q99683|M3K5_HUMAN,0.624,0.24205836248781476,0.366234778661509,0.045748233133858236,0.3705839057899902,decreasing,decreasing,False,True,False,True
.DSAYQSITHYRPVSASR.,Baricitinib,9,0,8,1,-0.3231735674450249,-0.3993617559443918,1.4572786592638565,-0.585426403829618,0.7175769728818744,0.007943080545488911,0.3828125,.DSAYQSITHYRPVSASR.,sp|P50402|EMD_HUMAN,0.78,0.24180307087000338,0.5008288112926537,0.045748233133858236,0.4743546195652174,decreasing,decreasing,False,True,False,True
.NQSPVLEPVGR.,Baricitinib,9,0,8,1,-0.8287161519258319,-1.2186139191978111,2.4943820260552485,-0.685419778571687,0.7148284881599459,0.00818830737430324,0.015625,.NQSPVLEPVGR.,sp|P51812|KS6A3_HUMAN,0.954,0.2427347672933766,0.04724512190154185,0.04588847225897642,0.13564116379310345,decreasing,decreasing,False,True,False,True
.VNTLIRPDGEKK.,Baricitinib,9,0,8,1,-1.1760960949576234,-2.2641582434608574,5.291716672670752,-1.4654954830030569,0.714948305249065,0.008177507947362328,0.0078125,.VNTLIRPDGEKK.,sp|P62750|RL23A_HUMAN,0.756,0.2427150250157878,0.03868310569675138,0.04588847225897642,0.13564116379310345,decreasing,decreasing,False,True,False,True
.LSSSWLDVR.,Baricitinib,9,0,8,1,-0.9761309900860908,-1.1256676059098352,2.503625528870103,-0.6695216867561845,0.7143880499422174,0.0082280910724572,0.0078125,.LSSSWLDVR.,sp|Q9Y616|IRAK3_HUMAN,0.414,0.24288867678856646,0.03868310569675138,0.04588847225897642,0.13564116379310345,decreasing,decreasing,False,True,False,True
.LTSFIGAIAIGDLVK.,Baricitinib,9,0,8,1,-0.7707371315864027,-0.6267233197553894,1.1731553703775681,-0.32363066680511565,0.7155503578659653,0.008123394309013718,0.0234375,.LTSFIGAIAIGDLVK.,sp|P78371|TCPB_HUMAN,0.394,0.24267046474638718,0.06503412319395899,0.04588847225897642,0.1587549047085202,decreasing,decreasing,False,True,False,True
.VETFSGVYKK.,Baricitinib,9,0,8,1,-1.5680833788456603,-1.5805048292575261,3.5510597324257844,-1.0212630721904024,0.7138788681068573,0.008274252720871008,0.0390625,.VETFSGVYKK.,sp|P62081|RS7_HUMAN,0.518,0.24361006984403966,0.09198604700041242,0.04588847225897642,0.17586857302533532,decreasing,decreasing,False,True,False,True
.SYQEGGFPNILFK.,Baricitinib,9,0,8,1,-0.3665890232460356,-0.5432722428026517,1.479386195307157,-0.4415139064869264,0.7138653689948565,0.00827547899234485,0.0546875,.SYQEGGFPNILFK.,sp|Q9Y616|IRAK3_HUMAN,0.572,0.24361006984403966,0.11750218003270954,0.04588847225897642,0.1903351814516129,decreasing,decreasing,False,True,False,True
.GFC+57.021FLEYEDHK.,Baricitinib,8,1,7,1,-0.9147896093861867,-0.6988299620657153,1.681559564610744,-0.4603152917801387,0.782673371293692,0.008142687875629325,0.078125,.GFCFLEYEDHK.,sp|O60506|HNRPQ_HUMAN,0.65,0.24267046474638718,0.152056647743661,0.04588847225897642,0.2132029132791328,decreasing,decreasing,False,True,False,True
.HTLDELNPQK.,Baricitinib,9,0,8,1,-0.5208911757986829,-0.7079623989290198,1.742424997331657,-0.5479012210627938,0.7147912855340905,0.00819166257518677,0.109375,.HTLDELNPQK.,sp|Q13131|AAPK1_HUMAN,0.67,0.2427347672933766,0.19579115469486683,0.04588847225897642,0.2443948779585799,decreasing,decreasing,False,True,False,True
.GTVVTGTLER.,Baricitinib,8,1,7,1,-0.4635109457287605,-0.8369875618004029,2.2413354134282635,-0.6536645690514085,0.7822581160331981,0.008183116866641815,0.109375,.GTVVTGTLER.,sp|P49411|EFTU_HUMAN,0.632,0.2427347672933766,0.19579115469486683,0.04588847225897642,0.2443948779585799,decreasing,decreasing,False,True,False,True
.ITDFGLSK.,Baricitinib,9,0,8,1,-0.6103573842316887,-0.6452039355058994,1.7461368035096854,-0.5407051117338774,0.7137701806950119,0.008284129597414255,0.1484375,.ITDFGLSK.,sp|Q15418|KS6A1_HUMAN,0.35,0.24364550843649063,0.2520403589687868,0.04588847225897642,0.2915667669050715,decreasing,decreasing,False,True,False,True
.AAAVLPVLDLAQR.,Baricitinib,9,0,8,1,-0.2804748924654117,-0.5942236415604678,1.7340241366307012,-0.5423198272645907,0.7150147700139391,0.00817152160812802,0.1484375,.AAAVLPVLDLAQR.,sp|P19404|NDUV2_HUMAN,0.328,0.2427150250157878,0.2520403589687868,0.04588847225897642,0.2915667669050715,decreasing,decreasing,False,True,False,True
.TDSDSKTEELR.,Baricitinib,8,1,7,1,-0.65273951163514,-0.6258376776951907,1.730702094624867,-0.5019612634803011,0.7823134912888735,0.008177718256030767,0.15625,.TDSDSKTEELR.,sp|Q9H2G2|SLK_HUMAN,0.202,0.2427150250157878,0.25926808208613233,0.04588847225897642,0.29465121722846443,decreasing,decreasing,False,True,False,True
.DLKPENILLDEEGHIK.,Baricitinib,9,0,8,1,-0.6893227611547985,-0.6688526472317826,1.8762304641079943,-0.6359244631081443,0.7136850466182855,0.008291871850757665,0.25,.DLKPENILLDEEGHIK.,sp|Q15418|KS6A1_HUMAN,0.918,0.24369768770170525,0.366234778661509,0.04588847225897642,0.3705839057899902,decreasing,decreasing,False,True,False,True
.ALLSYDGLNQR.,Baricitinib,9,0,8,1,-0.4168318038787735,-0.7461292042606198,2.199171027983148,-0.6548641206070195,0.7135527489838106,0.008303913304118655,0.3125,.ALLSYDGLNQR.,sp|Q9UM22|EPDR1_HUMAN,0.82,0.2438110727053596,0.4300322117167223,0.04588847225897642,0.4135183968462549,decreasing,decreasing,False,True,False,True
.TFPGLHELVR.,Baricitinib,9,0,8,1,-0.18931975941872992,-0.5278457580953839,1.6792316833541463,-0.5019073141156388,0.7136815313004903,0.008292191649313633,0.3125,.TFPGLHELVR.,sp|P06239|LCK_HUMAN,0.41,0.24369768770170525,0.4300322117167223,0.04588847225897642,0.4135183968462549,decreasing,decreasing,False,True,False,True
.GTDVASFVK.,Baricitinib,8,1,7,1,-0.09850699568873367,-0.5476942600901674,1.4967414220709507,-0.45052132290776814,0.7827394284873538,0.008136268246461499,0.296875,.GTDVASFVK.,sp|P52564|MP2K6_HUMAN,0.58,0.24267046474638718,0.425268553274022,0.04588847225897642,0.4135183968462549,decreasing,decreasing,False,True,False,True
.LYGYFHDATR.,Baricitinib,8,1,7,1,-0.49768176120258545,-0.45336471823439134,2.5256686161564765,-0.9470526139385603,0.7820680251085742,0.008201666223913879,0.46875,.LYGYFHDATR.,sp|O14965|AURKA_HUMAN,0.598,0.2427347672933766,0.5836483783307752,0.04588847225897642,0.545280612244898,decreasing,decreasing,False,True,False,True
.ADTLTDEINFLR.,Baricitinib,9,0,8,1,-0.2674458572076279,-0.7888662438470013,2.1481191912896307,-0.6001618487086879,0.7130891100521998,0.00834620945076281,0.0234375,.ADTLTDEINFLR.,sp|P02538|K2C6A_HUMAN,0.618,0.24409216105896073,0.06503412319395899,0.04603925249188765,0.1587549047085202,decreasing,decreasing,False,True,False,True
.GLFIIDDKGILR.,Baricitinib,9,0,8,1,-0.7609175880315924,-1.3825429691873765,3.215545996604277,-0.7573837778927639,0.7089187740764897,0.008733468184078788,0.0078125,.GLFIIDDKGILR.,sp|Q06830|PRDX1_HUMAN,0.808,0.24705658384941834,0.03868310569675138,0.046047790930448355,0.13564116379310345,decreasing,decreasing,False,True,False,True
.IIQNGAIFQETLSGAESTSLVAAR.,Baricitinib,9,0,8,1,-0.7997008185256931,-0.8628815633146694,1.541411239447232,-0.328647202596643,0.7097001819963672,0.008659967169810014,0.0078125,.IIQNGAIFQETLSGAESTSLVAAR.,sp|P29323|EPHB2_HUMAN,0.76,0.24669704123920164,0.03868310569675138,0.046047790930448355,0.13564116379310345,decreasing,decreasing,False,True,False,True
.LLTHTFVAQPGLSR.,Baricitinib,9,0,8,1,-0.5357817137902678,-0.7794291418148367,1.696167422231941,-0.45334509657466837,0.7091366568736822,0.008712929818012834,0.0078125,.LLTHTFVAQPGLSR.,sp|Q9Y4K4|M4K5_HUMAN,0.868,0.24702462654851093,0.03868310569675138,0.046047790930448355,0.13564116379310345,decreasing,decreasing,False,True,False,True
.LNGTDPEDVIR.,Baricitinib,9,0,8,1,-1.0421484874153801,-1.170978891962903,2.369611530169383,-0.5962444568332826,0.7062208735825846,0.00899060335007355,0.015625,.LNGTDPEDVIR.,sp|O14950|ML12B_HUMAN,0.55,0.24801019264264326,0.04724512190154185,0.046047790930448355,0.13564116379310345,decreasing,decreasing,False,True,False,True
.HPQPFLR.,Baricitinib,9,0,8,1,-0.4777963802259677,-0.7239483113154765,1.7743820242190438,-0.39555337536002927,0.7070053680299294,0.008915293452038868,0.0078125,.HPQPFLR.,sp|P07814|SYEP_HUMAN,0.228,0.24776118537024858,0.03868310569675138,0.046047790930448355,0.13564116379310345,decreasing,decreasing,False,True,False,True
.ALTVPELTQQVFDAK.,Baricitinib,9,0,8,1,-0.6916156887346396,-0.8637687383049597,1.9615077792615274,-0.5425314801593308,0.7096000197169586,0.008669364331654338,0.0234375,.ALTVPELTQQVFDAK.,sp|P07437|TBB5_HUMAN,0.966,0.24669704123920164,0.06503412319395899,0.046047790930448355,0.1587549047085202,decreasing,decreasing,False,True,False,True
.KGTDELYAVK.,Baricitinib,9,0,8,1,-1.1471637773970578,-1.2256667391037115,3.900612414083543,-0.8727682469027161,0.7126026366719848,0.008390750743018524,0.0390625,.KGTDELYAVK.,sp|P05771|KPCB_HUMAN,0.814,0.24455433816266023,0.09198604700041242,0.046047790930448355,0.17586857302533532,decreasing,decreasing,False,True,False,True
.LVEAEVHR.,Baricitinib,8,1,7,1,-0.4377683760767397,-0.48988441607029287,0.966733659545028,-0.29850235041300693,0.7786593074964512,0.008538816104551906,0.03125,.LVEAEVHR.,sp|P54619|AAKG1_HUMAN,0.83,0.24592770906487063,0.08165283546888201,0.046047790930448355,0.17586857302533532,decreasing,decreasing,False,True,False,True
.RLAYNEEQIHKFDK.,Baricitinib,8,1,7,1,-0.5988511144630735,-1.2847353969692372,3.438346237662767,-1.1223390909372781,0.7757506635127344,0.008833328562149552,0.03125,.RLAYNEEQIHKFDK.,sp|Q9UHD2|TBK1_HUMAN,0.766,0.24776118537024858,0.08165283546888201,0.046047790930448355,0.17586857302533532,decreasing,decreasing,False,True,False,True
.QIHKFEELNR.,Baricitinib,9,0,8,1,-0.4223637265166911,-0.7835959458371566,2.235226920809861,-0.5746398165248826,0.7075079627581613,0.008867278680196284,0.0390625,.QIHKFEELNR.,sp|Q9Y262|EIF3L_HUMAN,0.662,0.24776118537024858,0.09198604700041242,0.046047790930448355,0.17586857302533532,decreasing,decreasing,False,True,False,True
.IGFPWSEIR.,Baricitinib,8,1,7,1,-0.3832892925840099,-0.6156278867649314,1.5282977717958701,-0.4075001475341846,0.7764148677397441,0.008765517904617423,0.03125,.IGFPWSEIR.,sp|P26038|MOES_HUMAN,0.538,0.24723688339945757,0.08165283546888201,0.046047790930448355,0.17586857302533532,decreasing,decreasing,False,True,False,True
.EGVKFDESEKTK.,Baricitinib,8,1,7,1,-1.1097501399491492,-1.9140331927223155,4.8571494921732565,-1.2509202828488537,0.7740788806747149,0.009005473196098106,0.03125,.EGVKFDESEKTK.,sp|P14625|ENPL_HUMAN,0.566,0.24801019264264326,0.08165283546888201,0.046047790930448355,0.17586857302533532,decreasing,decreasing,False,True,False,True
.QLLAPGNSAGAFLIR.,Baricitinib,9,0,8,1,-0.45627015703326634,-0.5609353571774931,1.3578239636823106,-0.3763756909048125,0.7064093285398886,0.00897247146946641,0.0546875,.QLLAPGNSAGAFLIR.,sp|P07948|LYN_HUMAN,0.876,0.24801019264264326,0.11750218003270954,0.046047790930448355,0.1903351814516129,decreasing,decreasing,False,True,False,True
.YEKDIAAYR.,Baricitinib,9,0,8,1,-0.5625995102979164,-0.9695835540189153,2.5389474966874346,-0.718577430360024,0.7106025406833283,0.008575630186240215,0.0546875,.YEKDIAAYR.,sp|P09429|HMGB1_HUMAN,0.702,0.24592770906487063,0.11750218003270954,0.046047790930448355,0.1903351814516129,decreasing,decreasing,False,True,False,True
.QYSHPNIVR.,Baricitinib,9,0,8,1,-1.0513154636087592,-0.981595619379465,2.0812420801968052,-0.6429131152617539,0.7071169399741033,0.008904618849118145,0.0546875,.QYSHPNIVR.,sp|P07332|FES_HUMAN,0.588,0.24776118537024858,0.11750218003270954,0.046047790930448355,0.1903351814516129,decreasing,decreasing,False,True,False,True
.STQLLQAAAAEASLNK.,Baricitinib,8,1,7,1,-0.5983174995404177,-1.6858138386591166,4.553632599877854,-1.2980341032301919,0.7746093949227792,0.008950617849934065,0.046875,.STQLLQAAAAEASLNK.,sp|Q2M2I8|AAK1_HUMAN,0.854,0.24801019264264326,0.10712409559729064,0.046047790930448355,0.1903351814516129,decreasing,decreasing,False,True,False,True
.LYVDQAAGTPLLYVHALR.,Baricitinib,8,1,7,1,-0.8727033778112094,-1.220156543175124,3.5762245936861596,-0.9039166835217356,0.7796811944835565,0.008436841414490796,0.078125,.LYVDQAAGTPLLYVHALR.,sp|P07949|RET_HUMAN,0.702,0.2450764561052418,0.152056647743661,0.046047790930448355,0.2132029132791328,decreasing,decreasing,False,True,False,True
.QLLDTTDIQGEEFAK.,Baricitinib,9,0,8,1,-0.6667167509124088,-0.6591696019632978,1.5742027437072004,-0.5066206454922686,0.7109042884259394,0.008547556957241981,0.109375,.QLLDTTDIQGEEFAK.,sp|O43353|RIPK2_HUMAN,0.906,0.24592770906487063,0.19579115469486683,0.046047790930448355,0.2443948779585799,decreasing,decreasing,False,True,False,True
.AGAIYVFQVR.,Baricitinib,9,0,8,1,-0.7044012135896534,-0.7610236947382232,1.7510157632303347,-0.5912495295841753,0.7123686072560973,0.008412237597541493,0.109375,.AGAIYVFQVR.,sp|P29323|EPHB2_HUMAN,0.77,0.24495032791068136,0.19579115469486683,0.046047790930448355,0.2443948779585799,decreasing,decreasing,False,True,False,True
.TSPLNFK.,Baricitinib,9,0,8,1,-1.0040705021523468,-1.2402755190174983,3.0299450725811212,-0.8832153253718577,0.7088681497199797,0.008738245062936238,0.109375,.TSPLNFK.,sp|Q06187|BTK_HUMAN,0.79,0.24705658384941834,0.19579115469486683,0.046047790930448355,0.2443948779585799,decreasing,decreasing,False,True,False,True
.DLSFKEQELKER.,Baricitinib,9,0,8,1,-0.7899125125224007,-1.6549370939886932,5.112180577528871,-1.3411703738636223,0.7092937658976167,0.008698141227971301,0.109375,.DLSFKEQELKER.,sp|Q9NYL2|M3K20_HUMAN,0.524,0.24681359502451236,0.19579115469486683,0.046047790930448355,0.2443948779585799,decreasing,decreasing,False,True,False,True
.ESAINVAEGKK.,Baricitinib,9,0,8,1,-0.5422816663635874,-0.7347390495654684,1.894513192276559,-0.5571359638155687,0.7111969822890201,0.008520387674655407,0.109375,.ESAINVAEGKK.,sp|Q9UJZ1|STML2_HUMAN,0.414,0.24592770906487063,0.19579115469486683,0.046047790930448355,0.2443948779585799,decreasing,decreasing,False,True,False,True
.AANVLITR.,Baricitinib,9,0,8,1,-0.552054218002846,-0.7216926976649516,1.8657850246009637,-0.5613097341732848,0.7060364604878978,0.009008371228649826,0.1484375,.AANVLITR.,sp|P50750|CDK9_HUMAN,0.93,0.24801019264264326,0.2520403589687868,0.046047790930448355,0.2915667669050715,decreasing,decreasing,False,True,False,True
.IREQQEQLSLQQTIIDK.,Baricitinib,9,0,8,1,-0.5435037945670977,-0.49890378708928296,1.454844455893742,-0.44099329756753497,0.7128213967324267,0.008370700611647745,0.1484375,.IREQQEQLSLQQTIIDK.,sp|Q92844|TANK_HUMAN,0.826,0.24447555256618372,0.2520403589687868,0.046047790930448355,0.2915667669050715,decreasing,decreasing,False,True,False,True
.GSLLELLR.,Baricitinib,9,0,8,1,-0.6964151629679272,-0.6441609533251751,1.879479580020753,-0.5173631565830352,0.7094516477631677,0.008683297632910642,0.1484375,.GSLLELLR.,sp|Q13882|PTK6_HUMAN,0.542,0.24669704123920164,0.2520403589687868,0.046047790930448355,0.2915667669050715,decreasing,decreasing,False,True,False,True
.TEILPPFFK.,Baricitinib,9,0,8,1,-0.41096822822296986,-0.42125916775064676,1.2550988939968164,-0.4379828877161198,0.7106955024447396,0.008566974570755065,0.1484375,.TEILPPFFK.,sp|O75533|SF3B1_HUMAN,0.474,0.24592770906487063,0.2520403589687868,0.046047790930448355,0.2915667669050715,decreasing,decreasing,False,True,False,True
.NVFEVGPGDSPTFPR.,Baricitinib,8,1,7,1,-0.39095253637795935,-0.8796644780346295,2.705122282858646,-0.7316799941185046,0.7742850108872497,0.008984134051744114,0.21875,.NVFEVGPGDSPTFPR.,sp|Q16584|M3K11_HUMAN,0.628,0.24801019264264326,0.3350457828217694,0.046047790930448355,0.3619078587075575,decreasing,decreasing,False,True,False,True
.LPVIDPESGNTLYILTHKR.,Baricitinib,9,0,8,1,-0.21832211274985625,-0.4406463218283676,1.62268229669845,-0.4766440862190885,0.70629481735737,0.008983485910209235,0.25,.LPVIDPESGNTLYILTHKR.,sp|P54619|AAKG1_HUMAN,0.938,0.24801019264264326,0.366234778661509,0.046047790930448355,0.3705839057899902,decreasing,decreasing,False,True,False,True
.VTTVVATLGQGPER.,Baricitinib,9,0,8,1,-0.7098018843568834,-0.5568337813663757,2.041820150653905,-0.6713975226562755,0.7069166030668973,0.008923792416715294,0.25,.VTTVVATLGQGPER.,sp|P49840|GSK3A_HUMAN,0.97,0.24776118537024858,0.366234778661509,0.046047790930448355,0.3705839057899902,decreasing,decreasing,False,True,False,True
.YEIVDTLGEGAFGK.,Baricitinib,9,0,8,1,-0.8501215326799301,-0.9846243628243716,2.7305313399061895,-0.900334755284865,0.7123853633953755,0.008410697892379006,0.25,.YEIVDTLGEGAFGK.,sp|P49759|CLK1_HUMAN,0.504,0.24495032791068136,0.366234778661509,0.046047790930448355,0.3705839057899902,decreasing,decreasing,False,True,False,True
.VPTYKDYVDLFR.,Baricitinib,9,0,8,1,-0.20524258273473528,-0.5170513453052745,1.7754354034671564,-0.6081203241636262,0.706248962320101,0.00898789920959651,0.3125,.VPTYKDYVDLFR.,sp|P78527|PRKDC_HUMAN,0.676,0.24801019264264326,0.4300322117167223,0.046047790930448355,0.4135183968462549,decreasing,decreasing,False,True,False,True
.ELPTAFDYVEFTR.,Baricitinib,9,0,8,1,-0.20547589936656152,-0.45582131188787134,1.7693050675611595,-0.6013697941642474,0.7069452036333579,0.008921053382360699,0.3125,.ELPTAFDYVEFTR.,sp|Q13813|SPTN1_HUMAN,0.398,0.24776118537024858,0.4300322117167223,0.046047790930448355,0.4135183968462549,decreasing,decreasing,False,True,False,True
.AQGISAEPQTYR.,Baricitinib,9,0,8,1,-0.339965929286862,-0.652021647097293,2.023883044330688,-0.6323332135952212,0.7080270702749127,0.008817877147064274,0.3125,.AQGISAEPQTYR.,sp|Q13976|KGP1_HUMAN,0.54,0.24760011276956823,0.4300322117167223,0.046047790930448355,0.4135183968462549,decreasing,decreasing,False,True,False,True
.NLYTNEYVAIK.,Baricitinib,8,1,7,1,-0.13523489390755827,-0.33875813492063855,1.0975066790049937,-0.4033912469816885,0.779028061158123,0.008501928612292486,0.296875,.NLYTNEYVAIK.,sp|Q9Y6M4|KC1G3_HUMAN,0.322,0.24576169775298434,0.425268553274022,0.046047790930448355,0.4135183968462549,decreasing,decreasing,False,True,False,True
.ISPFEHQTYC+57.021QR.,Baricitinib,9,0,8,1,0.4785698059812695,0.25522503979836264,0.9377182883575088,-0.40264525735615314,0.7107198913578501,0.008564704747862806,0.3828125,.ISPFEHQTYCQR.,sp|P28482|MK01_HUMAN,0.992,0.24592770906487063,0.5008288112926537,0.046047790930448355,0.4743546195652174,decreasing,increasing,False,True,False,True
.GIEQAVQSHAVAEEEAR.,Baricitinib,9,0,8,1,-0.08079497120791501,-0.21233210886432197,1.1049333160893262,-0.39535590055284237,0.7106780655715256,0.008568597640986634,0.3828125,.GIEQAVQSHAVAEEEAR.,sp|Q16891|MIC60_HUMAN,0.95,0.24592770906487063,0.5008288112926537,0.046047790930448355,0.4743546195652174,decreasing,decreasing,False,True,False,True
.LVLEVAQHLGESTVR.,Baricitinib,9,0,8,1,-0.0774397898586443,-0.16756968479406176,1.147486748708932,-0.4024633214111495,0.7063721663173863,0.008976044937738306,0.546875,.LVLEVAQHLGESTVR.,sp|P06576|ATPB_HUMAN,0.948,0.24801019264264326,0.6608582996198585,0.046047790930448355,0.6173801849775785,decreasing,decreasing,False,True,False,True
.GSC+57.021IANAEEVDVPIK.,Baricitinib,9,0,8,1,0.10304909171767385,0.08717475728059787,1.1001472626060753,-0.5419219173344044,0.7076904419572128,0.008849890741436873,0.640625,.GSCIANAEEVDVPIK.,sp|P29323|EPHB2_HUMAN,0.828,0.24776118537024858,0.7392294231725897,0.046047790930448355,0.6969132607129996,decreasing,increasing,False,True,False,True
.HVAC+57.021YGFR.,Baricitinib,9,0,8,1,0.20845262148758437,-0.08980456711056561,1.5657689102721157,-0.5813746972453442,0.7079502374130007,0.008825176840042446,0.7421875,.HVACYGFR.,sp|Q05397|FAK1_HUMAN,0.798,0.24767050412824407,0.8194615531218623,0.046047790930448355,0.7847911926846343,decreasing,increasing,False,True,False,True
.NC+57.021LVGENHVVK.,Baricitinib,9,0,8,1,-0.055171052062222614,-0.18669148379581646,1.7729209811285003,-0.6537278688338375,0.7101972978946008,0.008613433735934381,0.84375,.NCLVGENHVVK.,sp|P42684|ABL2_HUMAN,0.73,0.24620704692890721,0.8943235529312646,0.046047790930448355,0.8705494364754098,decreasing,decreasing,False,True,False,True
.GTPLTPPAC+57.021AC+57.021SSLQVEVER.,Baricitinib,9,0,8,1,0.10312930329814307,-0.1801336643545759,1.926707589740694,-0.5903811645572319,0.7098380233812062,0.008647046659700728,0.9453125,.GTPLTPPACACSSLQVEVER.,sp|Q8TD19|NEK9_HUMAN,0.914,0.24659989982832325,0.9637759898015246,0.046047790930448355,0.9544749540441176,decreasing,increasing,False,True,False,True
.C+57.021YDLIPTSSK.,Baricitinib,8,1,7,1,-0.007575207460295275,-0.05664260192142275,1.4002544767517477,-0.50395236762054,0.7785998690622145,0.008544771356355355,0.9375,.CYDLIPTSSK.,sp|P54619|AAKG1_HUMAN,0.792,0.24592770906487063,0.9637759898015246,0.046047790930448355,0.9544749540441176,decreasing,decreasing,False,True,False,True
.VSGGPSLEQR.,Baricitinib,8,1,8,0,,,,-0.8863819802806222,0.7107056727830268,0.00856602798832084,,.VSGGPSLEQR.,sp|Q9Y262|EIF3L_HUMAN,0.776,0.24592770906487063,,0.046047790930448355,,decreasing,flat,False,True,False,True
.VPLALHPVVGQPFLK.,Baricitinib,9,0,8,1,-0.5744961371543464,-0.5073420009013732,1.319718572637612,-0.45649807886690424,0.7053698722754665,0.00907280140605224,0.25,.VPLALHPVVGQPFLK.,sp|Q9NYV4|CDK12_HUMAN,0.768,0.24841400755468995,0.366234778661509,0.046223059655086746,0.3705839057899902,decreasing,decreasing,False,True,False,True
.DLKPQNILVTSSGQIK.,Baricitinib,9,0,8,1,-0.24772020600425115,-0.31801543045058267,1.3853221783651577,-0.565944931211992,0.7055203547533971,0.009058228100414683,0.3828125,.DLKPQNILVTSSGQIK.,sp|Q00534|CDK6_HUMAN,0.544,0.24822595832254682,0.5008288112926537,0.046223059655086746,0.4743546195652174,decreasing,decreasing,False,True,False,True
.HSVLLSASR.,Baricitinib,9,0,8,1,-0.7804574133245694,-0.8208714451435877,2.128702854427889,-0.735805772803555,0.7049146511086744,0.009116986983986743,0.25,.HSVLLSASR.,sp|P30291|WEE1_HUMAN,0.598,0.24849275381345629,0.366234778661509,0.046371142752715325,0.3705839057899902,decreasing,decreasing,False,True,False,True
.LVVFDTSLQVK.,BMS-754807,9,0,8,1,-0.2643870023932582,-0.7762276847886338,3.1026065741193207,-0.7942834038589591,0.8632576004343768,0.0008437138067155253,0.109375,.LVVFDTSLQVK.,sp|P54619|AAKG1_HUMAN,0.976,0.17149125617634559,0.19579115469486683,0.04663602880127187,0.13852077363896848,decreasing,decreasing,False,True,False,True
.YNLFESSIR.,AZD-1480,9,0,8,1,1.3035766300696618,1.2492035866368685,1.7674752843193673,0.2652869981299982,0.8540191168927684,0.0010305717393839444,0.0078125,.YNLFESSIR.,sp|P42680|TEC_HUMAN,0.662,0.17548188206881613,0.03868310569675138,0.04672035767170566,0.01901392743854084,increasing,increasing,False,True,True,True
.SIAEEQYSDLEK.,AZD-1480,9,0,8,1,0.5615957414932904,0.6186628039664979,1.9890310773732303,0.6577281458309953,0.8525437094420946,0.0010628055541672976,0.1953125,.SIAEEQYSDLEK.,sp|O75116|ROCK2_HUMAN,0.546,0.17597768927838076,0.3058342496782904,0.04672035767170566,0.23269179444875776,increasing,increasing,False,True,False,True
.VSDNLPVAIK.,AZD-1480,8,1,8,0,,,,0.28916595699593517,0.8525513126116806,0.0010626377082143949,,.VSDNLPVAIK.,sp|P11309|PIM1_HUMAN,0.578,0.17597768927838076,,0.04672035767170566,,increasing,flat,False,True,False,True
.QPFFWLENKDVIGVLEK.,Baricitinib,9,0,8,1,-0.3076095428289687,-0.2991892335889714,1.1259879220228406,-0.45433556864257724,0.7039327485351787,0.009212808382647259,0.3125,.QPFFWLENKDVIGVLEK.,sp|Q14289|FAK2_HUMAN,0.7,0.24868968001537073,0.4300322117167223,0.04678093263175355,0.4135183968462549,decreasing,decreasing,False,True,False,True
.SDEGGKVLLPK.,Baricitinib,8,1,7,1,-0.6187514897220971,-1.207166792704637,2.6885621358485103,-0.7338302475369918,0.7717835796618616,0.009245260680851906,0.03125,.SDEGGKVLLPK.,sp|P07948|LYN_HUMAN,0.506,0.24881995672604684,0.08165283546888201,0.04686812315400462,0.17586857302533532,decreasing,decreasing,False,True,False,True
.DIKPGNLLLTTGGTLK.,Baricitinib,8,1,7,1,-1.2772814421668706,-0.9307444585544589,2.209299455484391,-0.850015351911454,0.7715551283089621,0.009269345494938285,0.15625,.DIKPGNLLLTTGGTLK.,sp|Q15831|STK11_HUMAN,0.328,0.24906849145954474,0.25926808208613233,0.046912677612171154,0.29465121722846443,decreasing,decreasing,False,True,False,True
.VDSLETEEWFFK.,Baricitinib,9,0,8,1,-1.1056204786709518,-1.1404759355113074,2.3066638245829267,-0.5695890571029243,0.7021414490008723,0.009389435232773894,0.0078125,.VDSLETEEWFFK.,sp|P08631|HCK_HUMAN,0.688,0.24950739753104503,0.03868310569675138,0.046947675035777785,0.13564116379310345,decreasing,decreasing,False,True,False,True
.QQQELDGSLKK.,Baricitinib,9,0,8,1,-0.8123527914859032,-0.8850155966970594,1.9404292835971226,-0.41004912920036857,0.697891173428407,0.009818023666535378,0.015625,.QQQELDGSLKK.,sp|Q9H2G2|SLK_HUMAN,0.898,0.2514104943929271,0.04724512190154185,0.046947675035777785,0.13564116379310345,decreasing,decreasing,False,True,False,True
.ETLVYLTHLDYVDTER.,Baricitinib,8,1,7,1,-0.5528405253350996,-0.8364446223522626,1.9842359345141602,-0.5167773800513472,0.7674000742004606,0.009714360540041028,0.015625,.ETLVYLTHLDYVDTER.,sp|O14980|XPO1_HUMAN,0.524,0.2509848332782131,0.04724512190154185,0.046947675035777785,0.13564116379310345,decreasing,decreasing,False,True,False,True
.DTVTISGPQAPVFEFVEQLRK.,Baricitinib,9,0,8,1,-0.8707079578134529,-1.0449650463674085,2.128231386843094,-0.42938068356915077,0.6975309413223457,0.00985496907657278,0.0078125,.DTVTISGPQAPVFEFVEQLRK.,sp|P49327|FAS_HUMAN,0.604,0.25162167192900453,0.03868310569675138,0.046947675035777785,0.13564116379310345,decreasing,decreasing,False,True,False,True
.NSSYFVEWIPNNVK.,Baricitinib,9,0,8,1,-0.8538880397214665,-0.7399485983036476,1.6223261644066511,-0.3998598130284582,0.6994030253962273,0.009664029689514663,0.0234375,.NSSYFVEWIPNNVK.,sp|P07437|TBB5_HUMAN,0.96,0.2507300380473196,0.06503412319395899,0.046947675035777785,0.1587549047085202,decreasing,decreasing,False,True,False,True
.GLAPDLPEDLYHLIKK.,Baricitinib,9,0,8,1,-0.6208772833593645,-0.8624227819242027,1.9890431395908088,-0.5258310468771258,0.6975554498979335,0.009852452381995691,0.0234375,.GLAPDLPEDLYHLIKK.,sp|P62277|RS13_HUMAN,0.796,0.25162167192900453,0.06503412319395899,0.046947675035777785,0.1587549047085202,decreasing,decreasing,False,True,False,True
.LLIHQSLAGGIIGVK.,Baricitinib,9,0,8,1,-1.0124077307050108,-1.1572200301161444,2.6348029159522888,-0.6205209014583944,0.6975492324000954,0.009853090790955137,0.0234375,.LLIHQSLAGGIIGVK.,sp|P61978|HNRPK_HUMAN,0.88,0.25162167192900453,0.06503412319395899,0.046947675035777785,0.1587549047085202,decreasing,decreasing,False,True,False,True
.ADLINNLGTIAK.,Baricitinib,8,1,7,1,-0.643042325044199,-0.8788264337351092,2.0957446463380656,-0.5335930176708931,0.7709288474744295,0.009335575881577615,0.03125,.ADLINNLGTIAK.,sp|P08238|HS90B_HUMAN,0.696,0.24939311023853356,0.08165283546888201,0.046947675035777785,0.17586857302533532,decreasing,decreasing,False,True,False,True
.LLEQYKEESKK.,Baricitinib,9,0,8,1,-0.5364634598376128,-0.6827780078273906,1.7946607381732669,-0.4963519574041073,0.6995271350173179,0.009651464078882982,0.0546875,.LLEQYKEESKK.,sp|Q00839|HNRPU_HUMAN,0.972,0.2507300380473196,0.11750218003270954,0.046947675035777785,0.1903351814516129,decreasing,decreasing,False,True,False,True
.ATSFLLALEPELEAR.,Baricitinib,9,0,8,1,-0.39071194898223105,-0.5902951595469097,1.6291140528887524,-0.4200834123680586,0.698557094551631,0.009749983414450342,0.0546875,.ATSFLLALEPELEAR.,sp|P04843|RPN1_HUMAN,0.902,0.2511001418510002,0.11750218003270954,0.046947675035777785,0.1903351814516129,decreasing,decreasing,False,True,False,True
.NFQIEVQK.,Baricitinib,9,0,8,1,-0.49685405857864673,-0.5727957877550831,1.360891112476903,-0.43775111892446467,0.7029410900955754,0.009310297374843004,0.0546875,.NFQIEVQK.,sp|P23458|JAK1_HUMAN,0.626,0.24939311023853356,0.11750218003270954,0.046947675035777785,0.1903351814516129,decreasing,decreasing,False,True,False,True
.GSIVGGHEPGEPR.,Baricitinib,8,1,7,1,-0.31396562704113506,-0.7901334972832684,2.0448218006429713,-0.7522897554972581,0.76699762179004,0.009758168918461053,0.078125,.GSIVGGHEPGEPR.,sp|P07949|RET_HUMAN,0.828,0.2511001418510002,0.152056647743661,0.046947675035777785,0.2132029132791328,decreasing,decreasing,False,True,False,True
.QEQVKIESLAK.,Baricitinib,9,0,8,1,-0.46313761867599545,-0.6369768063497583,1.7309090500808963,-0.4706455024683945,0.6975139131019764,0.009856717907437139,0.078125,.QEQVKIESLAK.,sp|Q16891|MIC60_HUMAN,0.632,0.25162167192900453,0.152056647743661,0.046947675035777785,0.2132029132791328,decreasing,decreasing,False,True,False,True
.DTYIENEKLISGK.,Baricitinib,9,0,8,1,-0.23693698803503693,-0.6099376643121026,1.9183195342423502,-0.5371548680649076,0.7027411897178293,0.009330036763394523,0.078125,.DTYIENEKLISGK.,sp|P04843|RPN1_HUMAN,0.684,0.24939311023853356,0.152056647743661,0.046947675035777785,0.2132029132791328,decreasing,decreasing,False,True,False,True
.EVEIQSHLR.,Baricitinib,9,0,8,1,-0.4295518015223774,-0.4113158829874348,1.2125460891863185,-0.3970336636836761,0.7024709309898249,0.009356770479502594,0.109375,.EVEIQSHLR.,sp|O14965|AURKA_HUMAN,0.808,0.24939311023853356,0.19579115469486683,0.046947675035777785,0.2443948779585799,decreasing,decreasing,False,True,False,True
.KGEIFELK.,Baricitinib,8,1,7,1,-0.23509440983229624,-0.6710812385901167,2.249079789583387,-0.6178024116769744,0.7679905755236619,0.009650308589343185,0.109375,.KGEIFELK.,sp|P63010|AP2B1_HUMAN,0.458,0.2507300380473196,0.19579115469486683,0.046947675035777785,0.2443948779585799,decreasing,decreasing,False,True,False,True
.LTFDTTFSPNTGKK.,Baricitinib,9,0,8,1,-0.48204319839499377,-0.6508945415590692,1.7043818078897282,-0.5041998128652029,0.7011529557429931,0.009487914863440701,0.1484375,.LTFDTTFSPNTGKK.,sp|P45880|VDAC2_HUMAN,0.866,0.25023366614830866,0.2520403589687868,0.046947675035777785,0.2915667669050715,decreasing,decreasing,False,True,False,True
.LKEVVLK.,Baricitinib,9,0,8,1,-0.40089265367528526,-0.6465223826694504,2.154469916158824,-0.5631766008767285,0.7024062967888521,0.00936317199234074,0.1484375,.LKEVVLK.,sp|Q96NN9|AIFM3_HUMAN,0.358,0.2494143002796321,0.2520403589687868,0.046947675035777785,0.2915667669050715,decreasing,decreasing,False,True,False,True
.SHYFEGVLK.,Baricitinib,8,1,7,1,-0.35501003299192035,-0.48551674180727844,1.2228854606087154,-0.3763554359177583,0.7691046982893186,0.009530190207344063,0.15625,.SHYFEGVLK.,sp|P54619|AAKG1_HUMAN,0.888,0.25025896950477144,0.25926808208613233,0.046947675035777785,0.29465121722846443,decreasing,decreasing,False,True,False,True
.NYLQSLPSK.,Baricitinib,9,0,8,1,-0.6857174947821765,-0.672660667393556,1.7651461784359164,-0.5559805253319916,0.6988959855790695,0.00971548496737771,0.1953125,.NYLQSLPSK.,sp|P27361|MK03_HUMAN,0.972,0.2509848332782131,0.3058342496782904,0.046947675035777785,0.33697262278697887,decreasing,decreasing,False,True,False,True
.NVPVITGSK.,Baricitinib,9,0,8,1,-0.5589660313132256,-0.6532083125359107,1.764667264304002,-0.5587859110225154,0.6980201455148417,0.009804820001421325,0.1953125,.NVPVITGSK.,sp|P35232|PHB_HUMAN,0.922,0.25132308623352223,0.3058342496782904,0.046947675035777785,0.33697262278697887,decreasing,decreasing,False,True,False,True
.KPPLAAALGEAEPPGPVDATDLPK.,Baricitinib,9,0,8,1,-0.6245623563925626,-0.8272754257290411,2.2373976926096724,-0.6802039623925589,0.7004154178568415,0.009561863960625342,0.1953125,.KPPLAAALGEAEPPGPVDATDLPK.,sp|O75909|CCNK_HUMAN,0.65,0.25025896950477144,0.3058342496782904,0.046947675035777785,0.33697262278697887,decreasing,decreasing,False,True,False,True
.VIEDNEYTAR.,Baricitinib,8,1,7,1,-0.6231960707313071,-0.48512933330467284,1.340856526395573,-0.4626627230339177,0.7680612756463155,0.00964265772917549,0.21875,.VIEDNEYTAR.,sp|P07948|LYN_HUMAN,0.862,0.2507300380473196,0.3350457828217694,0.046947675035777785,0.3619078587075575,decreasing,decreasing,False,True,False,True
.QVENKENIEGAQDATENSASSLAPGFIR.,Baricitinib,8,1,7,1,-0.23308609824726645,-0.9755552476414593,2.4567471349131758,-0.8069669993307625,0.7698247877082822,0.009453061299673916,0.21875,.QVENKENIEGAQDATENSASSLAPGFIR.,sp|P42684|ABL2_HUMAN,0.758,0.24982318811240392,0.3350457828217694,0.046947675035777785,0.3619078587075575,decreasing,decreasing,False,True,False,True
.LGDFGLSR.,Baricitinib,9,0,8,1,-0.4509050043421059,-0.5676947676665245,1.7540921900160242,-0.5816888148653179,0.6988796052727028,0.009717150473700122,0.25,.LGDFGLSR.,sp|Q05397|FAK1_HUMAN,0.97,0.2509848332782131,0.366234778661509,0.046947675035777785,0.3705839057899902,decreasing,decreasing,False,True,False,True
.QLYQILTDFDIR.,Baricitinib,9,0,8,1,-0.3434555209714212,-0.41259409263791014,1.695212683739939,-0.5140394533574874,0.7005304313637991,0.009550305589743156,0.25,.QLYQILTDFDIR.,sp|P19784|CSK22_HUMAN,0.63,0.25025896950477144,0.366234778661509,0.046947675035777785,0.3705839057899902,decreasing,decreasing,False,True,False,True
.YDEEFQR.,Baricitinib,9,0,8,1,-0.39378692512568314,-0.479544603422811,1.5362614685335032,-0.5042894188998319,0.6982011286460926,0.009786312708962243,0.25,.YDEEFQR.,sp|P55060|XPO2_HUMAN,0.47,0.251130489681891,0.366234778661509,0.046947675035777785,0.3705839057899902,decreasing,decreasing,False,True,False,True
.KIEEIKDFLLTAR.,Baricitinib,9,0,8,1,-0.31895672049722634,-0.311132198608679,1.1836600315383876,-0.439007338612939,0.6993598608975612,0.009668402619233121,0.3125,.KIEEIKDFLLTAR.,sp|P63173|RL38_HUMAN,0.982,0.2507300380473196,0.4300322117167223,0.046947675035777785,0.4135183968462549,decreasing,decreasing,False,True,False,True
.ESESSPGQLSISLR.,Baricitinib,9,0,8,1,-0.2346976489477406,-0.5328345179834928,1.6857132435430877,-0.5259216739055063,0.6995911285449166,0.009644989476071402,0.3125,.ESESSPGQLSISLR.,sp|P42684|ABL2_HUMAN,0.908,0.2507300380473196,0.4300322117167223,0.046947675035777785,0.4135183968462549,decreasing,decreasing,False,True,False,True
.IGDFGLATVK.,Baricitinib,9,0,8,1,-0.33705977104422935,-0.6369581295174829,1.909872730673925,-0.6141023125181759,0.6985178867227761,0.009753980245872084,0.3125,.IGDFGLATVK.,sp|P15056|BRAF_HUMAN,0.9,0.2511001418510002,0.4300322117167223,0.046947675035777785,0.4135183968462549,decreasing,decreasing,False,True,False,True
.LLDEVFFSEK.,Baricitinib,8,1,7,1,-0.2403377024170723,-0.4130939706550925,1.6891658891125765,-0.5124172179872692,0.7664229759534285,0.009820938172261399,0.296875,.LLDEVFFSEK.,sp|P25789|PSA4_HUMAN,0.39,0.2514104943929271,0.425268553274022,0.046947675035777785,0.4135183968462549,decreasing,decreasing,False,True,False,True
.LVQGSILK.,Baricitinib,9,0,8,1,-0.17956255409876043,-0.42371982008599085,1.6853265661042691,-0.5454425210511755,0.697353069699299,0.009873247602894252,0.3828125,.LVQGSILK.,sp|P12004|PCNA_HUMAN,0.29,0.2516288606521679,0.5008288112926537,0.046947675035777785,0.4743546195652174,decreasing,decreasing,False,True,False,True
.NVLVESEHQVK.,Baricitinib,9,0,8,1,-0.023682556190058435,-0.21273520549358915,1.4065794319062164,-0.623328217614603,0.6983354114534459,0.00977259686578266,0.4609375,.NVLVESEHQVK.,sp|P23458|JAK1_HUMAN,0.84,0.251130489681891,0.5832049128107661,0.046947675035777785,0.545280612244898,decreasing,decreasing,False,True,False,True
.DEILPTTPISEQK.,Baricitinib,9,0,8,1,0.01755513058085789,-0.3159305522944553,1.1281684562378906,-0.3864070734722735,0.7013807408720049,0.009465157504324393,0.640625,.DEILPTTPISEQK.,sp|P23396|RS3_HUMAN,0.844,0.24995501739822965,0.7392294231725897,0.046947675035777785,0.6969132607129996,decreasing,increasing,False,True,False,True
.SNKPIHTIILNPH.,Baricitinib,8,1,7,1,0.022577537979852735,-0.6919901656345482,3.290446596291762,-1.1977129449018078,0.7671372330365827,0.009742957565743294,0.6875,.SNKPIHTIILNPH.,sp|Q13557|KCC2D_HUMAN,0.492,0.2511001418510002,0.7829131572083889,0.046947675035777785,0.7391236654804271,decreasing,increasing,False,True,False,True
.LKPAPPPPPAASAGK.,Baricitinib,9,0,8,1,0.014979255299751415,-0.13595905831140165,1.3945225127226664,-0.6588482398680342,0.6994290708090137,0.009661391741060385,0.84375,.LKPAPPPPPAASAGK.,sp|P00519|ABL1_HUMAN,0.81,0.2507300380473196,0.8943235529312646,0.046947675035777785,0.8705494364754098,decreasing,increasing,False,True,False,True
.C+57.021LIELEPVLR.,Baricitinib,9,0,8,1,0.0010109423939930196,0.004848904287970246,0.90200746946336,-0.4586880145180444,0.6974332931899906,0.00986500069002463,0.9453125,.CLIELEPVLR.,sp|O43353|RIPK2_HUMAN,0.774,0.2516288606521679,0.9637759898015246,0.046947675035777785,0.9544749540441176,decreasing,increasing,False,True,False,True
.HGSLQEYLQNDTGSK.,Baricitinib,8,1,8,0,,,,-0.6049789385126534,0.6982499119437267,0.009781328346776681,,.HGSLQEYLQNDTGSK.,sp|P42685|FRK_HUMAN,0.912,0.251130489681891,,0.046947675035777785,,decreasing,flat,False,True,False,True
.GVYSEETLR.,Baricitinib,8,1,8,0,,,,-1.0557974803108445,0.7017301850014379,0.009430320134309573,,.GVYSEETLR.,sp|Q16891|MIC60_HUMAN,0.702,0.24982318811240392,,0.046947675035777785,,decreasing,flat,False,True,False,True
.GIEYLHYQK.,Baricitinib,9,0,8,1,-0.8090794326537782,-1.060404586507921,2.395558059415478,-0.6277695686876468,0.6971239122073168,0.00989683152400013,0.0078125,.GIEYLHYQK.,sp|Q96RR4|KKCC2_HUMAN,0.604,0.251722849761357,0.03868310569675138,0.04698696948004396,0.13564116379310345,decreasing,decreasing,False,True,False,True
.TVTNAVVTVPAYFNDSQR.,Baricitinib,9,0,8,1,-0.3819009466513741,-0.6363039785174149,2.086604777201785,-0.680794686006755,0.6969686910865938,0.009912828717905544,0.3125,.TVTNAVVTVPAYFNDSQR.,sp|P11142|HSP7C_HUMAN,0.96,0.251722849761357,0.4300322117167223,0.04699017879106075,0.4135183968462549,decreasing,decreasing,False,True,False,True
.SALVQIYELEEHK.,Baricitinib,9,0,8,1,0.2712264546863139,0.05484187002853691,0.7486910861561569,-0.416960865975183,0.6965630255364689,0.009954722760177915,1.0,.SALVQIYELEEHK.,sp|P54619|AAKG1_HUMAN,0.694,0.2519773348261891,1.0,0.04711594861954578,1.0,decreasing,increasing,False,True,False,True
.EASAVLFTITK.,Baricitinib,9,0,8,1,-0.536829320330309,-0.7828285133089179,2.2623537611039772,-0.6462469696827132,0.6959208474273857,0.01002129643939197,0.1953125,.EASAVLFTITK.,sp|P51812|KS6A3_HUMAN,0.93,0.25252439657419284,0.3058342496782904,0.047357960215123535,0.33697262278697887,decreasing,decreasing,False,True,False,True
.GPSSVEDIKAK.,Baricitinib,8,1,7,1,-1.4898690756881834,-1.8977659560888824,4.5480741771337705,-1.1982417267190364,0.7621290497610989,0.010298095609328529,0.015625,.GPSSVEDIKAK.,sp|P06748|NPM_HUMAN,0.728,0.25439677922821596,0.04724512190154185,0.047380661957582004,0.13564116379310345,decreasing,decreasing,False,True,False,True
.RYDDPEVQKDIK.,Baricitinib,9,0,8,1,-1.2463718911463495,-1.489022232540138,3.0245019119535144,-0.743431388066222,0.6949676171839997,0.010120693176248478,0.0078125,.RYDDPEVQKDIK.,sp|P38646|GRP75_HUMAN,0.892,0.253427649869342,0.03868310569675138,0.047380661957582004,0.13564116379310345,decreasing,decreasing,False,True,False,True
.KVDEAIALFQK.,Baricitinib,8,1,7,1,-1.4337215788608049,-1.5145290943083505,3.343255354026123,-0.9582293746122403,0.7619383385674736,0.010319622493532696,0.015625,.KVDEAIALFQK.,sp|P26640|SYVC_HUMAN,0.432,0.25439677922821596,0.04724512190154185,0.047380661957582004,0.13564116379310345,decreasing,decreasing,False,True,False,True
.SHISGIFRPK.,Baricitinib,8,1,7,1,-1.119822743209152,-1.053709254593596,2.082528387840174,-0.5106409044100112,0.7638047204192215,0.01011017717692964,0.03125,.SHISGIFRPK.,sp|P07332|FES_HUMAN,0.752,0.25336928044809864,0.08165283546888201,0.047380661957582004,0.17586857302533532,decreasing,decreasing,False,True,False,True
.SHDFYSHELSSPVDSPSSLR.,Baricitinib,9,0,8,1,-1.110878212413354,-1.3428640301568038,2.9959692307666117,-0.8451327897346202,0.6937893439545634,0.010244512331060565,0.0390625,.SHDFYSHELSSPVDSPSSLR.,sp|Q13233|M3K1_HUMAN,0.754,0.25422855268688893,0.09198604700041242,0.047380661957582004,0.17586857302533532,decreasing,decreasing,False,True,False,True
.TLSKDDVNYK.,Baricitinib,9,0,8,1,-0.6782747625435839,-0.5416353527142017,1.3614345361511013,-0.4344012344062659,0.695594123405599,0.010055287386504465,0.0546875,.TLSKDDVNYK.,sp|P48651|PTSS1_HUMAN,0.658,0.25291701537513156,0.11750218003270954,0.047380661957582004,0.1903351814516129,decreasing,decreasing,False,True,False,True
.ERFSPLTTNLINLLAENGR.,Baricitinib,8,1,7,1,-1.2732021600853578,-0.8856060881557818,1.7200141908445197,-0.4912052722225446,0.7640719021367981,0.01008041705227149,0.046875,.ERFSPLTTNLINLLAENGR.,sp|P48047|ATPO_HUMAN,0.578,0.2531022709691611,0.10712409559729064,0.047380661957582004,0.1903351814516129,decreasing,decreasing,False,True,False,True
.ANSATTATPSVLTIQSSATPVK.,Baricitinib,8,1,7,1,-0.5185691728524944,-1.5587636311033215,4.269983066552946,-1.5317514373466294,0.7630480864177818,0.010194757778941023,0.078125,.ANSATTATPSVLTIQSSATPVK.,sp|Q9NSY1|BMP2K_HUMAN,0.928,0.2541467564071318,0.152056647743661,0.047380661957582004,0.2132029132791328,decreasing,decreasing,False,True,False,True
.GWHTILIVEK.,Baricitinib,9,0,8,1,-0.777963757287937,-1.2949601461506117,5.848268930649372,-1.2542973120816987,0.6954046282784033,0.010075038762037854,0.109375,.GWHTILIVEK.,sp|Q8TD19|NEK9_HUMAN,0.976,0.25307909675442203,0.19579115469486683,0.047380661957582004,0.2443948779585799,decreasing,decreasing,False,True,False,True
.SQAEQLLKQEGK.,Baricitinib,9,0,8,1,-0.6135256251540842,-0.8764771545584975,2.474670677970636,-0.6679672628114606,0.6931143128744306,0.010315926538883764,0.109375,.SQAEQLLKQEGK.,sp|Q06187|BTK_HUMAN,0.822,0.25439677922821596,0.19579115469486683,0.047380661957582004,0.2443948779585799,decreasing,decreasing,False,True,False,True
.KIGDTSVSYK.,Baricitinib,9,0,8,1,-0.803614933856375,-0.9996692097465059,2.581265450382311,-0.7108391725619065,0.6932940517591369,0.010296877124882444,0.109375,.KIGDTSVSYK.,sp|P20700|LMNB1_HUMAN,0.504,0.25439677922821596,0.19579115469486683,0.047380661957582004,0.2443948779585799,decreasing,decreasing,False,True,False,True
.IALLPLLQAETDRR.,Baricitinib,9,0,8,1,-0.37773920766199787,-0.37513705189031255,1.0789076499042203,-0.37475270668072674,0.6939300998327511,0.010229665186584296,0.1953125,.IALLPLLQAETDRR.,sp|Q9P0J0|NDUAD_HUMAN,0.564,0.2541467564071318,0.3058342496782904,0.047380661957582004,0.33697262278697887,decreasing,decreasing,False,True,False,True
.FEELNADLFR.,Baricitinib,9,0,8,1,-0.2489152274541091,-0.37128688502175367,1.271234720547362,-0.5026479597151928,0.6932475360796042,0.010301804656914892,0.3828125,.FEELNADLFR.,sp|P11142|HSP7C_HUMAN,0.836,0.25439677922821596,0.5008288112926537,0.047380661957582004,0.4743546195652174,decreasing,decreasing,False,True,False,True
.HDSATDTIDIAPNHR.,Baricitinib,9,0,8,1,-0.07231193210387232,-0.3349747557360989,1.4169477912613608,-0.5074593513605294,0.6938091330129278,0.010242424035190992,0.3828125,.HDSATDTIDIAPNHR.,sp|P36897|TGFR1_HUMAN,0.89,0.25422855268688893,0.5008288112926537,0.047380661957582004,0.4743546195652174,decreasing,decreasing,False,True,False,True
.EGYIPSNYVAR.,Baricitinib,9,0,8,1,-0.07116803953159767,-0.22785879526363306,0.9486458070359589,-0.35959277385677424,0.6944303105704196,0.010177024747213877,0.546875,.EGYIPSNYVAR.,sp|P08631|HCK_HUMAN,0.73,0.2541181939267856,0.6608582996198585,0.047380661957582004,0.6173801849775785,decreasing,decreasing,False,True,False,True
.DNSLVLTPSHIK.,Baricitinib,9,0,8,1,-0.04692889341011508,-0.050413256056115685,0.7557339960088392,-0.33542085254273984,0.6948533720079234,0.010132652297189917,0.7421875,.DNSLVLTPSHIK.,sp|P50613|CDK7_HUMAN,0.768,0.2535699553935097,0.8194615531218623,0.047380661957582004,0.7847911926846343,decreasing,decreasing,False,True,False,True
.QTYSTEPNNLK.,Baricitinib,9,0,8,1,0.11075447456766696,-0.10860187046367153,1.293170075730277,-0.5166094684592197,0.6932776840233795,0.010298610814234159,0.7421875,.QTYSTEPNNLK.,sp|P46779|RL28_HUMAN,0.582,0.25439677922821596,0.8194615531218623,0.047380661957582004,0.7847911926846343,decreasing,increasing,False,True,False,True
.PIFGSLHHVPDLSC+57.021R.,Baricitinib,8,1,7,1,0.19955710681550443,-0.09939586814477,2.393962440383323,-0.793620141407696,0.7629542200319318,0.010205281897008478,0.9375,.PIFGSLHHVPDLSCR.,sp|Q8TD19|NEK9_HUMAN,0.93,0.2541467564071318,0.9637759898015246,0.047380661957582004,0.9544749540441176,decreasing,increasing,False,True,False,True
.EILGTAQSVGC+57.021NVDGR.,Baricitinib,8,1,8,0,,,,-0.49866836564570194,0.6943388875151437,0.010186631518342324,,.EILGTAQSVGCNVDGR.,sp|P30050|RL12_HUMAN,0.69,0.2541467564071318,,0.047380661957582004,,decreasing,flat,False,True,False,True
.LQSVSSAIHLC+57.021DK.,Baricitinib,9,0,8,1,-0.5935480553554555,-0.4392695846901935,1.681621348859224,-0.6554508808446815,0.6929126208074525,0.010337332164652779,0.25,.LQSVSSAIHLCDK.,sp|O43353|RIPK2_HUMAN,0.846,0.25439677922821596,0.366234778661509,0.04739102802539622,0.3705839057899902,decreasing,decreasing,False,True,False,True
.WTAPEAINFGSFTIK.,Baricitinib,9,0,8,1,-0.5112961354456989,-0.5186745594756648,1.1082054354411603,-0.3151507657666014,0.692743263560107,0.010355330228839155,0.0390625,.WTAPEAINFGSFTIK.,sp|P08631|HCK_HUMAN,0.798,0.25441290397084293,0.09198604700041242,0.04740268330126819,0.17586857302533532,decreasing,decreasing,False,True,False,True
.TGEAIVDAALSALR.,Baricitinib,8,1,7,1,-0.29736314373592165,-0.43941419539948356,1.7414718410141994,-0.4552287674020982,0.7614244651778508,0.010377769227335994,0.15625,.TGEAIVDAALSALR.,sp|Q15084|PDIA6_HUMAN,0.692,0.25459261496454516,0.25926808208613233,0.04743460241466393,0.29465121722846443,decreasing,decreasing,False,True,False,True
.VVFRDPYR.,BMS-754807,8,1,7,1,-1.9543236209684842,-1.9749138870865244,2.5630178009211413,0.3540397470255951,0.9065813616438602,0.0009376301700296762,0.015625,.VVFRDPYR.,sp|P62917|RL8_HUMAN,0.232,0.17428903445925728,0.04724512190154185,0.047527431507504256,0.024147727272727272,increasing,decreasing,False,True,True,True
.QALEELKQSVQQLR.,BMS-754807,9,0,8,1,-0.4761892637239278,-0.6288389917125974,2.290049298669299,-0.5467857781058675,0.8587363779787505,0.0009319851208125588,0.0546875,.QALEELKQSVQQLR.,sp|P16591|FER_HUMAN,0.62,0.17424646949310127,0.11750218003270954,0.047527431507504256,0.07387492359413203,decreasing,decreasing,False,True,False,True
.YTVSVFAK.,Baricitinib,9,0,8,1,-0.4586125612188301,-0.7455537471296414,2.0670295181164775,-0.5796400736401227,0.6911158633023974,0.010529405185684942,0.078125,.YTVSVFAK.,sp|Q06187|BTK_HUMAN,0.86,0.25519024989670186,0.152056647743661,0.0475606564131012,0.2132029132791328,decreasing,decreasing,False,True,False,True
.LLEYTPTAR.,Baricitinib,9,0,8,1,-0.6598526854260385,-0.7151989370002014,1.81263785285336,-0.5729951421557766,0.6911725780722141,0.010523304276277642,0.109375,.LLEYTPTAR.,sp|P49841|GSK3B_HUMAN,0.926,0.25519024989670186,0.19579115469486683,0.0475606564131012,0.2443948779585799,decreasing,decreasing,False,True,False,True
.ISSPQVEEGDSR.,Baricitinib,9,0,8,1,-1.3356401507998594,-1.1688598879756178,2.8472084219425255,-0.853108379228034,0.6917911300753684,0.010456927104034097,0.109375,.ISSPQVEEGDSR.,sp|P30291|WEE1_HUMAN,0.87,0.2549694213950912,0.19579115469486683,0.0475606564131012,0.2443948779585799,decreasing,decreasing,False,True,False,True
.NQGGGLSSSGAGEGQGPK.,Baricitinib,9,0,8,1,-0.5461665460365399,-0.5546614856787353,1.5454391847694744,-0.5577930689513625,0.6915638637431746,0.010481280808540461,0.1484375,.NQGGGLSSSGAGEGQGPK.,sp|P07814|SYEP_HUMAN,0.95,0.25508179570247935,0.2520403589687868,0.0475606564131012,0.2915667669050715,decreasing,decreasing,False,True,False,True
.NSPGSQVASNPR.,Baricitinib,8,1,7,1,-0.21080759783062675,-0.3927962184473667,1.2855900893251153,-0.39318359627013355,0.7604372393907202,0.01049006113337459,0.15625,.NSPGSQVASNPR.,sp|Q9H0D6|XRN2_HUMAN,0.672,0.2550827786804009,0.25926808208613233,0.0475606564131012,0.29465121722846443,decreasing,decreasing,False,True,False,True
.VLVADKDLLDLHK.,Baricitinib,9,0,8,1,-0.32420382225974187,-0.4866206268987723,1.5234451425111892,-0.4721405084829634,0.6913795018444338,0.010501066231072973,0.25,.VLVADKDLLDLHK.,sp|O43427|FIBP_HUMAN,0.816,0.2550827786804009,0.366234778661509,0.0475606564131012,0.3705839057899902,decreasing,decreasing,False,True,False,True
.TAVAPIER.,Baricitinib,9,0,8,1,-0.17916672025547697,-0.3132444610012066,1.2796283338848085,-0.4914553692493129,0.6918252601292809,0.010453273196333223,0.3828125,.TAVAPIER.,sp|P05141|ADT2_HUMAN,0.856,0.25496053029181154,0.5008288112926537,0.0475606564131012,0.4743546195652174,decreasing,decreasing,False,True,False,True
.PHFQLSR.,Baricitinib,8,1,7,1,-0.09426214027125468,-0.3315456923397342,1.741547250883741,-0.8468319734353958,0.7608819482465546,0.010439382653382345,0.46875,.PHFQLSR.,sp|P57088|TMM33_HUMAN,0.242,0.25484064074635887,0.5836483783307752,0.0475606564131012,0.545280612244898,decreasing,decreasing,False,True,False,True
.TSSDPTC+57.021VEKEK.,Baricitinib,9,0,8,1,0.162691897504196,0.0463538435830948,1.11834654525558,-0.44955934175617784,0.6909455737895216,0.010547738505950505,0.7421875,.TSSDPTCVEKEK.,sp|O14980|XPO1_HUMAN,0.764,0.25519024989670186,0.8194615531218623,0.047573402937867944,0.7847911926846343,decreasing,increasing,False,True,False,True
.VNVPVIGGHAGK.,AZD-1480,8,1,7,1,-1.9930559220199164,-2.253139061006432,3.063206211187623,0.41711278945258284,0.9000956671855314,0.001111732727577353,0.015625,.VNVPVIGGHAGK.,sp|P40926|MDHM_HUMAN,0.596,0.17926161453763287,0.04724512190154185,0.04764029558593249,0.024949596774193547,increasing,decreasing,False,True,True,True
.TAEHEAAQQDLQSK.,Baricitinib,9,0,8,1,-0.5608542334470759,-0.6336599268024128,1.4816544785676804,-0.47448712427372286,0.6903792286087265,0.010608872839686994,0.0546875,.TAEHEAAQQDLQSK.,sp|Q86UP2|KTN1_HUMAN,0.61,0.2552196385537974,0.11750218003270954,0.04770298231777136,0.1903351814516129,decreasing,decreasing,False,True,False,True
.W+11.998QNVHFHR.,Baricitinib,8,1,7,1,-0.28869851302679095,-1.1497251345042707,4.253693571130281,-1.3665185468390413,0.7591426637041618,0.010638479269103038,0.109375,.WQNVHFHR.,sp|Q13557|KCC2D_HUMAN,0.254,0.2552196385537974,0.19579115469486683,0.04770298231777136,0.2443948779585799,decreasing,decreasing,False,True,False,True
.DYYFALAHTVR.,Baricitinib,9,0,8,1,-0.7019783789455545,-0.8210187377493261,2.1923890137057462,-0.6394479125782268,0.6901508183119281,0.010633599163449534,0.1484375,.DYYFALAHTVR.,sp|P06737|PYGL_HUMAN,0.702,0.2552196385537974,0.2520403589687868,0.04770298231777136,0.2915667669050715,decreasing,decreasing,False,True,False,True
.VLENIELNKK.,Baricitinib,9,0,8,1,-0.5172164134969108,-0.5979613283239846,1.9616782653358342,-0.6220303538164995,0.6901039051579193,0.01063868272101585,0.3125,.VLENIELNKK.,sp|Q9Y262|EIF3L_HUMAN,0.56,0.2552196385537974,0.4300322117167223,0.04770298231777136,0.4135183968462549,decreasing,decreasing,False,True,False,True
.LTIPILYVK.,Baricitinib,9,0,8,1,-0.4871956269910598,-0.3955083894700735,1.3553459953376823,-0.4275065904761775,0.6898143814247567,0.01067009371386406,0.25,.LTIPILYVK.,sp|P49840|GSK3A_HUMAN,0.97,0.2552404720941409,0.366234778661509,0.04775149147343001,0.3705839057899902,decreasing,decreasing,False,True,False,True
.VIFLENYR.,Baricitinib,9,0,8,1,-0.27537398861409734,-0.4959179276562118,1.8689803714756152,-0.6539742164669539,0.6897173072905224,0.010680640088285944,0.4609375,.VIFLENYR.,sp|P06737|PYGL_HUMAN,0.726,0.25525992724014057,0.5832049128107661,0.04775149147343001,0.545280612244898,decreasing,decreasing,False,True,False,True
.YAGYSFEK.,Baricitinib,9,0,8,1,-0.48591679636869856,-0.8362571423696559,2.1662927389009496,-0.5214496180986171,0.6883514084148856,0.010829814820419262,0.0078125,.YAGYSFEK.,sp|P45983|MK08_HUMAN,0.94,0.2557884958034874,0.03868310569675138,0.04783349566590737,0.13564116379310345,decreasing,decreasing,False,True,False,True
.TSIDAYDNFDNISLAQR.,Baricitinib,9,0,8,1,-0.49621535140768813,-0.7036732837717055,1.8366969023638902,-0.48651684404447354,0.6879782144774187,0.010870826725796118,0.0390625,.TSIDAYDNFDNISLAQR.,sp|Q00610|CLH1_HUMAN,0.908,0.25605910427089906,0.09198604700041242,0.04783349566590737,0.17586857302533532,decreasing,decreasing,False,True,False,True
.NKLTGEVVALK.,Baricitinib,8,1,7,1,-0.579357706177241,-0.8201372060791938,2.076322097135673,-0.5381562880819246,0.7576699863889088,0.010808932289141286,0.078125,.NKLTGEVVALK.,sp|P24941|CDK2_HUMAN,0.836,0.2557556650594952,0.152056647743661,0.04783349566590737,0.2132029132791328,decreasing,decreasing,False,True,False,True
.HSLDASQGTATGPR.,Baricitinib,9,0,8,1,-0.6705217850773746,-0.5951536832596886,1.45753149529056,-0.4431634058898941,0.6871329861531478,0.010964117200238956,0.109375,.HSLDASQGTATGPR.,sp|O00330|ODPX_HUMAN,0.974,0.25646565222935375,0.19579115469486683,0.04783349566590737,0.2443948779585799,decreasing,decreasing,False,True,False,True
.DVKPSNVLINALGQVK.,Baricitinib,9,0,8,1,-0.22278195266972212,-0.3026824567919779,1.077004087377457,-0.3140469843667296,0.6873813517786437,0.010936645984062262,0.1484375,.DVKPSNVLINALGQVK.,sp|P52564|MP2K6_HUMAN,0.934,0.25646565222935375,0.2520403589687868,0.04783349566590737,0.2915667669050715,decreasing,decreasing,False,True,False,True
.HPSQSALVTIVEK.,Baricitinib,9,0,8,1,-0.3552335696651756,-0.6071840435674587,1.827258883861976,-0.5572769986832294,0.6892441608739104,0.010732149073502343,0.1484375,.HPSQSALVTIVEK.,sp|P36888|FLT3_HUMAN,0.238,0.2554525014998886,0.2520403589687868,0.04783349566590737,0.2915667669050715,decreasing,decreasing,False,True,False,True
.NGQGWVPSNYITPVNSLEK.,Baricitinib,9,0,8,1,-0.33490292549506506,-0.3590954971320679,1.2815850610660675,-0.41748195100525354,0.6889420890661024,0.01076512547150002,0.1953125,.NGQGWVPSNYITPVNSLEK.,sp|P00519|ABL1_HUMAN,0.844,0.2555760474680852,0.3058342496782904,0.04783349566590737,0.33697262278697887,decreasing,decreasing,False,True,False,True
.ALLEVVQSGGK.,Baricitinib,9,0,8,1,-0.24143633299480172,-0.5988108344522161,2.0469911514661305,-0.6338701771426706,0.6887963780893769,0.010781057867092676,0.1953125,.ALLEVVQSGGK.,sp|O14818|PSA7_HUMAN,0.226,0.25563540484917546,0.3058342496782904,0.04783349566590737,0.33697262278697887,decreasing,decreasing,False,True,False,True
.WTAPEAIAYR.,Baricitinib,8,1,7,1,-0.285796175288592,-0.5875569644723875,2.0014911799928115,-0.5822623228989038,0.7564904297123283,0.01094670450244297,0.21875,.WTAPEAIAYR.,sp|P54753|EPHB3_HUMAN,0.482,0.25646565222935375,0.3350457828217694,0.04783349566590737,0.3619078587075575,decreasing,decreasing,False,True,False,True
.SELDVGNFAEEFTR.,Baricitinib,9,0,8,1,-0.44493051209021317,-0.4878908826209054,1.744725305860321,-0.5633570623566213,0.6893210295941372,0.010723768891788228,0.25,.SELDVGNFAEEFTR.,sp|O75676|KS6A4_HUMAN,0.844,0.25544605573473383,0.366234778661509,0.04783349566590737,0.3705839057899902,decreasing,decreasing,False,True,False,True
.LVVFDTSLQVK.,Baricitinib,9,0,8,1,-0.3705864761096116,-0.45659076158193823,1.1603631567689554,-0.38696357330981973,0.6871822438092754,0.010958665047487555,0.3125,.LVVFDTSLQVK.,sp|P54619|AAKG1_HUMAN,0.976,0.25646565222935375,0.4300322117167223,0.04783349566590737,0.4135183968462549,decreasing,decreasing,False,True,False,True
.AFFALVTNGVR.,Baricitinib,9,0,8,1,-0.26483860457662445,-0.3483574803844891,1.3371386167427737,-0.45861344959917233,0.6872530497779309,0.010950831139222562,0.3125,.AFFALVTNGVR.,sp|P54619|AAKG1_HUMAN,0.95,0.25646565222935375,0.4300322117167223,0.04783349566590737,0.4135183968462549,decreasing,decreasing,False,True,False,True
.FPGLHELVR.,Baricitinib,9,0,8,1,-0.12276284329478315,-0.42376510927890054,1.631734196193669,-0.4954044303064105,0.6886217522046045,0.010800173776385702,0.3125,.FPGLHELVR.,sp|P06239|LCK_HUMAN,0.316,0.25571494932556965,0.4300322117167223,0.04783349566590737,0.4135183968462549,decreasing,decreasing,False,True,False,True
.LFVGSIPK.,Baricitinib,9,0,8,1,-0.24875466223345377,-0.4527029690909732,2.0502053157815716,-0.5976852473233881,0.6871675269015874,0.010960293808734985,0.3828125,.LFVGSIPK.,sp|O60506|HNRPQ_HUMAN,0.746,0.25646565222935375,0.5008288112926537,0.04783349566590737,0.4743546195652174,decreasing,decreasing,False,True,False,True
.ETAEAYLGKK.,Baricitinib,9,0,8,1,-0.12469670758221518,-0.25169662681943583,1.5334667709437788,-0.6138126300124829,0.6885295733566065,0.010810274019345065,0.640625,.ETAEAYLGKK.,sp|P11021|BIP_HUMAN,0.314,0.2557556650594952,0.7392294231725897,0.04783349566590737,0.6969132607129996,decreasing,decreasing,False,True,False,True
.EYYSEADASHC+57.021IQQILESVNHC+57.021HLNGIVHR.,Baricitinib,8,1,7,1,-0.006888150686759076,-0.5646110060650688,3.935582692499249,-1.33032010734472,0.7570968574179467,0.010875735012207548,0.6875,.EYYSEADASHCIQQILESVNHCHLNGIVHR.,sp|Q13557|KCC2D_HUMAN,0.642,0.25605910427089906,0.7829131572083889,0.04783349566590737,0.7391236654804271,decreasing,decreasing,False,True,False,True
.TGIEQGSDAGYLC+57.021ESQK.,Baricitinib,8,1,7,1,0.009433668853770172,-0.15162031531334513,1.346704056260112,-0.5013408443355448,0.7574071051962568,0.010839540651507383,0.8125,.TGIEQGSDAGYLCESQK.,sp|P40939|ECHA_HUMAN,0.488,0.2558579500395814,0.8851202357016011,0.04783349566590737,0.8519828184658105,decreasing,increasing,False,True,False,True
.TSENLALTGVDHSLPQDGSNAFISQK.,Baricitinib,9,0,8,1,-0.6392909343290629,-0.5513662408038327,1.5041017172514692,-0.4624678553751011,0.6869087196235587,0.010988964638110265,0.1484375,.TSENLALTGVDHSLPQDGSNAFISQK.,sp|O60563|CCNT1_HUMAN,0.86,0.25646565222935375,0.2520403589687868,0.04787379906972185,0.2915667669050715,decreasing,decreasing,False,True,False,True
.ERPEDRPTFDYLR.,Baricitinib,9,0,8,1,-0.4504429630381086,-0.4140551224280875,1.2221194090348142,-0.4734707449559288,0.6867098838516628,0.01101102768278256,0.1953125,.ERPEDRPTFDYLR.,sp|P06239|LCK_HUMAN,0.726,0.25646565222935375,0.3058342496782904,0.0479018750398498,0.33697262278697887,decreasing,decreasing,False,True,False,True
.EFSPFGTITSAK.,Baricitinib,9,0,8,1,-0.6566304570011177,-0.8234711649319375,1.7884669619958657,-0.4565733847496425,0.6864957899574416,0.011034818694399796,0.015625,.EFSPFGTITSAK.,sp|P11940|PABP1_HUMAN,0.698,0.2565897409506559,0.04724512190154185,0.047937378095926596,0.13564116379310345,decreasing,decreasing,False,True,False,True
.ELIFEETAR.,Baricitinib,9,0,8,1,-0.28445979219907436,-0.40921130620277957,1.4742841945443637,-0.5071862150314413,0.6860855588067767,0.011080506554372944,0.3125,.ELIFEETAR.,sp|P28482|MK01_HUMAN,0.752,0.25693762986251295,0.4300322117167223,0.04805336940852467,0.4135183968462549,decreasing,decreasing,False,True,False,True
.KEEILLIK.,Baricitinib,9,0,8,1,-0.12231178110098284,-0.5877352058836043,2.0061650146127725,-0.6300925588273167,0.6859748891864634,0.011092854757494447,0.4609375,.KEEILLIK.,sp|P27708|PYR1_HUMAN,0.538,0.2569666793458388,0.5832049128107661,0.04805336940852467,0.545280612244898,decreasing,decreasing,False,True,False,True
.PGAPETAPGDGAGASR.,Baricitinib,8,1,7,1,-0.23697448726170123,-1.0619240312038964,3.354791734727552,-1.1778299621808053,0.7548151522400744,0.011144290723030907,0.15625,.PGAPETAPGDGAGASR.,sp|O75116|ROCK2_HUMAN,0.852,0.25730956728839033,0.25926808208613233,0.048208095412603374,0.29465121722846443,decreasing,decreasing,False,True,False,True
.DSETTKGSYSLSVR.,Baricitinib,9,0,8,1,-0.39785573296084387,-1.0158728903428367,2.6265779455263782,-0.6659294493108309,0.6847465847734197,0.011230558060899233,0.0078125,.DSETTKGSYSLSVR.,sp|P08631|HCK_HUMAN,0.568,0.2576927457940328,0.03868310569675138,0.048308725908524475,0.13564116379310345,decreasing,decreasing,False,True,False,True
.YNPTWH.,Baricitinib,8,1,7,1,-0.6407607114483511,-0.9231964590110141,1.8733155837918218,-0.6052269445303454,0.754111664046916,0.011227934014158029,0.03125,.YNPTWH.,sp|P63167|DYL1_HUMAN,0.422,0.2576927457940328,0.08165283546888201,0.048308725908524475,0.17586857302533532,decreasing,decreasing,False,True,False,True
.EATAGNPGGQTVR.,Baricitinib,9,0,8,1,-0.46856951601480645,-0.7562798426591808,2.0121891606771953,-0.5409034804686057,0.6851059843821766,0.011190142242170761,0.0546875,.EATAGNPGGQTVR.,sp|P27708|PYR1_HUMAN,0.876,0.2573832331208849,0.11750218003270954,0.048308725908524475,0.1903351814516129,decreasing,decreasing,False,True,False,True
.NLGSINTELQDVQR.,Baricitinib,9,0,8,1,-0.2779421233131014,-0.5653378352618801,1.8780498087347084,-0.5889253919547651,0.6849054400364188,0.01121268151915832,0.1953125,.NLGSINTELQDVQR.,sp|O75396|SC22B_HUMAN,0.498,0.257634084065368,0.3058342496782904,0.048308725908524475,0.33697262278697887,decreasing,decreasing,False,True,False,True
.PGLHELVR.,Baricitinib,9,0,8,1,-0.19896834519880713,-0.5069010041058055,1.7035416838554482,-0.49601369506160253,0.6844707980390671,0.011261641060959823,0.25,.PGLHELVR.,sp|P06239|LCK_HUMAN,0.302,0.2579042290622044,0.366234778661509,0.048347437741875644,0.3705839057899902,decreasing,decreasing,False,True,False,True
.AIITALGVER.,Baricitinib,9,0,8,1,-0.1373075232735239,-0.37376351879611214,1.5564490764445402,-0.6259219310336668,0.684387111397425,0.011271085094698756,0.4609375,.AIITALGVER.,sp|Q92616|GCN1_HUMAN,0.742,0.2579042290622044,0.5832049128107661,0.048347437741875644,0.545280612244898,decreasing,decreasing,False,True,False,True
.DVIGVLEK.,Baricitinib,9,0,8,1,-0.6371102852598405,-0.759139757164339,1.8392131977241633,-0.5010273705973631,0.6824938593277031,0.011486235469416026,0.0390625,.DVIGVLEK.,sp|Q14289|FAK2_HUMAN,0.67,0.25895424552930846,0.09198604700041242,0.04839732920801626,0.17586857302533532,decreasing,decreasing,False,True,False,True
.ESQAKDVIEEYFK.,Baricitinib,9,0,8,1,-0.5158090654866232,-0.7323204855270591,1.9621848644193882,-0.5260614214222681,0.6835747484190978,0.011363050894745578,0.0546875,.ESQAKDVIEEYFK.,sp|P25398|RS12_HUMAN,0.75,0.258223098050457,0.11750218003270954,0.04839732920801626,0.1903351814516129,decreasing,decreasing,False,True,False,True
.TLPGSDWTPNAQFITR.,Baricitinib,8,1,7,1,-0.5382294136007602,-0.8007855283651492,1.7748007886501114,-0.4951309828042152,0.7527946906193269,0.011385592566606605,0.046875,.TLPGSDWTPNAQFITR.,sp|P56192|SYMC_HUMAN,0.658,0.25850364282817156,0.10712409559729064,0.04839732920801626,0.1903351814516129,decreasing,decreasing,False,True,False,True
.VASSPAPPEGPSHPR.,Baricitinib,8,1,7,1,-0.43035286988065025,-0.9811090282746845,2.5456551785450756,-0.9251913224143092,0.7522148550803179,0.011455451095255045,0.046875,.VASSPAPPEGPSHPR.,sp|O14578|CTRO_HUMAN,0.528,0.2588169900435766,0.10712409559729064,0.04839732920801626,0.1903351814516129,decreasing,decreasing,False,True,False,True
.TTSEGATNC+57.021VC+57.021R.,Baricitinib,9,0,8,1,1.21082886901638,0.7273080071251163,1.8445976452466475,-0.7163052548224357,0.682204110977703,0.0115194164727264,0.078125,.TTSEGATNCVCR.,sp|P29323|EPHB2_HUMAN,0.938,0.2590428430970398,0.152056647743661,0.04839732920801626,0.2132029132791328,decreasing,increasing,False,True,False,True
.TTPSVVAFTADGER.,Baricitinib,9,0,8,1,-0.6718493893442972,-0.7987579528642468,2.1311505006617573,-0.6309163102268622,0.6826011736019614,0.011473963343902117,0.109375,.TTPSVVAFTADGER.,sp|P38646|GRP75_HUMAN,0.986,0.25895424552930846,0.19579115469486683,0.04839732920801626,0.2443948779585799,decreasing,decreasing,False,True,False,True
.LADFGLAR.,Baricitinib,9,0,8,1,-0.5916584079247507,-0.6098870288988567,1.5192353528600968,-0.5031863012310743,0.6840444728744646,0.011309810127953476,0.1484375,.LADFGLAR.,sp|P06239|LCK_HUMAN,0.936,0.2580311167266063,0.2520403589687868,0.04839732920801626,0.2915667669050715,decreasing,decreasing,False,True,False,True
.TSLPWQGLK.,Baricitinib,9,0,8,1,-0.96396519865697,-0.8076904842222579,2.159405993979597,-0.6657526363783083,0.6823801713019829,0.011499246583085508,0.1484375,.TSLPWQGLK.,sp|P48729|KC1A_HUMAN,0.78,0.25903548398567483,0.2520403589687868,0.04839732920801626,0.2915667669050715,decreasing,decreasing,False,True,False,True
.LDQLIYIPLPDEK.,Baricitinib,8,1,7,1,-0.3246511407751349,-0.6305535419940972,1.695457191587682,-0.4897470961787074,0.7517391088349586,0.011512972571802385,0.21875,.LDQLIYIPLPDEK.,sp|P55072|TERA_HUMAN,0.528,0.2590428430970398,0.3350457828217694,0.04839732920801626,0.3619078587075575,decreasing,decreasing,False,True,False,True
.SAAEPVASTPASR.,Baricitinib,9,0,8,1,-0.33866364930890214,-0.623732046299287,1.997566124729012,-0.6102258792708605,0.6825636809671258,0.011478249831979004,0.25,.SAAEPVASTPASR.,sp|P49674|KC1E_HUMAN,0.916,0.25895424552930846,0.366234778661509,0.04839732920801626,0.3705839057899902,decreasing,decreasing,False,True,False,True
.VAASVLNPYVK.,Baricitinib,9,0,8,1,-0.5929412680475039,-0.780877520764534,2.272848585914133,-0.6652526357615317,0.6830336849886586,0.011424596512136932,0.25,.VAASVLNPYVK.,sp|P48047|ATPO_HUMAN,0.93,0.2587305512519817,0.366234778661509,0.04839732920801626,0.3705839057899902,decreasing,decreasing,False,True,False,True
.VAC+57.021ITEQVLTLVNK.,Baricitinib,9,0,8,1,-0.3334840745788874,-0.3499901179972529,1.2862858217320792,-0.4015782636084021,0.6826061931805891,0.01147338954727759,0.25,.VACITEQVLTLVNK.,sp|P04843|RPN1_HUMAN,0.338,0.25895424552930846,0.366234778661509,0.04839732920801626,0.3705839057899902,decreasing,decreasing,False,True,False,True
.DTLGHGNGGTVYK.,Baricitinib,8,1,7,1,-0.3945347275583089,-0.33924303983714815,1.324023698749894,-0.5728497186871461,0.7517613539354356,0.01151027886871014,0.375,.DTLGHGNGGTVYK.,sp|Q13163|MP2K5_HUMAN,0.702,0.2590428430970398,0.5008288112926537,0.04839732920801626,0.4743546195652174,decreasing,decreasing,False,True,False,True
.VIQQSLEQEEAEHK.,Baricitinib,8,1,7,1,0.09558639869100816,-0.8690583719186468,3.459427206855377,-1.34702142963132,0.7526449629096893,0.011403605660646986,0.578125,.VIQQSLEQEEAEHK.,sp|O75116|ROCK2_HUMAN,0.958,0.25863641476648297,0.6876835392578704,0.04839732920801626,0.6435208640383199,decreasing,increasing,False,True,False,True
.EEPIPC+57.021TAHWHFGQ.,Baricitinib,9,0,8,1,0.42537711023070024,0.057732539149279116,1.4768091191165489,-0.5371414535960596,0.6839972724017569,0.01131515207697637,0.7421875,.EEPIPCTAHWHFGQ.,sp|P16083|NQO2_HUMAN,0.598,0.25807602852513445,0.8194615531218623,0.04839732920801626,0.7847911926846343,decreasing,increasing,False,True,False,True
.WDSHFR.,Baricitinib,8,1,7,1,-1.4753026533048192,-1.4097107874624857,2.7634021030189473,-0.8033333314496088,0.7513015464183,0.011566039613624502,0.015625,.WDSHFR.,sp|Q16891|MIC60_HUMAN,0.354,0.2590428430970398,0.04724512190154185,0.048520253646460496,0.13564116379310345,decreasing,decreasing,False,True,False,True
.DLLHPSPEEEKR.,Baricitinib,9,0,8,1,-0.776723708808337,-0.9384378815339951,2.205413578848578,-0.6465125639178523,0.6816738542154506,0.011580314857909712,0.0546875,.DLLHPSPEEEKR.,sp|P42677|RS27_HUMAN,0.772,0.2590428430970398,0.11750218003270954,0.048520253646460496,0.1903351814516129,decreasing,decreasing,False,True,False,True
.EVSTYIK.,AZD-1480,9,0,8,1,-2.654397231386543,-2.5076436635119355,3.0296119353010056,0.31502391000751906,0.843782181413846,0.0012684942991001184,0.0078125,.EVSTYIK.,sp|P68104|EF1A1_HUMAN,0.386,0.182160915198911,0.03868310569675138,0.04854602299967865,0.01901392743854084,increasing,decreasing,False,True,True,True
.LNDLIQR.,AZD-1480,9,0,8,1,-0.8074562083245489,-0.9976598405001926,2.0669721993381955,-0.3397772230138576,0.8439641884432395,0.0012639666172327938,0.0078125,.LNDLIQR.,sp|P53621|COPA_HUMAN,0.276,0.1821075174750289,0.03868310569675138,0.04854602299967865,0.01901392743854084,decreasing,decreasing,False,True,True,True
.IYVDDGLISLQVK.,AZD-1480,8,1,7,1,-1.93055216691803,-2.1072432389637368,2.9198228416439598,0.41508870842343654,0.8973071755899943,0.001192233165971173,0.015625,.IYVDDGLISLQVK.,sp|P14618|KPYM_HUMAN,0.618,0.18073075186588944,0.04724512190154185,0.04854602299967865,0.024949596774193547,increasing,decreasing,False,True,True,True
.QATVSWDSGGSDEAPPKPSRPGYPSPR.,AZD-1480,9,0,8,1,0.3961197662185558,0.4118786500965035,0.9144628023467547,-0.2665260916772951,0.8444415182413976,0.0012521447569806426,0.0390625,.QATVSWDSGGSDEAPPKPSRPGYPSPR.,sp|Q05397|FAK1_HUMAN,0.836,0.18161835327682113,0.09198604700041242,0.04854602299967865,0.05506789733578319,decreasing,increasing,False,True,False,True
.LQPQEISPPPTANLDR.,AZD-1480,9,0,8,1,0.5197767888974401,0.43589784468875026,0.9093422102303883,-0.3175009055676376,0.8450683882331791,0.0012367341553248994,0.078125,.LQPQEISPPPTANLDR.,sp|Q05397|FAK1_HUMAN,0.99,0.18161835327682113,0.152056647743661,0.04854602299967865,0.10237644107600341,decreasing,increasing,False,True,False,True
.AQLSTILEEEKAQQEER.,AZD-1480,9,0,8,1,0.6987455050919493,0.46722701951362566,1.3960176874539307,-0.6766427842720876,0.8455114312487152,0.0012259210119311807,0.1484375,.AQLSTILEEEKAQQEER.,sp|Q05397|FAK1_HUMAN,0.984,0.1811148967837851,0.2520403589687868,0.04854602299967865,0.18295368975903614,decreasing,increasing,False,True,False,True
.YLAEFATGNDRK.,Baricitinib,9,0,8,1,-0.9142816095590138,-1.259836276431085,2.481914714442059,-0.47197936754187003,0.6811561883251342,0.011639986187189897,0.0078125,.YLAEFATGNDRK.,sp|P62258|1433E_HUMAN,0.752,0.2591964545177462,0.03868310569675138,0.04855542961315739,0.13564116379310345,decreasing,decreasing,False,True,False,True
.SHGSQETDEEFDAR.,Baricitinib,9,0,8,1,-0.9558348498614357,-1.1397019748474824,2.320006251953739,-0.5766390102812298,0.6812416148977368,0.011630124143745058,0.015625,.SHGSQETDEEFDAR.,sp|P20674|COX5A_HUMAN,0.436,0.2591964545177462,0.04724512190154185,0.04855542961315739,0.13564116379310345,decreasing,decreasing,False,True,False,True
.IDESIHLQLR.,Baricitinib,9,0,8,1,-1.2454517114410084,-1.011443557460204,2.399739823422774,-0.6378498381992339,0.6806414823781257,0.01169953129576893,0.078125,.IDESIHLQLR.,sp|Q9Y262|EIF3L_HUMAN,0.578,0.2591964545177462,0.152056647743661,0.04855542961315739,0.2132029132791328,decreasing,decreasing,False,True,False,True
.SQEAQSLQQQR.,Baricitinib,9,0,8,1,-0.3103492107543211,-0.5655925068095624,1.763790889352542,-0.49411112630776494,0.6807114876975715,0.011691419934414261,0.1484375,.SQEAQSLQQQR.,sp|Q08379|GOGA2_HUMAN,0.526,0.2591964545177462,0.2520403589687868,0.04855542961315739,0.2915667669050715,decreasing,decreasing,False,True,False,True
.SYSSGGEDGYVR.,Baricitinib,8,1,7,1,-0.5955358815691127,-0.6563968166815555,1.8192948944675322,-0.6167205500419756,0.7507862345308385,0.01162873573114403,0.21875,.SYSSGGEDGYVR.,sp|Q13347|EIF3I_HUMAN,0.678,0.2591964545177462,0.3350457828217694,0.04855542961315739,0.3619078587075575,decreasing,decreasing,False,True,False,True
.HQALWDR.,Baricitinib,9,0,8,1,-0.49261476299233387,-0.49787430910177255,1.4683149491797174,-0.5333397234801085,0.6809243971484784,0.01166677499896326,0.3125,.HQALWDR.,sp|O43427|FIBP_HUMAN,0.496,0.2591964545177462,0.4300322117167223,0.04855542961315739,0.4135183968462549,decreasing,decreasing,False,True,False,True
.HEQNIDC+57.021GGGYVK.,Baricitinib,8,1,7,1,0.2067296015120732,-0.34835344297340703,1.4649849731593534,-0.5696029959535329,0.7503821147532341,0.011678054852996422,0.578125,.HEQNIDCGGGYVK.,sp|P27797|CALR_HUMAN,0.776,0.2591964545177462,0.6876835392578704,0.04855542961315739,0.6435208640383199,decreasing,increasing,False,True,False,True
.LITTQQWLIK.,Baricitinib,9,0,8,1,-0.8581810520903108,-0.8004933134211734,1.9418423622497158,-0.6044664355012637,0.6802576237625081,0.011744078816865221,0.109375,.LITTQQWLIK.,sp|P00846|ATP6_HUMAN,0.82,0.2595509729995963,0.19579115469486683,0.04862000939438921,0.2443948779585799,decreasing,decreasing,False,True,False,True
.YSEFTSTTSGTGHNQTR.,Baricitinib,8,1,7,1,-1.6121690668401776,-1.0986751120727578,2.407571712223671,-0.9277437236277616,0.7498206539055541,0.01174679718331999,0.109375,.YSEFTSTTSGTGHNQTR.,sp|P48960|AGRE5_HUMAN,0.31,0.2595509729995963,0.19579115469486683,0.04862000939438921,0.2443948779585799,decreasing,decreasing,False,True,False,True
.FVHSENQHLVSPEALDFLDK.,Baricitinib,8,1,7,1,-0.3667590135925032,-0.5141532053484958,1.1663878200411943,-0.3794340099665667,0.7495741685769466,0.01177705690739257,0.015625,.FVHSENQHLVSPEALDFLDK.,sp|P68400|CSK21_HUMAN,0.856,0.25962988927648745,0.04724512190154185,0.04867956002017926,0.13564116379310345,decreasing,decreasing,False,True,False,True
.VDNDENEHQLSLR.,AZD-1480,9,0,8,1,-1.1042292778004157,-1.11123078437944,1.714325348054352,0.34387724976444295,0.8380637785371916,0.001416452501653563,0.0078125,.VDNDENEHQLSLR.,sp|P06748|NPM_HUMAN,0.852,0.18466289167759858,0.03868310569675138,0.04868166745571448,0.01901392743854084,increasing,decreasing,False,True,True,True
.YYAFDEAFVR.,AZD-1480,9,0,8,1,1.339673807542571,1.3483252900644969,2.070314234532745,0.2507932242313794,0.8410403105317508,0.0013380479274574862,0.0078125,.YYAFDEAFVR.,sp|O43427|FIBP_HUMAN,0.726,0.18284708264555838,0.03868310569675138,0.04868166745571448,0.01901392743854084,increasing,increasing,False,True,True,True
.SSPSGPSNPSNPSVEEK.,AZD-1480,9,0,8,1,-1.3268733801113886,-1.292349675740465,1.8730541849278808,0.3372720257217019,0.8420481172135127,0.0013121879581817607,0.0078125,.SSPSGPSNPSNPSVEEK.,sp|Q8WY22|BRI3B_HUMAN,0.368,0.18255401775131008,0.03868310569675138,0.04868166745571448,0.01901392743854084,increasing,decreasing,False,True,True,True
.FEDVVNQSSPK.,AZD-1480,9,0,8,1,0.5585125972071552,0.6021427681791258,1.2535213815524777,0.261909096521604,0.8382509700530434,0.0014114316135550437,0.015625,.FEDVVNQSSPK.,sp|Q01085|TIAR_HUMAN,0.514,0.18466289167759858,0.04724512190154185,0.04868166745571448,0.024949596774193547,increasing,increasing,False,True,True,True
.ALIAGGGAPEIELALR.,AZD-1480,8,1,7,1,-1.7636691931336728,-1.7569345231821742,2.3252577110673904,0.32367288223889834,0.889780786896366,0.0014270276151103708,0.015625,.ALIAGGGAPEIELALR.,sp|P50991|TCPD_HUMAN,0.804,0.18466289167759858,0.04724512190154185,0.04868166745571448,0.024949596774193547,increasing,decreasing,False,True,True,True
.GSPGSQPEQVTQRPEEGK.,AZD-1480,9,0,8,1,-0.7603789203499396,-0.6969112079073487,1.21297616079152,0.2793221883777373,0.8377643535324615,0.0014245090757522812,0.015625,.GSPGSQPEQVTQRPEEGK.,sp|Q5U3C3|TM164_HUMAN,0.362,0.18466289167759858,0.04724512190154185,0.04868166745571448,0.024949596774193547,increasing,decreasing,False,True,True,True
.LSQEQVDNFTLDINTAYAR.,AZD-1480,8,1,8,0,,,,0.2906574037934057,0.8373372732342247,0.0014360545191349314,,.LSQEQVDNFTLDINTAYAR.,sp|Q16891|MIC60_HUMAN,0.576,0.18466289167759858,,0.04868166745571448,,increasing,flat,False,True,False,True
.ATISNDGATILK.,AZD-1480,8,1,8,0,,,,0.4894200130472096,0.8375697015658715,0.001429763291558738,,.ATISNDGATILK.,sp|Q99832|TCPH_HUMAN,0.592,0.18466289167759858,,0.04868166745571448,,increasing,flat,False,True,False,True
.YFFYSSGEK.,Baricitinib,9,0,8,1,-0.14563747149067474,-0.09898209678080283,0.9423484229511274,-0.37326059740757916,0.679718502444327,0.01180684701383186,0.7421875,.YFFYSSGEK.,sp|P49841|GSK3B_HUMAN,0.932,0.2598089481470487,0.8194615531218623,0.04873701183233151,0.7847911926846343,decreasing,decreasing,False,True,False,True
.ELQHAALGGTATR.,Baricitinib,9,0,8,1,-0.49953575218030544,-0.5735320842170806,2.102887957885919,-0.6501981973961506,0.6794376669719261,0.011839637512695164,0.25,.ELQHAALGGTATR.,sp|O14828|SCAM3_HUMAN,0.3,0.2598089481470487,0.366234778661509,0.048806677757306544,0.3705839057899902,decreasing,decreasing,False,True,False,True
.YDGIILPGK.,Baricitinib,9,0,8,1,-0.23936395665744925,-0.4633368735982506,1.9313361653067744,-0.5872178415418822,0.6789506690235885,0.01189665211158942,0.3125,.YDGIILPGK.,sp|P62913|RL11_HUMAN,0.874,0.2600133703620428,0.4300322117167223,0.04897588191442249,0.4135183968462549,decreasing,decreasing,False,True,False,True
.DSDIEQLR.,AT-7519,8,1,8,0,,,,-0.35034430887709705,0.8461442088689204,0.0012105891761333134,,.DSDIEQLR.,sp|O75116|ROCK2_HUMAN,0.566,0.18080230984512818,,0.04899149776993829,,decreasing,flat,False,True,False,True
.LGAGQFGEVWMATYNK.,AT-7519,8,1,7,1,1.3379282067491687,1.3125389234291351,2.3773320584904276,-0.6449459521535805,0.8961841409188889,0.001225632811880761,0.015625,.LGAGQFGEVWMATYNK.,sp|P08631|HCK_HUMAN,0.462,0.1811148967837851,0.04724512190154185,0.04899541899201384,0.03322072072072072,decreasing,increasing,False,True,True,True
.VVLVLAGR.,Baricitinib,9,0,8,1,-0.3381698674121907,-0.38706341354682827,1.3105446249265214,-0.4018482369246996,0.6784784355171306,0.011952123204974616,0.1953125,.VVLVLAGR.,sp|P61353|RL27_HUMAN,0.91,0.26022149045887377,0.3058342496782904,0.04913828668854845,0.33697262278697887,decreasing,decreasing,False,True,False,True
.TIAQDYGVLKADEGISFR.,Baricitinib,8,1,7,1,-1.6385005522303224,-1.8356388360815106,3.0016244010475894,-0.5779495393824582,0.746794858731823,0.012121706741858666,0.015625,.TIAQDYGVLKADEGISFR.,sp|Q06830|PRDX1_HUMAN,0.658,0.2613454726352069,0.04724512190154185,0.049196669051574694,0.13564116379310345,decreasing,decreasing,False,True,False,True
.LNNLVLFDK.,Baricitinib,9,0,8,1,-0.5447716161646561,-0.7673961335636803,1.9386774936366429,-0.5017363038404183,0.6769876429992954,0.012128439287090512,0.0390625,.LNNLVLFDK.,sp|P62851|RS25_HUMAN,0.608,0.2613454726352069,0.09198604700041242,0.049196669051574694,0.17586857302533532,decreasing,decreasing,False,True,False,True
.LSKEETVLATVQALQTASHLSQQADLR.,Baricitinib,9,0,8,1,-0.8599694272754501,-0.8436773962714876,2.0941993393576404,-0.5807922762429184,0.6777092518246863,0.012042866664195599,0.078125,.LSKEETVLATVQALQTASHLSQQADLR.,sp|P04844|RPN2_HUMAN,0.692,0.26083001358582,0.152056647743661,0.049196669051574694,0.2132029132791328,decreasing,decreasing,False,True,False,True
.SIDDEITEAK.,Baricitinib,9,0,8,1,-0.9563072477898942,-0.8876245328007841,2.2634138747973225,-0.7206470324515312,0.6771340620567503,0.012111041403049826,0.1484375,.SIDDEITEAK.,sp|Q13131|AAPK1_HUMAN,0.936,0.2613454726352069,0.2520403589687868,0.049196669051574694,0.2915667669050715,decreasing,decreasing,False,True,False,True
.VLANLAHPPAE.,Baricitinib,9,0,8,1,-0.49738768856800597,-0.5858415477467998,1.7262783787966853,-0.600066154344696,0.6779662621881757,0.012012492219240918,0.25,.VLANLAHPPAE.,sp|Q14289|FAK2_HUMAN,0.688,0.26063725796285453,0.366234778661509,0.049196669051574694,0.3705839057899902,decreasing,decreasing,False,True,False,True
.AIFFNR.,Baricitinib,9,0,8,1,-0.2665999468572142,-0.4673102134910456,1.4457013506145486,-0.4851591320730818,0.6769132832478695,0.01213728166372492,0.25,.AIFFNR.,sp|Q99623|PHB2_HUMAN,0.894,0.2614414654995998,0.366234778661509,0.049196669051574694,0.3705839057899902,decreasing,decreasing,False,True,False,True
.FHQDQSPVGGLTAEDIEK.,Baricitinib,9,0,8,1,-0.4737895027692698,-0.6266464478433424,1.8336343343068044,-0.5395229294524679,0.6779157485485221,0.012018457829182006,0.25,.FHQDQSPVGGLTAEDIEK.,sp|Q8NI60|COQ8A_HUMAN,0.408,0.26063725796285453,0.366234778661509,0.049196669051574694,0.3705839057899902,decreasing,decreasing,False,True,False,True
.QLLSFGNPR.,Baricitinib,9,0,8,1,-0.2670614100289157,-0.406451871929868,1.3323848487144971,-0.42537977492394075,0.6768671405826725,0.012142770939694179,0.3125,.QLLSFGNPR.,sp|P06241|FYN_HUMAN,0.53,0.2614870409358286,0.4300322117167223,0.049196669051574694,0.4135183968462549,decreasing,decreasing,False,True,False,True
.QFDHPHIVK.,Baricitinib,9,0,8,1,0.15868616042895667,0.12081216884717128,0.7956870844127018,-0.2691732560983971,0.6775651178606589,0.012059924694568272,0.546875,.QFDHPHIVK.,sp|Q05397|FAK1_HUMAN,0.766,0.26100822081532055,0.6608582996198585,0.049196669051574694,0.6173801849775785,decreasing,increasing,False,True,False,True
.GTLDPVEK.,Baricitinib,8,1,7,1,0.0401351611892089,-0.44653994896022703,2.0234348500953736,-0.7732499033517528,0.7472424027850101,0.01206577970397083,0.578125,.GTLDPVEK.,sp|P11142|HSP7C_HUMAN,0.93,0.2610718006645979,0.6876835392578704,0.049196669051574694,0.6435208640383199,decreasing,increasing,False,True,False,True
.TALIHDGLAR.,Baricitinib,8,1,7,1,0.16811292971599556,-0.06879121191014294,0.8407749503148736,-0.35092969977547267,0.7467745349765005,0.012124250407571228,0.8125,.TALIHDGLAR.,sp|P25398|RS12_HUMAN,0.502,0.2613454726352069,0.8851202357016011,0.049196669051574694,0.8519828184658105,decreasing,increasing,False,True,False,True
.VGSGTYGDVYK.,Baricitinib,9,0,8,1,-0.10623351367677003,-0.4059371338220852,1.519720587463393,-0.46345716010448995,0.6766985293351759,0.012162844388705569,0.3828125,.VGSGTYGDVYK.,sp|Q9Y4K4|M4K5_HUMAN,0.766,0.2616718118226234,0.5008288112926537,0.049212986464591,0.4743546195652174,decreasing,decreasing,False,True,False,True
.NIGLGFK.,Baricitinib,9,0,8,1,-0.6095517578056953,-0.6616014467163231,1.403601857289459,-0.37852399914872104,0.6763573567930277,0.012203533301120877,0.015625,.NIGLGFK.,sp|P62280|RS11_HUMAN,0.628,0.261871176492758,0.04724512190154185,0.049228250781760165,0.13564116379310345,decreasing,decreasing,False,True,False,True
.STESLQANVQR.,Baricitinib,8,1,8,0,,,,-0.561944579874609,0.6762632819784433,0.012214769757065369,,.STESLQANVQR.,sp|P26373|RL13_HUMAN,0.522,0.261871176492758,,0.049228250781760165,,decreasing,flat,False,True,False,True
.IQDKEGIPPDQQR.,Baricitinib,9,0,8,1,-0.9273234400327759,-1.115936582886592,2.7419713068200906,-0.6880734315223467,0.6761102447827094,0.01223306440897956,0.0390625,.IQDKEGIPPDQQR.,sp|P62979|RS27A_HUMAN,0.984,0.26197583133947583,0.09198604700041242,0.0492372815516277,0.17586857302533532,decreasing,decreasing,False,True,False,True
.DLLHPSLEEEKKK.,AZD-1480,9,0,8,1,0.6811713406853563,0.5811276210746863,1.475190706718351,-0.45671348029105185,0.8360710059532122,0.0014706614978386976,0.078125,.DLLHPSLEEEKKK.,sp|Q71UM5|RS27L_HUMAN,0.49,0.1870787972922082,0.152056647743661,0.04932022528318848,0.10237644107600341,decreasing,increasing,False,True,False,True
.YIEIFK.,Baricitinib,9,0,8,1,-0.33182132675839604,-0.8329262082468785,2.1559357342896135,-0.5741403313636105,0.6749769228044431,0.012369149743829808,0.0234375,.YIEIFK.,sp|P31943|HNRH1_HUMAN,0.526,0.26258154657030414,0.06503412319395899,0.049462182185392,0.1587549047085202,decreasing,decreasing,False,True,False,True
.YVLDDEYTSSVGSKFPVR.,Baricitinib,9,0,8,1,-0.5220308202416355,-0.6304010092296215,1.6158573288870315,-0.4081967314543418,0.6748399769925656,0.01238566589964286,0.0390625,.YVLDDEYTSSVGSKFPVR.,sp|Q06187|BTK_HUMAN,0.84,0.2626152677378378,0.09198604700041242,0.049462182185392,0.17586857302533532,decreasing,decreasing,False,True,False,True
.AFGIPVR.,Baricitinib,9,0,8,1,-0.5058963513520425,-0.5493266654120714,1.189757947237478,-0.3394719914855505,0.6752053295028342,0.01234163774865514,0.0390625,.AFGIPVR.,sp|Q00535|CDK5_HUMAN,0.688,0.26244193726153836,0.09198604700041242,0.049462182185392,0.17586857302533532,decreasing,decreasing,False,True,False,True
.FLNAENAQK.,Baricitinib,8,1,7,1,-0.45777748316757183,-0.7033063434089293,1.8466509990653677,-0.5147955212217236,0.7446758600098062,0.012388753822760931,0.046875,.FLNAENAQK.,sp|P43487|RANG_HUMAN,0.536,0.2626152677378378,0.10712409559729064,0.049462182185392,0.1903351814516129,decreasing,decreasing,False,True,False,True
.HTDPVPDPR.,Baricitinib,9,0,8,1,-0.8721557086146596,-1.0094398481553841,2.494181893446079,-0.7346847998125807,0.6748874448445218,0.012379939341055714,0.109375,.HTDPVPDPR.,sp|P16615|AT2A2_HUMAN,0.83,0.2626152677378378,0.19579115469486683,0.049462182185392,0.2443948779585799,decreasing,decreasing,False,True,False,True
.KPVLPATPK.,Baricitinib,9,0,8,1,-0.10685802503265229,-0.31417739603070416,1.5783942409059755,-0.5695887121728958,0.6749857370610111,0.01236808724685547,0.4609375,.KPVLPATPK.,sp|P00519|ABL1_HUMAN,0.82,0.26258154657030414,0.5832049128107661,0.049462182185392,0.545280612244898,decreasing,decreasing,False,True,False,True
.TTEENPIFVVSR.,Baricitinib,9,0,8,1,-0.059134559775904094,-0.20982253477966095,1.149900074300632,-0.4233662163899236,0.6747060604998072,0.012401831790207516,0.546875,.TTEENPIFVVSR.,sp|Q9UHD2|TBK1_HUMAN,0.834,0.2626152677378378,0.6608582996198585,0.049462182185392,0.6173801849775785,decreasing,decreasing,False,True,False,True
.IAYSLLGLK.,Baricitinib,9,0,8,1,-0.73162478317035,-0.6672408083399386,1.4252784647558094,-0.3831495853607123,0.6743555260004885,0.012444217653219609,0.0390625,.IAYSLLGLK.,sp|P29317|EPHA2_HUMAN,0.502,0.2629160811897302,0.09198604700041242,0.04956677343172018,0.17586857302533532,decreasing,decreasing,False,True,False,True
.ASHSANSQPSATTVTAITPAPIQQPVK.,Baricitinib,9,0,8,1,-0.4205239350703174,-0.29168527264280053,1.1596849338179211,-0.41891501061591757,0.6741337527856143,0.01247108685631874,0.3125,.ASHSANSQPSATTVTAITPAPIQQPVK.,sp|O95835|LATS1_HUMAN,0.678,0.2629325052342811,0.4300322117167223,0.04960936885645859,0.4135183968462549,decreasing,decreasing,False,True,False,True
.NELESYAYSLK.,Baricitinib,9,0,8,1,-0.4055035379856893,-0.589901312855043,1.3888997493009008,-0.37797816724783,0.6727512728559896,0.012639509375285036,0.0234375,.NELESYAYSLK.,sp|P11021|BIP_HUMAN,0.426,0.2633316776029944,0.06503412319395899,0.049655789660226754,0.1587549047085202,decreasing,decreasing,False,True,False,True
.NIISSTALFLAAK.,Baricitinib,9,0,8,1,-0.8235066444231975,-0.920386897197984,2.0119653585851793,-0.5605979873871717,0.6734956163911457,0.012548630032136741,0.0390625,.NIISSTALFLAAK.,sp|O60583|CCNT2_HUMAN,0.262,0.26314095188319747,0.09198604700041242,0.049655789660226754,0.17586857302533532,decreasing,decreasing,False,True,False,True
.LEHLGPGEPPPVLLLQDDR.,Baricitinib,9,0,8,1,-0.6978591097545817,-0.9430133331257671,2.381560914888798,-0.6982545824500539,0.6727740270182214,0.012636724364220978,0.078125,.LEHLGPGEPPPVLLLQDDR.,sp|P07332|FES_HUMAN,0.428,0.2633316776029944,0.152056647743661,0.049655789660226754,0.2132029132791328,decreasing,decreasing,False,True,False,True
.QLDEASGANDEIVQLR.,Baricitinib,8,1,7,1,-0.3650078403113284,-0.5851545684815811,1.4791209934139147,-0.540345809156311,0.7423018567124293,0.012692369643816443,0.078125,.QLDEASGANDEIVQLR.,sp|O14578|CTRO_HUMAN,0.822,0.2633316776029944,0.152056647743661,0.049655789660226754,0.2132029132791328,decreasing,decreasing,False,True,False,True
.QKVEGTEPTTAFNLFVGNLNFNK.,Baricitinib,9,0,8,1,-0.7907468029184681,-0.7260799902157173,1.6811867835249465,-0.46688220386472995,0.6723130490458956,0.012693230874997645,0.109375,.QKVEGTEPTTAFNLFVGNLNFNK.,sp|P19338|NUCL_HUMAN,0.61,0.2633316776029944,0.19579115469486683,0.049655789660226754,0.2443948779585799,decreasing,decreasing,False,True,False,True
.TLIEDEIATILK.,Baricitinib,9,0,8,1,-0.6110551138931157,-0.7065953151865814,1.899220799252248,-0.5847907787915627,0.6724712658944163,0.012673816595436316,0.1484375,.TLIEDEIATILK.,sp|Q13188|STK3_HUMAN,0.804,0.2633316776029944,0.2520403589687868,0.049655789660226754,0.2915667669050715,decreasing,decreasing,False,True,False,True
.ILQEDPTNTAAR.,Baricitinib,8,1,7,1,-0.9230676535298841,-0.7568995871288549,2.105721756448709,-0.8141254514355113,0.7433600316890452,0.012556457007905586,0.21875,.ILQEDPTNTAAR.,sp|Q15006|EMC2_HUMAN,0.286,0.2632186009780381,0.3350457828217694,0.049655789660226754,0.3619078587075575,decreasing,decreasing,False,True,False,True
.LLNSDLGELINK.,Baricitinib,9,0,8,1,-0.49148378775564083,-0.5827133563111286,1.7233010918499296,-0.5701260703671633,0.6727193343764979,0.012643419239911918,0.25,.LLNSDLGELINK.,sp|Q05397|FAK1_HUMAN,0.934,0.2633316776029944,0.366234778661509,0.049655789660226754,0.3705839057899902,decreasing,decreasing,False,True,False,True
.RPGGPQYGIAR.,Baricitinib,9,0,8,1,-0.7371498991433292,-0.6874390809339013,1.8198471772499758,-0.633624655094657,0.6732925537828849,0.012573376584429545,0.25,.RPGGPQYGIAR.,sp|Q14289|FAK2_HUMAN,0.952,0.2632186009780381,0.366234778661509,0.049655789660226754,0.3705839057899902,decreasing,decreasing,False,True,False,True
.YQEYTNELQETLPQK.,Baricitinib,9,0,8,1,-0.3724204157042035,-0.3871336974124433,1.2493114332810151,-0.44526215770844124,0.6737109291367682,0.012522428267763005,0.25,.YQEYTNELQETLPQK.,sp|Q9UHD2|TBK1_HUMAN,0.934,0.26314095188319747,0.366234778661509,0.049655789660226754,0.3705839057899902,decreasing,decreasing,False,True,False,True
.SSEAPPLINEDVKR.,Baricitinib,9,0,8,1,-0.3800189190481138,-0.5302477928236415,1.9211042819276187,-0.5861770301574769,0.6726310312520134,0.012654233642090213,0.3125,.SSEAPPLINEDVKR.,sp|P04843|RPN1_HUMAN,0.914,0.2633316776029944,0.4300322117167223,0.049655789660226754,0.4135183968462549,decreasing,decreasing,False,True,False,True
.TLSQLSQQEGIK.,Baricitinib,9,0,8,1,0.15326370846721105,-0.01741104656893233,1.5974248852956627,-0.6064668580293938,0.6736015420618361,0.012535734918642879,0.9453125,.TLSQLSQQEGIK.,sp|P36897|TGFR1_HUMAN,0.694,0.26314095188319747,0.9637759898015246,0.049655789660226754,0.9544749540441176,decreasing,increasing,False,True,False,True
.RSLGYAYVNFQQPADAER.,Baricitinib,8,1,8,0,,,,-0.7376212808497995,0.6729715765094305,0.012612563412710255,,.RSLGYAYVNFQQPADAER.,sp|P11940|PABP1_HUMAN,0.218,0.2633316776029944,,0.049655789660226754,,decreasing,flat,False,True,False,True
.-17.027QLFHPEQLITGKEDAANNYAR.,Baricitinib,9,0,8,1,-0.755817386672744,-1.0306298712662048,2.8433969581051635,-0.748884618595659,0.6718942860775231,0.012744717523738975,0.109375,.QLFHPEQLITGKEDAANNYAR.,sp|P68363|TBA1B_HUMAN,0.9,0.26378672614621607,0.19579115469486683,0.049730341787922946,0.2443948779585799,decreasing,decreasing,False,True,False,True
.RPTELLSNPQFIVDGATR.,Baricitinib,8,1,7,1,-0.47860673063586745,-0.7336819694462245,2.275022430023647,-0.8433015336258907,0.7419311013381166,0.01274021124591014,0.21875,.RPTELLSNPQFIVDGATR.,sp|P07384|CAN1_HUMAN,0.864,0.2637364263877143,0.3350457828217694,0.049730341787922946,0.3619078587075575,decreasing,decreasing,False,True,False,True
.DALDLSDINSEPPRGSFPSFEPR.,Baricitinib,8,1,7,1,-0.7950997823596033,-1.0171486151073441,2.4294784536124183,-0.5987096121815797,0.7365597194252899,0.013446315866813975,0.015625,.DALDLSDINSEPPRGSFPSFEPR.,sp|Q99640|PMYT1_HUMAN,0.526,0.26607947903348134,0.04724512190154185,0.04980971312870559,0.13564116379310345,decreasing,decreasing,False,True,False,True
.GFKDQIYDIFQK.,Baricitinib,9,0,8,1,-1.0068418393972802,-1.464107914666692,3.545224725240274,-0.8304175515494813,0.6712918411242473,0.012819046881643198,0.015625,.GFKDQIYDIFQK.,sp|P60842|IF4A1_HUMAN,0.54,0.2640749617365962,0.04724512190154185,0.04980971312870559,0.13564116379310345,decreasing,decreasing,False,True,False,True
.FEIVYNLLSLR.,Baricitinib,9,0,8,1,-0.6236547809099982,-0.6616988373808033,1.4294065350073275,-0.34267390740601944,0.6665234332766932,0.013418246918513664,0.0078125,.FEIVYNLLSLR.,sp|O75489|NDUS3_HUMAN,0.26,0.26607947903348134,0.03868310569675138,0.04980971312870559,0.13564116379310345,decreasing,decreasing,False,True,False,True
.ALFPGDSEIDQLFR.,Baricitinib,9,0,8,1,-0.6681569806102114,-0.7897567764623497,1.8932098634930306,-0.47822053214990173,0.6702223581289506,0.01295175453280313,0.0234375,.ALFPGDSEIDQLFR.,sp|P24941|CDK2_HUMAN,0.958,0.26457688739097923,0.06503412319395899,0.04980971312870559,0.1587549047085202,decreasing,decreasing,False,True,False,True
.ELISNASDALDKIR.,Baricitinib,9,0,8,1,-0.9109042223083677,-0.9828478586849245,2.1409620047247557,-0.5401120108467949,0.6669738987382529,0.013360809409725245,0.0234375,.ELISNASDALDKIR.,sp|P08238|HS90B_HUMAN,0.982,0.26607947903348134,0.06503412319395899,0.04980971312870559,0.1587549047085202,decreasing,decreasing,False,True,False,True
.TPEFLR.,Baricitinib,9,0,8,1,-1.1301350566900012,-1.2672118548655416,2.696159675711783,-0.6977898599936189,0.6687183690877211,0.013140020694984187,0.0234375,.TPEFLR.,sp|P26641|EF1G_HUMAN,0.434,0.26504917478462725,0.06503412319395899,0.04980971312870559,0.1587549047085202,decreasing,decreasing,False,True,False,True
.LGAQLADLHLDNKK.,Baricitinib,9,0,8,1,-0.7289225427821062,-0.7743831293028007,1.767786385121589,-0.482729997975447,0.6703211413718952,0.01293945633654909,0.0390625,.LGAQLADLHLDNKK.,sp|Q9HA64|KT3K_HUMAN,0.99,0.26457688739097923,0.09198604700041242,0.04980971312870559,0.17586857302533532,decreasing,decreasing,False,True,False,True
.EGLELPEDEEEKKKQEEK.,Baricitinib,8,1,7,1,-0.8251715559828234,-1.2305133584604664,2.6869076094255817,-0.6700002904785801,0.7369736712773638,0.013391029886796373,0.03125,.EGLELPEDEEEKKKQEEK.,sp|P07900|HS90A_HUMAN,0.45,0.26607947903348134,0.08165283546888201,0.04980971312870559,0.17586857302533532,decreasing,decreasing,False,True,False,True
.QKIVQAEGEAEAAK.,Baricitinib,9,0,8,1,-0.3726225728671526,-0.6742132911009122,1.9156348158705043,-0.47439030411241195,0.669900724433778,0.012991854259044873,0.0546875,.QKIVQAEGEAEAAK.,sp|Q99623|PHB2_HUMAN,0.93,0.26463309479799596,0.11750218003270954,0.04980971312870559,0.1903351814516129,decreasing,decreasing,False,True,False,True
.LLEFELAQLTK.,Baricitinib,8,1,7,1,-0.37891734108235653,-1.2299703715659176,3.3930368009996776,-1.1417544269619728,0.7399330371579372,0.013000024350501703,0.046875,.LLEFELAQLTK.,sp|Q13464|ROCK1_HUMAN,0.938,0.26463309479799596,0.10712409559729064,0.04980971312870559,0.1903351814516129,decreasing,decreasing,False,True,False,True
.SSFDWLTGSSTDPLVDHTSPSSDSLLFAHK.,Baricitinib,9,0,8,1,-0.5209214402415903,-1.1993801978657186,3.8549028724404515,-0.9299761416374657,0.6681057434321308,0.013217260644044625,0.0546875,.SSFDWLTGSSTDPLVDHTSPSSDSLLFAHK.,sp|P78527|PRKDC_HUMAN,0.35,0.26530902116082794,0.11750218003270954,0.04980971312870559,0.1903351814516129,decreasing,decreasing,False,True,False,True
.ILGPGLNK.,Baricitinib,9,0,8,1,-0.45730766184462546,-0.6685208856885105,1.7664377284164416,-0.4600985358673527,0.6663826868126609,0.013436228915383824,0.0546875,.ILGPGLNK.,sp|P62906|RL10A_HUMAN,0.962,0.26607947903348134,0.11750218003270954,0.04980971312870559,0.1903351814516129,decreasing,decreasing,False,True,False,True
.GNFGEVFSGR.,Baricitinib,9,0,8,1,-0.7641584663207048,-0.9355327377426335,2.2378669506089963,-0.5998013801601704,0.6713224618068026,0.012815261531851441,0.0546875,.GNFGEVFSGR.,sp|P07332|FES_HUMAN,0.802,0.2640749617365962,0.11750218003270954,0.04980971312870559,0.1903351814516129,decreasing,decreasing,False,True,False,True
.ASQSRPNSSALETLGGEK.,Baricitinib,9,0,8,1,-0.6114920107765318,-0.673260886266831,1.5474101156652047,-0.45544868737536326,0.6676684191829407,0.013272595011845403,0.0546875,.ASQSRPNSSALETLGGEK.,sp|O94804|STK10_HUMAN,0.638,0.2657768723725504,0.11750218003270954,0.04980971312870559,0.1903351814516129,decreasing,decreasing,False,True,False,True
.VSRPENEQLR.,Baricitinib,9,0,8,1,-0.7040417757783537,-0.8654985590354172,2.2176027304280694,-0.6128604000272129,0.6685102844998349,0.013166220063999453,0.0546875,.VSRPENEQLR.,sp|Q8ND56|LS14A_HUMAN,0.564,0.26504917478462725,0.11750218003270954,0.04980971312870559,0.1903351814516129,decreasing,decreasing,False,True,False,True
.IDIIPNPQER.,Baricitinib,9,0,8,1,-0.8156950394153757,-1.0908671093315574,3.007996384285658,-0.7645707852637605,0.6674743569430714,0.013297202102587998,0.078125,.IDIIPNPQER.,sp|P08238|HS90B_HUMAN,0.698,0.26586042334787624,0.152056647743661,0.04980971312870559,0.2132029132791328,decreasing,decreasing,False,True,False,True
.LNDGSQITYEK.,Baricitinib,9,0,8,1,-0.6781950703143806,-0.8979492000561002,2.2074918252023927,-0.6138908930199498,0.6672122671245206,0.013330486394679552,0.078125,.LNDGSQITYEK.,sp|O95831|AIFM1_HUMAN,0.718,0.2660103311411172,0.152056647743661,0.04980971312870559,0.2132029132791328,decreasing,decreasing,False,True,False,True
.IQLLVFK.,Baricitinib,9,0,8,1,-0.45651326218564137,-0.4697487768310733,1.276297267727994,-0.4064749233207458,0.6688739192777182,0.013120459935057123,0.078125,.IQLLVFK.,sp|Q9Y262|EIF3L_HUMAN,0.918,0.26504917478462725,0.152056647743661,0.04980971312870559,0.2132029132791328,decreasing,decreasing,False,True,False,True
.PGPYDRPGTAR.,Baricitinib,9,0,8,1,-0.41413700507555795,-0.6746419784816982,1.909437912185549,-0.5559068247618135,0.6689392105233396,0.01311225557629679,0.078125,.PGPYDRPGTAR.,sp|P52597|HNRPF_HUMAN,0.538,0.26504917478462725,0.152056647743661,0.04980971312870559,0.2132029132791328,decreasing,decreasing,False,True,False,True
.AGPSQHSSPAVSDSLPSNSLK.,Baricitinib,9,0,8,1,-0.8156144171214006,-0.7190901973225432,1.680391507451322,-0.5327260176803523,0.6679357802988201,0.01323874651128558,0.109375,.AGPSQHSSPAVSDSLPSNSLK.,sp|Q13163|MP2K5_HUMAN,0.596,0.26545045751503843,0.19579115469486683,0.04980971312870559,0.2443948779585799,decreasing,decreasing,False,True,False,True
.KNNLTLDQPQDK.,Baricitinib,9,0,8,1,-0.9975268385762881,-1.5889127263402227,5.168314894554786,-1.2431928253902491,0.6699609645068444,0.01298433713588904,0.109375,.KNNLTLDQPQDK.,sp|Q92844|TANK_HUMAN,0.844,0.26461283670676145,0.19579115469486683,0.04980971312870559,0.2443948779585799,decreasing,decreasing,False,True,False,True
.NTFDHPYPTTK.,Baricitinib,9,0,8,1,-0.8654907590616716,-0.795220452037738,2.336159086818725,-0.6989185980079893,0.6682335160045397,0.0132011245721294,0.109375,.NTFDHPYPTTK.,sp|P61962|DCAF7_HUMAN,0.652,0.2652303703886641,0.19579115469486683,0.04980971312870559,0.2443948779585799,decreasing,decreasing,False,True,False,True
.IYIDPFTYEDPNEAVR.,Baricitinib,9,0,8,1,-0.6731997382502168,-0.7667754355457359,1.8611321470684317,-0.596160106099517,0.6662971866242822,0.01344716089682694,0.1484375,.IYIDPFTYEDPNEAVR.,sp|P29323|EPHB2_HUMAN,0.936,0.26607947903348134,0.2520403589687868,0.04980971312870559,0.2915667669050715,decreasing,decreasing,False,True,False,True
.NRETHEIVALKR.,Baricitinib,9,0,8,1,-0.6887116970229226,-0.6215925341299089,1.6829110387137156,-0.5403301998515472,0.6674912256783582,0.013295061864861213,0.1484375,.NRETHEIVALKR.,sp|Q00535|CDK5_HUMAN,0.898,0.26586042334787624,0.2520403589687868,0.04980971312870559,0.2915667669050715,decreasing,decreasing,False,True,False,True
.QKVENLLLEAEKR.,Baricitinib,8,1,7,1,-0.47180430499183856,-1.1657333086868715,3.224481665615862,-1.1848518728822708,0.7386046166829793,0.013174623975323728,0.15625,.QKVENLLLEAEKR.,sp|O75116|ROCK2_HUMAN,0.95,0.26504917478462725,0.25926808208613233,0.04980971312870559,0.29465121722846443,decreasing,decreasing,False,True,False,True
.ASNLENSTYDLYTIPK.,Baricitinib,8,1,7,1,-0.5875234207108768,-0.5261455126282394,1.2966679763136248,-0.42335264116824567,0.7413149994972044,0.012819966728352814,0.21875,.ASNLENSTYDLYTIPK.,sp|P53621|COPA_HUMAN,0.792,0.2640749617365962,0.3350457828217694,0.04980971312870559,0.3619078587075575,decreasing,decreasing,False,True,False,True
.GGIVDEGALLR.,Baricitinib,9,0,8,1,-0.29510000294699346,-0.5637114570157209,1.8691456343943038,-0.6009843876476108,0.670936798422049,0.012862995336398082,0.25,.GGIVDEGALLR.,sp|O43175|SERA_HUMAN,0.796,0.26431176450768423,0.366234778661509,0.04980971312870559,0.3705839057899902,decreasing,decreasing,False,True,False,True
.ESKEEETSIDVAGKPNEVTK.,Baricitinib,9,0,8,1,-0.4018373413134366,-0.4627107760698075,1.4867991103637372,-0.49244370307322605,0.6698827509962809,0.012994097690994268,0.25,.ESKEEETSIDVAGKPNEVTK.,sp|P53985|MOT1_HUMAN,0.666,0.26463309479799596,0.366234778661509,0.04980971312870559,0.3705839057899902,decreasing,decreasing,False,True,False,True
.IISSIEQK.,Baricitinib,9,0,8,1,-0.36404135843882557,-0.6955560275556021,2.2698043217661663,-0.6492142281584561,0.6667080230215282,0.013394689304603689,0.25,.IISSIEQK.,sp|P62258|1433E_HUMAN,0.538,0.26607947903348134,0.366234778661509,0.04980971312870559,0.3705839057899902,decreasing,decreasing,False,True,False,True
.ITEQLIEAINNGDFEAYTK.,Baricitinib,8,1,7,1,-0.10207993554626071,-1.1958642673495012,4.455632601284677,-1.464531188135102,0.7388587036881249,0.013141112915753662,0.296875,.ITEQLIEAINNGDFEAYTK.,sp|Q13555|KCC2G_HUMAN,0.952,0.26504917478462725,0.425268553274022,0.04980971312870559,0.4135183968462549,decreasing,decreasing,False,True,False,True
.ILEDNSIPQVK.,Baricitinib,9,0,8,1,-0.3915909672256923,-0.5661606721064212,1.6452078468939924,-0.5463849743047797,0.6676660148726498,0.013272899680752164,0.3125,.ILEDNSIPQVK.,sp|P11177|ODPB_HUMAN,0.852,0.2657768723725504,0.4300322117167223,0.04980971312870559,0.4135183968462549,decreasing,decreasing,False,True,False,True
.LKQIEHTLNEK.,Baricitinib,8,1,7,1,-0.18882459531361562,-0.6816603647602604,2.13481695700942,-0.8307999214619419,0.7370376128435183,0.013382503081002136,0.296875,.LKQIEHTLNEK.,sp|P17612|KAPCA_HUMAN,0.918,0.26607947903348134,0.425268553274022,0.04980971312870559,0.4135183968462549,decreasing,decreasing,False,True,False,True
.GITGVDLFGTTDAVVK.,Baricitinib,9,0,8,1,-0.22246232825227175,-0.3563378003347988,1.4987938818735387,-0.5065063921483729,0.6672242590512416,0.013328962183129916,0.3828125,.GITGVDLFGTTDAVVK.,sp|P53621|COPA_HUMAN,0.59,0.2660103311411172,0.5008288112926537,0.04980971312870559,0.4743546195652174,decreasing,decreasing,False,True,False,True
.ITADQALK.,Baricitinib,8,1,7,1,-0.057937004002418746,-0.8470520742181316,3.7418344129576795,-1.323341067004878,0.7392052860484883,0.013095490882487962,0.46875,.ITADQALK.,sp|Q13555|KCC2G_HUMAN,0.872,0.26504917478462725,0.5836483783307752,0.04980971312870559,0.545280612244898,decreasing,decreasing,False,True,False,True
.LSQNNFALGYK.,Baricitinib,9,0,8,1,-0.22057364607864116,-0.2931333377130172,1.2648498147121607,-0.4993200784642146,0.6674216413215676,0.01330389202408585,0.4609375,.LSQNNFALGYK.,sp|Q9Y277|VDAC3_HUMAN,0.628,0.2658823211197542,0.5832049128107661,0.04980971312870559,0.545280612244898,decreasing,decreasing,False,True,False,True
.LENVLLDSEGHIVLTDFGLSK.,Baricitinib,9,0,8,1,-0.2721248503353344,-0.25968922086167234,1.8434523625586792,-0.627981324741644,0.6674522552975011,0.013300006640650095,0.640625,.LENVLLDSEGHIVLTDFGLSK.,sp|O75676|KS6A4_HUMAN,0.438,0.26586042334787624,0.7392294231725897,0.04980971312870559,0.6969132607129996,decreasing,decreasing,False,True,False,True
.YAVTTGDHGIIR.,Baricitinib,8,1,7,1,0.06565164748475638,-0.2184316854136204,1.5988693231831022,-0.7553931667112094,0.7387836397561355,0.013151007270088142,0.8125,.YAVTTGDHGIIR.,sp|P53621|COPA_HUMAN,0.682,0.26504917478462725,0.8851202357016011,0.04980971312870559,0.8519828184658105,decreasing,increasing,False,True,False,True
.EVFISGSFNNWSTK.,Baricitinib,8,1,7,1,0.2688356930084481,0.08975759685403364,0.7206711406172737,-0.31371392088388284,0.7407334240279372,0.012895545113860457,0.8125,.EVFISGSFNNWSTK.,sp|O43741|AAKB2_HUMAN,0.29,0.26452107131086566,0.8851202357016011,0.04980971312870559,0.8519828184658105,decreasing,increasing,False,True,False,True
.FVHGEGLR.,Baricitinib,8,1,7,1,0.1894611285513399,-0.04309534284797272,0.721690409589236,-0.4290495389957526,0.7372296395317905,0.013356916638605096,0.8125,.FVHGEGLR.,sp|P30536|TSPO_HUMAN,0.438,0.26607947903348134,0.8851202357016011,0.04980971312870559,0.8519828184658105,decreasing,increasing,False,True,False,True
.LIGVC+57.021TQR.,Baricitinib,8,1,7,1,0.6123487686235052,0.18381898808200045,1.4299959840890537,-0.593892257117842,0.7403380101156424,0.01294709340011186,0.8125,.LIGVCTQR.,sp|P16591|FER_HUMAN,0.344,0.26457688739097923,0.8851202357016011,0.04980971312870559,0.8519828184658105,decreasing,increasing,False,True,False,True
.TSGTLISFIYPAQNPELLNK.,Baricitinib,9,0,8,1,-0.05848374125896427,-0.05876397466490735,0.8337290092682217,-0.3858055703989663,0.670556721076159,0.01291016080579667,0.9453125,.TSGTLISFIYPAQNPELLNK.,sp|Q13423|NNTM_HUMAN,0.212,0.26457688739097923,0.9637759898015246,0.04980971312870559,0.9544749540441176,decreasing,decreasing,False,True,False,True
.QTWNLQGQALEQAIISQKPQLEK.,Baricitinib,8,1,8,0,,,,-0.37977778978919435,0.6711825715153565,0.012832561319487063,,.QTWNLQGQALEQAIISQKPQLEK.,sp|P43405|KSYK_HUMAN,0.78,0.2641115314651125,,0.04980971312870559,,decreasing,flat,False,True,False,True
.PDHDHTGFLTEYVATR.,Baricitinib,8,1,7,1,-0.30641652464258584,-0.8687774293953281,2.48067750255937,-0.7059161679390833,0.7364016363491378,0.01346746742007268,0.21875,.PDHDHTGFLTEYVATR.,sp|P28482|MK01_HUMAN,0.506,0.266279958480735,0.3350457828217694,0.04982475582311569,0.3619078587075575,decreasing,decreasing,False,True,False,True
.LSRPFQNQTH.,Baricitinib,9,0,8,1,-0.537495177971433,-0.5143100224823218,1.4347322507647071,-0.4768663868830694,0.6656627076387375,0.013528481994446711,0.1484375,.LSRPFQNQTH.,sp|P45983|MK08_HUMAN,0.834,0.26643776661280777,0.2520403589687868,0.04987314758853464,0.2915667669050715,decreasing,decreasing,False,True,False,True
.TADDPSLSLIK.,Baricitinib,9,0,8,1,-0.5155570017699613,-0.5528664720983176,1.5263009986748024,-0.5103214765641055,0.6656560962925557,0.013529331201063196,0.1953125,.TADDPSLSLIK.,sp|P39656|OST48_HUMAN,0.818,0.26643776661280777,0.3058342496782904,0.04987314758853464,0.33697262278697887,decreasing,decreasing,False,True,False,True
.IGEDYVKDLSQLTK.,Baricitinib,9,0,8,1,-0.3129271242738465,-0.5698102639705076,1.8733115750503977,-0.5347951246237745,0.6658408737037415,0.013505611356018146,0.3125,.IGEDYVKDLSQLTK.,sp|P06737|PYGL_HUMAN,0.688,0.26638685924754646,0.4300322117167223,0.04987314758853464,0.4135183968462549,decreasing,decreasing,False,True,False,True
.EKLKEEENTVGR.,Baricitinib,9,0,8,1,-0.48878790894425883,-0.4803582515935201,1.2602884328700625,-0.40871831540503206,0.6651494726266024,0.013594517934724736,0.1484375,.EKLKEEENTVGR.,sp|Q9H479|FN3K_HUMAN,0.946,0.2669695969974578,0.2520403589687868,0.04993529224437851,0.2915667669050715,decreasing,decreasing,False,True,False,True
.ELLLQPVTISR.,Baricitinib,8,1,7,1,-0.24384730544275257,-0.5848466475488644,1.8063709269352053,-0.6090973868558017,0.7354712404894657,0.01359238670836983,0.15625,.ELLLQPVTISR.,sp|P59998|ARPC4_HUMAN,0.446,0.2669695969974578,0.25926808208613233,0.04993529224437851,0.29465121722846443,decreasing,decreasing,False,True,False,True
.LITPAVVSER.,Baricitinib,9,0,8,1,-0.3227040091436688,-0.5749406796050733,1.7535407132275438,-0.5413554729914398,0.6649177804002407,0.013624403631584535,0.1953125,.LITPAVVSER.,sp|P62851|RS25_HUMAN,0.88,0.26697001201493126,0.3058342496782904,0.04993529224437851,0.33697262278697887,decreasing,decreasing,False,True,False,True
.TTINNEYNYR.,Baricitinib,9,0,8,1,-0.2739992384190231,-0.43612001714933646,1.4808020034659108,-0.4640363397460484,0.6648930457630632,0.013627596872691492,0.3125,.TTINNEYNYR.,sp|P08069|IGF1R_HUMAN,0.824,0.26697001201493126,0.4300322117167223,0.04993529224437851,0.4135183968462549,decreasing,decreasing,False,True,False,True
.ILGLAPSR.,Baricitinib,9,0,8,1,0.06401560131961759,-0.2446633613983784,1.8119813918710328,-0.6145486959001077,0.6650851031204084,0.013602816209177951,0.640625,.ILGLAPSR.,sp|Q9UM00|TMCO1_HUMAN,0.306,0.2669695969974578,0.7392294231725897,0.04993529224437851,0.6969132607129996,decreasing,increasing,False,True,False,True
.KPVEELTEEEKYVR.,Baricitinib,8,1,7,1,-0.36002717341350987,-1.4817644917758932,5.314738568750702,-1.6352146311952356,0.734729458685695,0.013692512046400498,0.046875,.KPVEELTEEEKYVR.,sp|Q9Y2R9|RT07_HUMAN,0.406,0.26718902703612074,0.10712409559729064,0.049993969578940874,0.1903351814516129,decreasing,decreasing,False,True,False,True
.QKVPDVLFTTIDLPTDATVIGK.,Baricitinib,9,0,8,1,-0.3686524616094822,-0.4363788722229298,1.412758804156912,-0.505827821743713,0.6645592621067594,0.013670740273038034,0.25,.QKVPDVLFTTIDLPTDATVIGK.,sp|Q86YS7|C2CD5_HUMAN,0.8,0.2671216925875462,0.366234778661509,0.049993969578940874,0.3705839057899902,decreasing,decreasing,False,True,False,True
.WTAPEAINFGC+57.021FTIK.,Baricitinib,8,1,7,1,-0.4196589093506162,-0.2990240632018448,1.1989356041122008,-0.4089996720639181,0.7348341563934705,0.013678351441494263,0.375,.WTAPEAINFGCFTIK.,sp|P07948|LYN_HUMAN,0.782,0.26716644961182934,0.5008288112926537,0.049993969578940874,0.4743546195652174,decreasing,decreasing,False,True,False,True
