peptide_idx,n_drugs_tested,n_significant_drugs,max_abs_slope,avg_abs_slope,min_p_value,min_adj_p_value,most_responsive_drug,dominant_direction,row_response_score,response_label,Variant,Unmod variant,Top canonical protein,Charge,Mass,Variant FDR,Is Decoy
0,46,0,0.009788115411983217,0.002766520918567018,0.008612841938501746,0.2467669288787309,AZD-1480,none,0.0,non-responsive,.VADPDHDHTGFLTEYVATR.,.VADPDHDHTGFLTEYVATR.,sp|P28482|MK01_HUMAN,2,2144.0,0.0,False
1,46,0,0.01986778757271866,0.0030156552874927244,0.0015886336374847483,0.16137319802404354,AZD-6482,none,0.0,non-responsive,.FRHENIIGINDIIR.,.FRHENIIGINDIIR.,sp|P28482|MK01_HUMAN,2,1709.9,0.0,False
2,46,0,0.020839655292486686,0.004785005127672088,0.00241123317697477,0.1879191048345285,Baricitinib,none,0.0,non-responsive,.ESESTAGSFSLSVR.,.ESESTAGSFSLSVR.,sp|P06239|LCK_HUMAN,2,1456.7,0.0,False
3,46,0,0.0432349332890432,0.0036088065750452254,0.008134538786781756,0.24297535814768625,BMS-387032,none,0.0,non-responsive,.NYLLSLPHK.,.NYLLSLPHK.,sp|P28482|MK01_HUMAN,2,1084.6,0.0,False
4,46,0,0.011039271780660012,0.003047520410347024,0.01605190185826692,0.29627713452033233,Alisertib,none,0.0,non-responsive,.IQDKEGIPPDQQR.,.IQDKEGIPPDQQR.,sp|P62979|RS27A_HUMAN,2,1523.8,0.0,False
5,46,0,0.03384728700938237,0.004690028326622758,0.002118566382947859,0.17635435471592503,Baricitinib,none,0.0,non-responsive,.FTDEYQLFEELGK.,.FTDEYQLFEELGK.,sp|Q13557|KCC2D_HUMAN,2,1618.7,0.0,False
6,46,0,0.01169192299322783,0.0032600461718999625,0.004057226203569672,0.2045770662850812,AT-9283,none,0.0,non-responsive,.IGGVQQDTILAEGLHFR.,.IGGVQQDTILAEGLHFR.,sp|Q99623|PHB2_HUMAN,2,1854.0,0.0,False
7,46,0,0.011239443726087114,0.00286633841421693,0.0007742264649501834,0.1322119739717018,AT-9283,none,0.0,non-responsive,.IFTSIGEDYDER.,.IFTSIGEDYDER.,sp|P35232|PHB_HUMAN,2,1444.6,0.0,False
8,46,0,0.009512999743697813,0.0023645367072558945,0.008749262398840895,0.2470743795351314,ASP-3026,none,0.0,non-responsive,.KLEAAEDIAYQLSR.,.KLEAAEDIAYQLSR.,sp|P35232|PHB_HUMAN,2,1606.8,0.0,False
9,46,0,0.017948734699398096,0.0047168831407937446,0.015449556777430703,0.2927462417562009,AZD-6482,none,0.0,non-responsive,.TAVC+57.021DIPPR.,.TAVCDIPPR.,sp|P07437|TBB5_HUMAN,2,1085.5,0.0,False
10,46,0,0.03533640938540335,0.005347435045745641,0.0035740269171071017,0.20345869073478476,Abemaciclib,none,0.0,non-responsive,.FTDDYQLFEELGK.,.FTDDYQLFEELGK.,sp|Q13555|KCC2G_HUMAN,2,1604.7,0.0,False
11,46,0,0.011334914659024973,0.0033239736267885026,0.0010466712116384083,0.1420123349691711,BMS-777607_withCAKI,none,0.0,non-responsive,.YIHSANVLHR.,.YIHSANVLHR.,sp|P28482|MK01_HUMAN,3,1209.6,0.0,False
12,46,1,0.026388073746711593,0.005545440220642199,2.139297068465005e-06,0.025722670251548944,AV-412,decreasing,0.005545440220642199,drug-specific responsive (decreasing),.HLFSTIPELINYHQHNSAGLISR.,.HLFSTIPELINYHQHNSAGLISR.,sp|Q06187|BTK_HUMAN,4,2647.4,0.0,False
13,46,0,0.043087296295840405,0.00382849785781116,0.012478576578567569,0.2735201872492788,AMG-900,none,0.0,non-responsive,.LKELIFEETAR.,.LKELIFEETAR.,sp|P28482|MK01_HUMAN,2,1348.7,0.0,False
14,46,0,0.08548552457327391,0.006183256886056283,0.003958295936226035,0.2045770662850812,ASP-3026,none,0.0,non-responsive,.YSIPPHDTQYTVFHSLIR.,.YSIPPHDTQYTVFHSLIR.,sp|O14976|GAK_HUMAN,4,2174.1,0.0,False
15,46,0,0.02681062145828168,0.0038383516248798543,0.003654575505666183,0.2045770662850812,BMS-690514,none,0.0,non-responsive,.IVQAEGEAEAAK.,.IVQAEGEAEAAK.,sp|Q99623|PHB2_HUMAN,2,1215.6,0.0,False
16,46,0,0.02163872886662092,0.0035782680411816973,0.004459392428821908,0.20711811550913553,BMS-777607,none,0.0,non-responsive,.GHYTEGAELVDSVLDVVR.,.GHYTEGAELVDSVLDVVR.,sp|P07437|TBB5_HUMAN,2,1959.0,0.0,False
17,46,0,0.010563899838722758,0.0031569929292312475,0.001801474069983612,0.16886405473672586,Amuvatinib,none,0.0,non-responsive,.AVFVDLEPTVIDEVR.,.AVFVDLEPTVIDEVR.,sp|P68363|TBA1B_HUMAN,2,1701.9,0.0,False
18,46,0,0.03259848921189844,0.004121071280219009,0.0034264402442871445,0.20276292294681048,Baricitinib,none,0.0,non-responsive,.VTEQLIEAINNGDFEAYTK.,.VTEQLIEAINNGDFEAYTK.,sp|Q13557|KCC2D_HUMAN,2,2155.0,0.0,False
19,46,0,0.017145934832234352,0.003355061793731067,0.040365047823745656,0.39830935164278924,Alisertib,none,0.0,non-responsive,.GHYTEGAELVDSVLDVVRK.,.GHYTEGAELVDSVLDVVRK.,sp|P07437|TBB5_HUMAN,2,2087.1,0.0,False
20,46,0,0.04660442014044339,0.004439659090670052,0.003441739891041157,0.20276292294681048,Baricitinib,none,0.0,non-responsive,.DLKPENLLLASK.,.DLKPENLLLASK.,sp|Q13557|KCC2D_HUMAN,2,1340.8,0.0,False
21,46,0,0.015806038544706524,0.0033151021884319128,0.00016445458474467902,0.07563961281441405,Apitolisib,none,0.0,non-responsive,.LADFGLAR.,.LADFGLAR.,sp|P06239|LCK_HUMAN,2,862.5,0.0,False
22,46,0,0.00805774783040367,0.0029458879187530514,0.0014884637976417812,0.15838162228299443,AT-9283,none,0.0,non-responsive,.IHFPLATYAPVISAEK.,.IHFPLATYAPVISAEK.,sp|P68363|TBA1B_HUMAN,2,1756.9,0.0,False
23,46,0,0.019074456136630287,0.005099419298414073,0.0033085849297532113,0.20101827682360715,AT-9283,none,0.0,non-responsive,.GLSEDTTEETLKESFDGSVR.,.GLSEDTTEETLKESFDGSVR.,sp|P19338|NUCL_HUMAN,2,2200.0,0.0,False
24,46,0,0.029686223630176086,0.008063805924631748,0.0003223308310410649,0.08989956412656917,Abemaciclib,none,0.0,non-responsive,.FGLALAVAGGVVNSALYNVDAGHR.,.FGLALAVAGGVVNSALYNVDAGHR.,sp|P35232|PHB_HUMAN,2,2371.2,0.0,False
25,46,0,0.010916931372325831,0.002332861441982879,0.005639302532699304,0.22157730728684213,Barasertib_HQPA,none,0.0,non-responsive,.FDAGELITQR.,.FDAGELITQR.,sp|P35232|PHB_HUMAN,2,1149.6,0.0,False
26,46,0,0.02885565217268125,0.0035927701816983832,0.0024138399065143203,0.1879191048345285,BMS-690514,none,0.0,non-responsive,.LLYPPETGLFLVR.,.LLYPPETGLFLVR.,sp|P41240|CSK_HUMAN,2,1517.9,0.0,False
27,46,0,0.02140503191995343,0.005364248626960574,0.01607943086483308,0.29627713452033233,AZD-4547,none,0.0,non-responsive,.THINIVVIGHVDSGK.,.THINIVVIGHVDSGK.,sp|P68104|EF1A1_HUMAN,3,1588.9,0.0,False
28,46,0,0.021336041664052646,0.003114359666559237,0.003778086493177798,0.2045770662850812,AZD-8055,none,0.0,non-responsive,.ISPFEHQTYC+57.021QR.,.ISPFEHQTYCQR.,sp|P28482|MK01_HUMAN,2,1622.7,0.0,False
29,46,0,0.018472783557923485,0.0035113480882539103,0.021384102220833666,0.32301388100451744,Alisertib,none,0.0,non-responsive,.IYLTADNLVLNLQDESFTR.,.IYLTADNLVLNLQDESFTR.,sp|Q99623|PHB2_HUMAN,2,2225.1,0.0,False
30,46,0,0.027475342078810062,0.004921597738575128,0.0024804948224115887,0.18867064869927044,AZD-2014,none,0.0,non-responsive,.FYFENALSK.,.FYFENALSK.,sp|Q13557|KCC2D_HUMAN,2,1118.5,0.0,False
31,46,0,0.017983310127973443,0.003573009915696194,0.0026405009988531456,0.19094677198099427,Alvocidib,none,0.0,non-responsive,.INLEAAELGEISDIHTK.,.INLEAAELGEISDIHTK.,sp|Q9UHD2|TBK1_HUMAN,3,1852.9,0.0,False
32,46,0,0.021704497102703516,0.005309532861252552,5.9334316338200736e-05,0.06650735231147029,AT-9283,none,0.0,non-responsive,.SIDDEITEAK.,.SIDDEITEAK.,sp|Q13131|AAPK1_HUMAN,2,1120.5,0.0,False
33,46,0,0.018303227971111873,0.00361280694655272,0.000253907328958473,0.08346657353579164,AT-9283,none,0.0,non-responsive,.TGPFEDLKENLIR.,.TGPFEDLKENLIR.,sp|P43405|KSYK_HUMAN,2,1531.8,0.0,False
34,46,0,0.022550829090786453,0.0039694806169829734,8.6294013856696e-05,0.06738139431726822,AT-9283,none,0.0,non-responsive,.IGHYILGDTLGVGTFGK.,.IGHYILGDTLGVGTFGK.,sp|Q13131|AAPK1_HUMAN,2,1747.9,0.0,False
35,46,0,0.04422622044711868,0.006417019438058931,9.348281594187174e-05,0.06738139431726822,AT-7519,none,0.0,non-responsive,.DIKPQNLLLDPDTAVLK.,.DIKPQNLLLDPDTAVLK.,sp|P49841|GSK3B_HUMAN,2,1893.1,0.0,False
36,46,0,0.03729801195442356,0.006726699947958238,0.0033417906945032508,0.20101827682360715,Baricitinib,none,0.0,non-responsive,.ESTESSNTTIEDEDVKAR.,.ESTESSNTTIEDEDVKAR.,sp|Q13557|KCC2D_HUMAN,2,2010.9,0.0,False
37,46,0,0.03225852469894053,0.007107803588175346,0.0008857847286942044,0.1385295801739095,BMS-690514,none,0.0,non-responsive,.HSNLVQLLGVIVEEK.,.HSNLVQLLGVIVEEK.,sp|P41240|CSK_HUMAN,2,1677.9,0.0,False
38,46,0,0.017106334791075296,0.0030596947717057457,0.00018702978276878058,0.07868361650189579,AT-9283,none,0.0,non-responsive,.ILGADTSVDLEETGR.,.ILGADTSVDLEETGR.,sp|P25705|ATPA_HUMAN,2,1575.8,0.0,False
39,46,0,0.051834536859361326,0.0073255807933395095,0.0001295091432552999,0.07290394674065966,AT-7519,none,0.0,non-responsive,.DIKPQNLLVDPDTAVLK.,.DIKPQNLLVDPDTAVLK.,sp|P49840|GSK3A_HUMAN,2,1879.0,0.0,False
40,46,0,0.021871801784463154,0.004620996096671435,0.0005600665622889967,0.11656864519566643,ASP-3026,none,0.0,non-responsive,.KPLPPTPEEDQILK.,.KPLPPTPEEDQILK.,sp|Q06187|BTK_HUMAN,3,1604.9,0.0,False
41,46,0,0.046074654678061384,0.006405303095231309,0.0010377451828163678,0.1420123349691711,AT-7519,none,0.0,non-responsive,.LSPLEAC+57.021AHSFFDELR.,.LSPLEACAHSFFDELR.,sp|P49840|GSK3A_HUMAN,3,1948.9,0.0,False
42,46,0,0.021843247789811466,0.005433773722863114,0.0008542794518837551,0.1385295801739095,AT-9283,none,0.0,non-responsive,.SEPPTLAQPSR.,.SEPPTLAQPSR.,sp|Q9H2G2|SLK_HUMAN,2,1182.6,0.0,False
43,46,0,0.025132757065381105,0.005775318691462297,0.0004268222171761659,0.10593707851311651,BMS-690514,none,0.0,non-responsive,.AANILVSDTLSC+57.021K.,.AANILVSDTLSCK.,sp|P06239|LCK_HUMAN,2,1448.7,0.0,False
44,46,0,0.04453633404788196,0.005252904486380094,2.2734110367720354e-05,0.06036398825028345,AZD-1208,none,0.0,non-responsive,.FFEILSPVYR.,.FFEILSPVYR.,sp|Q05397|FAK1_HUMAN,2,1270.7,0.0,False
45,46,0,0.021328995435838792,0.003902366189885716,0.00020504347690740297,0.07868361650189579,AV-412,none,0.0,non-responsive,.FTNSETAEHIAQGLR.,.FTNSETAEHIAQGLR.,sp|Q06187|BTK_HUMAN,2,1673.8,0.0,False
46,46,0,0.02866774839482887,0.006362398002783462,0.02104347503897861,0.3215957705610889,AZD-2014,none,0.0,non-responsive,.SIYGEKFEDENFILK.,.SIYGEKFEDENFILK.,sp|P62937|PPIA_HUMAN,3,1831.9,0.0,False
47,46,0,0.01735175446290307,0.003656032775132887,0.0016487841440612154,0.1650538169746387,BMS-690514,none,0.0,non-responsive,.YIHSADIIHR.,.YIHSADIIHR.,sp|Q16539|MK14_HUMAN,3,1224.6,0.0,False
48,46,0,0.0073068872197063536,0.0023115952767791196,0.01360264531842883,0.28036558104060855,AZD-2014,none,0.0,non-responsive,.LLLGAGAVAYGVR.,.LLLGAGAVAYGVR.,sp|Q99623|PHB2_HUMAN,2,1259.7,0.0,False
49,46,0,0.034208873827986305,0.004315951689405209,0.000722930983949759,0.1285198255837451,BMS-387032,none,0.0,non-responsive,.ALFPGDSEIDQLFR.,.ALFPGDSEIDQLFR.,sp|P24941|CDK2_HUMAN,2,1607.8,0.0,False
50,46,0,0.016505133922527445,0.004080931597887849,0.0028245231351705443,0.19271615938223435,AT-9283,none,0.0,non-responsive,.LIEDNEYTAR.,.LIEDNEYTAR.,sp|P06239|LCK_HUMAN,2,1223.6,0.0,False
51,46,0,0.029093903594799072,0.006223916577860487,0.0016875990052640174,0.1670592573950274,AZD-4547,none,0.0,non-responsive,.LTDDHVQFLIYQILR.,.LTDDHVQFLIYQILR.,sp|Q16539|MK14_HUMAN,3,1874.0,0.0,False
52,46,0,0.008239104701133362,0.002310773661217484,0.03405556321770602,0.38048948015375206,BI-2536,none,0.0,non-responsive,.TIGGGDDSFNTFFSETGAGK.,.TIGGGDDSFNTFFSETGAGK.,sp|P68363|TBA1B_HUMAN,2,2007.9,0.0,False
53,46,0,0.04948712722899781,0.0049509254611692245,0.0013622219952193469,0.1523285785712029,Barasertib,none,0.0,non-responsive,.AGAYDFPSPEW+15.987DTVTPEAK.,.AGAYDFPSPEWDTVTPEAK.,sp|Q13557|KCC2D_HUMAN,2,2096.9,0.0,False
54,46,0,0.02162138376619032,0.005633265808657424,0.000308831605799542,0.08703180266041,Afatinib,none,0.0,non-responsive,.HENVIGLLDVFTPAR.,.HENVIGLLDVFTPAR.,sp|Q16539|MK14_HUMAN,2,1680.9,0.0,False
55,46,0,0.01824099800848279,0.004964696978376972,0.0006330648687446616,0.12170830371361625,AZD-1208,none,0.0,non-responsive,.AGNILFTLDGDIK.,.AGNILFTLDGDIK.,sp|Q9H2G2|SLK_HUMAN,2,1376.7,0.0,False
56,46,0,0.009520876385023967,0.00249585953980518,0.007941921477861965,0.24053597333524557,AT-9283,none,0.0,non-responsive,.FPGQLNADLR.,.FPGQLNADLR.,sp|P07437|TBB5_HUMAN,2,1130.6,0.0,False
57,46,0,0.00983764463268638,0.002800149876117626,0.015287104579624745,0.2906192036885423,AMG-208_withCAKI,none,0.0,non-responsive,.LFPNADSK.,.LFPNADSK.,sp|P28482|MK01_HUMAN,2,891.4,0.0,False
58,46,0,0.012560304843015888,0.003620460019857617,0.0032528384097069694,0.1994367753577562,BMS-777607,none,0.0,non-responsive,.TQNILLDNEFHVK.,.TQNILLDNEFHVK.,sp|O43353|RIPK2_HUMAN,2,1570.8,0.0,False
59,46,0,0.019995365805449417,0.004353028920635272,0.00016304370260679233,0.07563961281441405,BMS-777607,none,0.0,non-responsive,.TVEYLHSQGVVHR.,.TVEYLHSQGVVHR.,sp|Q15418|KS6A1_HUMAN,2,1524.8,0.0,False
60,46,0,0.05535357202247947,0.0061107352872294554,0.0037262455997857016,0.2045770662850812,Apatinib,none,0.0,non-responsive,.LGAQLADLHLDNKK.,.LGAQLADLHLDNKK.,sp|Q9HA64|KT3K_HUMAN,3,1535.8,0.0,False
61,46,0,0.011915247500278874,0.003384529313242179,0.002940063454162411,0.195549457094152,Alisertib,none,0.0,non-responsive,.EIIDLVLDR.,.EIIDLVLDR.,sp|P68363|TBA1B_HUMAN,2,1085.6,0.0,False
62,46,0,0.01676142870346309,0.003514041685831929,0.002888194198279606,0.1941279100415078,Alvocidib,none,0.0,non-responsive,.KPLFHGDSEIDQLFR.,.KPLFHGDSEIDQLFR.,sp|P06493|CDK1_HUMAN,3,1801.9,0.0,False
63,46,0,0.056873408790599184,0.008900975725492323,0.0012839496030905612,0.15020822302534603,AT-9283,none,0.0,non-responsive,.APPILPPHLLQVILNK.,.APPILPPHLLQVILNK.,sp|Q9Y478|AAKB1_HUMAN,2,1763.1,0.0,False
64,46,0,0.011758853885227488,0.002926271375231217,0.009690910890956961,0.2543253547667127,BI-847325,none,0.0,non-responsive,.HENIIGINDIIR.,.HENIIGINDIIR.,sp|P28482|MK01_HUMAN,2,1406.8,0.0,False
65,46,0,0.022502534445834502,0.003600910855383655,0.0007299819257338881,0.12911858602899887,ASP-3026,none,0.0,non-responsive,.TLLATVDETIPLLPASTHR.,.TLLATVDETIPLLPASTHR.,sp|Q05397|FAK1_HUMAN,2,2048.1,0.0,False
66,46,0,0.024612217581993525,0.003945202317505119,0.0018301076918028443,0.16886405473672586,Alectinib,none,0.0,non-responsive,.DLKPSNLLINTTC+57.021DLK.,.DLKPSNLLINTTCDLK.,sp|P28482|MK01_HUMAN,2,1902.0,0.0,False
67,46,0,0.02103644728296524,0.004178783354979496,0.001057297284197376,0.1420123349691711,AZD-1208,none,0.0,non-responsive,.YVLDDEYTSSVGSK.,.YVLDDEYTSSVGSK.,sp|Q06187|BTK_HUMAN,2,1562.7,0.0,False
68,46,0,0.02050783607322233,0.003763759415640759,4.1824627290949854e-05,0.06650735231147029,AT-9283,none,0.0,non-responsive,.LFAIEEETTTR.,.LFAIEEETTTR.,sp|Q9UHD2|TBK1_HUMAN,2,1309.6,0.0,False
69,46,0,0.02164823086531697,0.0032642946555827236,0.0027856638888146957,0.19271615938223435,Alvocidib,none,0.0,non-responsive,.NLDENGLDLLSK.,.NLDENGLDLLSK.,sp|P06493|CDK1_HUMAN,2,1330.7,0.0,False
70,46,0,0.02207773395120618,0.005264977046759854,0.005989070307161458,0.22157730728684213,AT-9283,none,0.0,non-responsive,.PMFIVNTNVPR.,.PMFIVNTNVPR.,sp|P14174|MIF_HUMAN,2,1287.7,0.0,False
71,46,0,0.01521960869351751,0.00478085304749296,0.0027197888721940257,0.1912818123811847,BI-847325,none,0.0,non-responsive,.KFGYVDFESAEDLEK.,.KFGYVDFESAEDLEK.,sp|P19338|NUCL_HUMAN,2,1776.8,0.0,False
72,46,0,0.034956658063596165,0.003914460746860556,0.007165723665183162,0.23194448281190033,AZD-7762,none,0.0,non-responsive,.NVLVSEDNVAK.,.NVLVSEDNVAK.,sp|P41240|CSK_HUMAN,2,1187.6,0.0,False
73,46,0,0.012176053197699039,0.0025588934718727796,0.04079044816404956,0.39982202879333284,AMG-900,none,0.0,non-responsive,.IADPEHDHTGFLTEYVATR.,.IADPEHDHTGFLTEYVATR.,sp|P27361|MK03_HUMAN,3,2172.0,0.0,False
74,46,0,0.015412043061229163,0.002841993044281083,0.02192065765856395,0.3251320900521487,AZD-2014,none,0.0,non-responsive,.AGGGAAEQEELHYIPIR.,.AGGGAAEQEELHYIPIR.,sp|Q8TD19|NEK9_HUMAN,2,1810.9,0.0,False
75,46,0,0.025143473193760115,0.004624661633741853,9.660759896057914e-05,0.06832935504260831,ASP-3026,none,0.0,non-responsive,.LGDFGLSR.,.LGDFGLSR.,sp|Q05397|FAK1_HUMAN,2,864.4,0.0,False
76,46,0,0.02233154742423339,0.005068127455469614,0.0008910891250097155,0.1385295801739095,Bafetinib,none,0.0,non-responsive,.ITFPGLHELVR.,.ITFPGLHELVR.,sp|P06239|LCK_HUMAN,2,1281.7,0.0,False
77,46,0,0.025845032034031223,0.0035830912556959545,0.00023605076601562205,0.08291757486725032,Abemaciclib,none,0.0,non-responsive,.LKELIFQETAR.,.LKELIFQETAR.,sp|P27361|MK03_HUMAN,3,1347.7,0.0,False
78,46,0,0.018271786536973304,0.00433954318517718,0.012021691973922052,0.26955222264051987,AZD-1480,none,0.0,non-responsive,.HFSVEGQLEFR.,.HFSVEGQLEFR.,sp|P08238|HS90B_HUMAN,2,1348.6,0.0,False
79,46,0,0.01921597848559665,0.0038372316205809013,0.0020905224864298526,0.1748756425978576,Bafetinib,none,0.0,non-responsive,.TLFPGTDHIDQLK.,.TLFPGTDHIDQLK.,sp|Q16539|MK14_HUMAN,3,1484.8,0.0,False
80,46,0,0.02811474940126997,0.004490088886881901,0.0001663561229943219,0.07563961281441405,AV-412,none,0.0,non-responsive,.TLDNGGFYISPR.,.TLDNGGFYISPR.,sp|P08631|HCK_HUMAN,2,1339.6,0.0,False
81,46,0,0.015467264825729363,0.004506023386653651,0.0031813015710668966,0.19897691771579754,Apatinib,none,0.0,non-responsive,.LGLDSEEDYYTPQKVDVPK.,.LGLDSEEDYYTPQKVDVPK.,sp|Q8TD19|NEK9_HUMAN,2,2196.1,0.0,False
82,46,0,0.029805669275101726,0.0035693080108891873,0.005867447143339923,0.22157730728684213,Baricitinib,none,0.0,non-responsive,.IPTGQEYAAK.,.IPTGQEYAAK.,sp|Q13557|KCC2D_HUMAN,2,1077.5,0.0,False
83,46,0,0.009007804531156172,0.00352204946667674,0.003810932266353906,0.2045770662850812,Baricitinib,none,0.0,non-responsive,.HSGNITFDEIVNIAR.,.HSGNITFDEIVNIAR.,sp|P30050|RL12_HUMAN,2,1685.8,0.0,False
84,46,0,0.009860924633412304,0.0027091231383271877,0.012040987333033989,0.26955222264051987,Baricitinib,none,0.0,non-responsive,.STAGDTHLGGEDFDNR.,.STAGDTHLGGEDFDNR.,sp|P11142|HSP7C_HUMAN,2,1691.7,0.0,False
85,46,0,0.029772082088860244,0.003941873730617553,0.006269601308340022,0.2246330509552614,AZD-1208,none,0.0,non-responsive,.FYFENLLSK.,.FYFENLLSK.,sp|Q13555|KCC2G_HUMAN,2,1160.6,0.0,False
86,46,0,0.03505219534582645,0.003260513789477007,0.00011723351571789017,0.07290394674065966,Alvocidib,none,0.0,non-responsive,.DLKPQNLLINR.,.DLKPQNLLINR.,sp|Q00535|CDK5_HUMAN,2,1323.8,0.0,False
87,46,0,0.018056156625206647,0.003119027074244043,0.004594705384772056,0.20918660144560025,AZD-1208,none,0.0,non-responsive,.GQVFDVGPR.,.GQVFDVGPR.,sp|P28482|MK01_HUMAN,2,974.5,0.0,False
88,46,0,0.007059557775349955,0.002187252266756277,0.02710092083872914,0.3502246081390185,BI-2536,none,0.0,non-responsive,.ISVYYNEATGGK.,.ISVYYNEATGGK.,sp|P07437|TBB5_HUMAN,2,1301.6,0.0,False
89,46,0,0.022795687316786786,0.004441159011325459,0.0011177361961223404,0.14383210415304723,AV-412,none,0.0,non-responsive,.KPLPPEPAAAPVSTSELKK.,.KPLPPEPAAAPVSTSELKK.,sp|Q06187|BTK_HUMAN,3,1960.1,0.0,False
90,46,0,0.015185763934511196,0.0038531231755919697,0.010573890113706642,0.26280512601165923,BYL-719,none,0.0,non-responsive,.YASINTHLGIEQSR.,.YASINTHLGIEQSR.,sp|P48730|KC1D_HUMAN,2,1588.8,0.0,False
91,46,0,0.028439534687835243,0.004457000627537311,0.017888149163414815,0.3043657329746752,BI-847325,none,0.0,non-responsive,.ITEQLIEAINNGDFEAYTK.,.ITEQLIEAINNGDFEAYTK.,sp|Q13555|KCC2G_HUMAN,2,2169.1,0.0,False
92,46,0,0.021306757503869723,0.003642665269160396,0.0014261378077357948,0.15479388451768206,Alisertib,none,0.0,non-responsive,.FNASQLITQR.,.FNASQLITQR.,sp|Q99623|PHB2_HUMAN,2,1177.6,0.0,False
93,46,0,0.026127482441092136,0.00392287578799688,0.005134233166446741,0.21426958816314465,Barasertib,none,0.0,non-responsive,.LGLDSEEDYYTPQK.,.LGLDSEEDYYTPQK.,sp|Q8TD19|NEK9_HUMAN,2,1657.7,0.0,False
94,46,0,0.029978071607411776,0.0039438291647988085,0.002691117082452606,0.1912818123811847,AZD-1208,none,0.0,non-responsive,.TLNIFLTK.,.TLNIFLTK.,sp|Q8TD19|NEK9_HUMAN,2,949.6,0.0,False
95,46,0,0.021719097891425152,0.00518753754841444,0.0001859637389130427,0.07868361650189579,Bafetinib,none,0.0,non-responsive,.NLDNGGFYISPR.,.NLDNGGFYISPR.,sp|P06239|LCK_HUMAN,2,1352.6,0.0,False
96,46,0,0.02434388600450838,0.00595767814067425,8.255278446581867e-05,0.06738139431726822,AV-412,none,0.0,non-responsive,.YVLDDEYTSSVGSKFPVR.,.YVLDDEYTSSVGSKFPVR.,sp|Q06187|BTK_HUMAN,2,2062.0,0.0,False
97,46,0,0.028287705996443292,0.006175279017781421,0.00018314496697091623,0.07868361650189579,Baricitinib,none,0.0,non-responsive,.AATFGLILDDVSLTHLTFGK.,.AATFGLILDDVSLTHLTFGK.,sp|P35232|PHB_HUMAN,2,2119.1,0.0,False
98,46,0,0.022020879645692458,0.0035450554024268194,0.010245276521903868,0.25897981752343546,Alisertib,none,0.0,non-responsive,.NHQDPLAVAYHLIIDNRR.,.NHQDPLAVAYHLIIDNRR.,sp|Q13131|AAPK1_HUMAN,4,2145.1,0.0,False
99,46,0,0.014569080035659255,0.0032251831032027944,0.003856539300878857,0.2045770662850812,Barasertib_HQPA,none,0.0,non-responsive,.HSFFSTIDWNK.,.HSFFSTIDWNK.,sp|P51812|KS6A3_HUMAN,2,1381.6,0.0,False
100,46,0,0.00770313139335927,0.00252537862275233,0.004444172588369394,0.20711811550913553,Alisertib,none,0.0,non-responsive,.ALTVPELTQQVFDAK.,.ALTVPELTQQVFDAK.,sp|P07437|TBB5_HUMAN,2,1659.9,0.0,False
101,46,0,0.0295051512445808,0.006070316629564206,0.016554832245748764,0.29841165816360465,AMG-208_withCAKI,none,0.0,non-responsive,.YIDQEELNK.,.YIDQEELNK.,sp|P08238|HS90B_HUMAN,2,1151.5,0.0,False
102,46,0,0.012581029454249998,0.0027963430947993465,0.0035000086963037974,0.20276756164634047,AMG-900,none,0.0,non-responsive,.HALIIYDDLSK.,.HALIIYDDLSK.,sp|P25705|ATPA_HUMAN,2,1287.7,0.0,False
103,46,0,0.05022679915430064,0.005812050220520925,0.0030950855769884614,0.19777647533638948,Abemaciclib,none,0.0,non-responsive,.VIGNGSFGVVYQAK.,.VIGNGSFGVVYQAK.,sp|P49841|GSK3B_HUMAN,2,1438.8,0.0,False
104,46,0,0.01507616588990335,0.00451234061997869,0.02986947414876569,0.362253336469221,AZD-2014,none,0.0,non-responsive,.YNFHGTAEQDLPFC+57.021K.,.YNFHGTAEQDLPFCK.,sp|P41240|CSK_HUMAN,2,1883.8,0.0,False
105,46,0,0.009872259184542388,0.0026339402367998787,0.0025374353078236153,0.18867852250399797,AT-9283,none,0.0,non-responsive,.FSFSPEPTLEDIRR.,.FSFSPEPTLEDIRR.,sp|Q9H773|DCTP1_HUMAN,2,1693.8,0.0,False
106,46,0,0.03231191395146602,0.004964234781262457,0.0002429714579073543,0.08346657353579164,AT-9283,none,0.0,non-responsive,.NHQDPLAVAYHLIIDNR.,.NHQDPLAVAYHLIIDNR.,sp|Q13131|AAPK1_HUMAN,2,1989.0,0.0,False
107,46,0,0.03263333233747977,0.004730392677755008,0.0047516760257920445,0.21039387116656552,AZD-1480,none,0.0,non-responsive,.ESVFTVEGGHR.,.ESVFTVEGGHR.,sp|Q99623|PHB2_HUMAN,2,1217.6,0.0,False
108,46,0,0.0598220812415138,0.0066252915668801576,0.002853247726866946,0.19274421767348654,Alvocidib,none,0.0,non-responsive,.MLVLDSDKR.,.MLVLDSDKR.,sp|Q16539|MK14_HUMAN,3,1076.6,0.0,False
109,46,0,0.010200780511161864,0.0025603620084795413,0.001771405891818567,0.16886405473672586,Alisertib,none,0.0,non-responsive,.EAYPGDVFYLHSR.,.EAYPGDVFYLHSR.,sp|P25705|ATPA_HUMAN,2,1553.7,0.0,False
110,46,0,0.014419645792169875,0.0038142340802952207,0.0003052277559016619,0.08703180266041,Alisertib,none,0.0,non-responsive,.GSLLDFLKGETGK.,.GSLLDFLKGETGK.,sp|P12931|SRC_HUMAN,2,1364.7,0.0,False
111,46,0,0.0587791477574126,0.0053954663266977945,0.02370789959068797,0.3325021286180798,BMS-387032,none,0.0,non-responsive,.WQNVHFHR.,.WQNVHFHR.,sp|Q13557|KCC2D_HUMAN,3,1123.5,0.0,False
112,46,0,0.010722555982530677,0.004138213023516448,0.0048024854074353845,0.21055423250528593,AMG-900,none,0.0,non-responsive,.GFGFVDFNSEEDAK.,.GFGFVDFNSEEDAK.,sp|P19338|NUCL_HUMAN,2,1561.7,0.0,False
113,46,0,0.04486639662933821,0.006379573736498679,0.022919954775818978,0.32942401468019894,Alvocidib,none,0.0,non-responsive,.SLAYIHSQGVC+57.021HR.,.SLAYIHSQGVCHR.,sp|P49840|GSK3A_HUMAN,2,1584.8,0.0,False
114,46,0,0.010822601572379855,0.0036753260982244815,0.011147355062217538,0.26448389126460664,AMG-900,none,0.0,non-responsive,.LGAQLADLHLDNK.,.LGAQLADLHLDNK.,sp|Q9HA64|KT3K_HUMAN,2,1407.7,0.0,False
115,46,0,0.057790041063952816,0.005648417583060772,0.009822985353349136,0.2554660802722126,AMG-900,none,0.0,non-responsive,.EVFEDAAEIR.,.EVFEDAAEIR.,sp|P19338|NUCL_HUMAN,2,1178.6,0.0,False
116,46,0,0.02549618959801242,0.005671941751238711,0.00013185517812588335,0.07290394674065966,ASP-3026,none,0.0,non-responsive,.LVNGTSQSFIIRPQK.,.LVNGTSQSFIIRPQK.,sp|Q05397|FAK1_HUMAN,2,1687.9,0.0,False
117,46,0,0.02943061437151782,0.005437993827117727,0.0003395974691474875,0.09256811114306135,Alisertib,none,0.0,non-responsive,.STFSTLQELVDHYKK.,.STFSTLQELVDHYKK.,sp|P08631|HCK_HUMAN,2,1795.9,0.0,False
118,46,0,0.01208039684034701,0.0036860694461563646,0.003256638022523916,0.19955667248438594,BI-847325,none,0.0,non-responsive,.IIQLLDDYPK.,.IIQLLDDYPK.,sp|P05388|RLA0_HUMAN,2,1217.7,0.0,False
119,46,0,0.014620016095464967,0.004118940715476549,0.006341455812494351,0.22604781039081265,BI-847325,none,0.0,non-responsive,.ATDKDITGTLSNPEVFNYGVETHEAYK.,.ATDKDITGTLSNPEVFNYGVETHEAYK.,sp|P16083|NQO2_HUMAN,3,2999.4,0.0,False
120,46,0,0.029876654685271963,0.006107039959214911,0.00022204029801904622,0.08032372570101826,Alectinib,none,0.0,non-responsive,.DQSDFVGQTVELGELR.,.DQSDFVGQTVELGELR.,sp|O14976|GAK_HUMAN,2,1792.9,0.0,False
121,46,0,0.026419382450086716,0.004775601297643522,0.0009786102795784988,0.1420123349691711,ASP-3026,none,0.0,non-responsive,.QATVSWDSGGSDEAPPKPSRPGYPSPR.,.QATVSWDSGGSDEAPPKPSRPGYPSPR.,sp|Q05397|FAK1_HUMAN,3,2826.3,0.0,False
122,46,0,0.01228574993906488,0.004088339752868465,0.001125463251534584,0.14383210415304723,Barasertib_HQPA,none,0.0,non-responsive,.VSC+57.021GDEFTIAATDDNHIFAWGNGGNGR.,.VSCGDEFTIAATDDNHIFAWGNGGNGR.,sp|Q8TD19|NEK9_HUMAN,3,2938.3,0.0,False
123,46,0,0.008462259070142877,0.002576170792348009,0.0025412011201014976,0.18867852250399797,AMG-208,none,0.0,non-responsive,.YLTVAAVFR.,.YLTVAAVFR.,sp|P07437|TBB5_HUMAN,2,1039.6,0.0,False
124,46,0,0.04948712722899781,0.0049509254611692245,0.0013622219952193469,0.1523285785712029,Barasertib,none,0.0,non-responsive,.AGAYDFPSPEWDTVTPEAK.,.AGAYDFPSPEWDTVTPEAK.,sp|Q13557|KCC2D_HUMAN,2,2080.9,0.0,False
125,46,0,0.02412124340743414,0.004664480186959612,0.006839298509574657,0.227990863522814,Alectinib,none,0.0,non-responsive,.GWHTILIVEK.,.GWHTILIVEK.,sp|Q8TD19|NEK9_HUMAN,3,1195.7,0.0,False
126,46,0,0.025722392854113665,0.005552556553673438,0.03816465709294247,0.3918466068424166,Alisertib,none,0.0,non-responsive,.DSYVGDEAQSKR.,.DSYVGDEAQSKR.,sp|P60709|ACTB_HUMAN,2,1354.6,0.0,False
127,46,0,0.017700052434206495,0.003591459788071492,0.00014023554220424318,0.07290394674065966,AT-9283,none,0.0,non-responsive,.LHYAFQTEGK.,.LHYAFQTEGK.,sp|Q15418|KS6A1_HUMAN,2,1193.6,0.0,False
128,46,0,0.04181834831787164,0.005194708631870938,0.0001316752758105138,0.07290394674065966,ASP-3026,none,0.0,non-responsive,.GFLNQFTEDKPTLNFFYQQVK.,.GFLNQFTEDKPTLNFFYQQVK.,sp|Q05397|FAK1_HUMAN,2,2564.3,0.0,False
129,46,0,0.024123782243820273,0.005442833932097225,0.004364731322810851,0.2065993973052694,Baricitinib,none,0.0,non-responsive,.TVEYLHAQGVVHR.,.TVEYLHAQGVVHR.,sp|P51812|KS6A3_HUMAN,4,1508.8,0.0,False
130,46,0,0.00810783041072193,0.002640784985684508,0.0033086224300073437,0.20101827682360715,AZD-1208,none,0.0,non-responsive,.AQEPESGLSEETQVK.,.AQEPESGLSEETQVK.,sp|P78527|PRKDC_HUMAN,2,1631.8,0.0,False
131,46,0,0.02089128911974714,0.0037403333128160476,0.04357583286416224,0.40660184956712314,Baricitinib,none,0.0,non-responsive,.LTQYIDGQGRPR.,.LTQYIDGQGRPR.,sp|Q13555|KCC2G_HUMAN,3,1403.7,0.0,False
132,46,0,0.02070498266701878,0.002601342032731741,0.005237317475412753,0.2150399287695821,Apitolisib,none,0.0,non-responsive,.ATQQQHDFTLTQTADGR.,.ATQQQHDFTLTQTADGR.,sp|P78527|PRKDC_HUMAN,2,1917.9,0.0,False
133,46,0,0.01997033154200229,0.005364984347972272,0.004679418229174264,0.21039387116656552,Bafetinib,none,0.0,non-responsive,.GKDSLSDDGVDLK.,.GKDSLSDDGVDLK.,sp|P07948|LYN_HUMAN,2,1348.6,0.0,False
134,46,0,0.027473888930650184,0.0049884828362017795,0.0012743060774579274,0.1494030684421556,Abemaciclib,none,0.0,non-responsive,.DFDPVHGDVIK.,.DFDPVHGDVIK.,sp|P07948|LYN_HUMAN,2,1241.6,0.0,False
135,46,0,0.018689523345854834,0.0042444168872406264,0.0024414404580339797,0.1879964006837231,BMS-690514,none,0.0,non-responsive,.EFTEAVEAK.,.EFTEAVEAK.,sp|P35232|PHB_HUMAN,2,1023.5,0.0,False
136,46,0,0.026079074432854277,0.005217055743251511,0.00019993341549951003,0.07868361650189579,AZD-5363,none,0.0,non-responsive,.SIAEEQYSDLEKEK.,.SIAEEQYSDLEKEK.,sp|O75116|ROCK2_HUMAN,3,1668.8,0.0,False
137,46,0,0.014797391630507768,0.0039503109393613164,0.0025659046628190903,0.18940612079602173,BI-847325,none,0.0,non-responsive,.TKSENGLEFTSSGSANTETTK.,.TKSENGLEFTSSGSANTETTK.,sp|P21796|VDAC1_HUMAN,2,2189.0,0.0,False
138,46,0,0.030045878737968122,0.0039754635371177325,0.0005062174791001708,0.11477340483316165,Alvocidib,none,0.0,non-responsive,.IGEGTYGTVFK.,.IGEGTYGTVFK.,sp|Q00535|CDK5_HUMAN,2,1171.6,0.0,False
139,46,0,0.01983121691961178,0.004612546742579676,0.08499353150449712,0.4963465094718842,AZD-2014,none,0.0,non-responsive,.QEYDESGPSIVHR.,.QEYDESGPSIVHR.,sp|P60709|ACTB_HUMAN,2,1516.7,0.0,False
140,46,0,0.020436164120828503,0.003708203413035825,0.0052623790328575,0.2150399287695821,AMG-900,none,0.0,non-responsive,.DLKPSNLAVNEDC+57.021ELK.,.DLKPSNLAVNEDCELK.,sp|Q16539|MK14_HUMAN,2,1901.9,0.0,False
141,46,0,0.01966394262948601,0.003860183448724606,0.0017313928175003,0.16886405473672586,Amuvatinib,none,0.0,non-responsive,.LVLEVAQHLGESTVR.,.LVLEVAQHLGESTVR.,sp|P06576|ATPB_HUMAN,2,1650.9,0.0,False
142,46,0,0.01822436717523032,0.004203494636719105,0.004867090212866333,0.21055423250528593,Barasertib_HQPA,none,0.0,non-responsive,.LGSGPDGAEEIKR.,.LGSGPDGAEEIKR.,sp|Q15418|KS6A1_HUMAN,2,1328.7,0.0,False
143,46,0,0.0206614715016843,0.004495475341027001,0.023228322542192252,0.33152900605425145,Alisertib,none,0.0,non-responsive,.IINEPTAAAIAYGLDKK.,.IINEPTAAAIAYGLDKK.,sp|P11142|HSP7C_HUMAN,2,1788.0,0.0,False
144,46,0,0.019630265792904326,0.003920340587119257,0.004603181856835273,0.20918660144560025,Alvocidib,none,0.0,non-responsive,.APQAPLHSVVQQLHGK.,.APQAPLHSVVQQLHGK.,sp|Q15418|KS6A1_HUMAN,3,1709.9,0.0,False
145,46,0,0.02271133850518452,0.003913303842345607,4.0365359136743765e-05,0.06650735231147029,AT-9283,none,0.0,non-responsive,.LVVFDTSLQVK.,.LVVFDTSLQVK.,sp|P54619|AAKG1_HUMAN,2,1248.7,0.0,False
146,46,0,0.01751887313687348,0.002525045584263165,0.015849832128656347,0.2956713642135057,BMS-690514,none,0.0,non-responsive,.DLQNVNITLR.,.DLQNVNITLR.,sp|P35232|PHB_HUMAN,2,1185.6,0.0,False
147,46,0,0.042098887681355834,0.004637353213250866,0.0003002292036635939,0.08703180266041,BMS-754807,none,0.0,non-responsive,.NLLDVIDQAR.,.NLLDVIDQAR.,sp|Q05397|FAK1_HUMAN,2,1156.6,0.0,False
148,46,0,0.03442900202780327,0.006671258321245448,0.0025292444738329403,0.18867852250399797,BMS-777607,none,0.0,non-responsive,.NKVPWNR.,.NKVPWNR.,sp|P28482|MK01_HUMAN,2,913.5,0.0,False
149,46,0,0.019128549623708635,0.004432020837148369,0.003095698149280199,0.19777647533638948,BMS-754807,none,0.0,non-responsive,.NVENEVSTLKDQLEDLKK.,.NVENEVSTLKDQLEDLKK.,sp|Q13464|ROCK1_HUMAN,3,2102.1,0.0,False
150,46,0,0.009104941973960546,0.002841659745815256,0.0010784777349087443,0.1420123349691711,Alisertib,none,0.0,non-responsive,.QLFHPEQLITGKEDAANNYAR.,.QLFHPEQLITGKEDAANNYAR.,sp|P68363|TBA1B_HUMAN,3,2415.2,0.0,False
151,46,0,0.02917903646183286,0.003641071976719745,0.0026365701364389513,0.19094677198099427,AZD-7762,none,0.0,non-responsive,.LFGGFNSSDTVTSPQR.,.LFGGFNSSDTVTSPQR.,sp|P12931|SRC_HUMAN,2,1712.8,0.0,False
152,46,0,0.013912195868058568,0.003053352877607008,0.0011877786136244833,0.1446991877256131,AT-9283,none,0.0,non-responsive,.VSDFGLSR.,.VSDFGLSR.,sp|Q06187|BTK_HUMAN,2,880.4,0.0,False
153,46,0,0.015154684875442049,0.003789978678362805,0.001366273697414951,0.1523285785712029,Alvocidib,none,0.0,non-responsive,.DILADVNHPFVVK.,.DILADVNHPFVVK.,sp|Q15418|KS6A1_HUMAN,2,1466.8,0.0,False
154,46,0,0.025301645337474178,0.004187879245102234,3.642666786802715e-05,0.06650735231147029,AV-412,none,0.0,non-responsive,.LSYYEYDFER.,.LSYYEYDFER.,sp|Q06187|BTK_HUMAN,2,1384.6,0.0,False
155,46,0,0.015133929581204896,0.0036579824952084087,0.006180193555011844,0.22408742545414345,BMS-777607,none,0.0,non-responsive,.VFHYFESNSEPTTWASIIR.,.VFHYFESNSEPTTWASIIR.,sp|Q05397|FAK1_HUMAN,3,2284.1,0.0,False
156,46,0,0.0408043160078694,0.004471611063268288,0.009726555119312702,0.25485694000881937,Baricitinib,none,0.0,non-responsive,.DLKPSNILYVDESGNPESIR.,.DLKPSNILYVDESGNPESIR.,sp|P51812|KS6A3_HUMAN,3,2246.1,0.0,False
157,46,0,0.009403804019116647,0.002806461044636304,0.0011021051110794984,0.14362371112233485,Alectinib,none,0.0,non-responsive,.VLPSITTEILK.,.VLPSITTEILK.,sp|P35232|PHB_HUMAN,2,1213.7,0.0,False
158,46,0,0.010249021584928204,0.003316311028255208,0.010536712381788592,0.26254440027521353,Alisertib,none,0.0,non-responsive,.VFEVSLADLQNDEVAFRK.,.VFEVSLADLQNDEVAFRK.,sp|P61247|RS3A_HUMAN,3,2080.1,0.0,False
159,46,0,0.02285511058851328,0.004930975399589868,0.002244386572773293,0.18199005770391888,BMS-754807,none,0.0,non-responsive,.TTTPVYVALGIFVQHR.,.TTTPVYVALGIFVQHR.,sp|P54619|AAKG1_HUMAN,2,1802.0,0.0,False
160,46,0,0.032334538981152426,0.006364366815711548,0.001516836036135242,0.15997971671304748,Alvocidib,none,0.0,non-responsive,.AALAHPFFQDVTKPVPH.,.AALAHPFFQDVTKPVPH.,sp|P24941|CDK2_HUMAN,2,1875.0,0.0,False
161,46,0,0.07764541279054331,0.004642836899760089,0.00155817988731543,0.16137319802404354,BMS-690514,none,0.0,non-responsive,.LGLDYEER.,.LGLDYEER.,sp|Q99623|PHB2_HUMAN,2,994.5,0.0,False
162,46,0,0.05137778758765079,0.005308832748171182,0.00010162239785912493,0.06960169483750128,AT-9283,none,0.0,non-responsive,.VTTVVATPGQGPDRPQEVSYTDTK.,.VTTVVATPGQGPDRPQEVSYTDTK.,sp|P49841|GSK3B_HUMAN,3,2546.3,0.0,False
163,46,0,0.01533726407276454,0.004332888403700531,0.01089343220742418,0.2640348153647719,AZD-4547,none,0.0,non-responsive,.TQHLSNDHIC+57.021YFLYQILR.,.TQHLSNDHICYFLYQILR.,sp|P28482|MK01_HUMAN,3,2378.2,0.0,False
164,46,0,0.00943103270986531,0.002403707154237801,0.01583868539086393,0.2956713642135057,AZD-2014,none,0.0,non-responsive,.NLDIERPTYTNLNR.,.NLDIERPTYTNLNR.,sp|P68363|TBA1B_HUMAN,3,1718.9,0.0,False
165,46,0,0.009997706902311165,0.0027741593408234884,0.010493373390435738,0.2618624793059009,Alisertib,none,0.0,non-responsive,.FPGQLNADLRK.,.FPGQLNADLRK.,sp|P07437|TBB5_HUMAN,3,1258.7,0.0,False
166,46,0,0.08338162923344178,0.008304673587154006,0.0032410578987486748,0.1994367753577562,AZD-7762,none,0.0,non-responsive,.HPGHYAVYNLSPR.,.HPGHYAVYNLSPR.,sp|O14976|GAK_HUMAN,3,1510.7,0.0,False
167,46,0,0.02098464870288262,0.005004215325800613,0.0012273924964513927,0.14660295695749168,BYL-719,none,0.0,non-responsive,.IYIHSYNTATIFHELVYK.,.IYIHSYNTATIFHELVYK.,sp|Q9UHD2|TBK1_HUMAN,3,2212.1,0.0,False
168,46,0,0.030849904971231676,0.0034274610646343336,0.006775338832503776,0.22782522851644013,AZD-7762,none,0.0,non-responsive,.EASSTQDTGKLPVK.,.EASSTQDTGKLPVK.,sp|P41240|CSK_HUMAN,2,1460.7,0.0,False
169,46,0,0.01134204264477667,0.0035010489368989457,0.014484653320755993,0.28452654912064074,Apitolisib,none,0.0,non-responsive,.SYELPDGQVITIGNER.,.SYELPDGQVITIGNER.,sp|P60709|ACTB_HUMAN,2,1790.9,0.0,False
170,46,0,0.016828758393450598,0.004225964927678479,0.001766822295332893,0.16886405473672586,AV-412,none,0.0,non-responsive,.QLLAPGNTHGSFLIR.,.QLLAPGNTHGSFLIR.,sp|P06239|LCK_HUMAN,2,1623.9,0.0,False
171,46,0,0.03911117827258483,0.004635896112707409,0.011285141556977987,0.26494439794648283,Alisertib,none,0.0,non-responsive,.WTAPEAALYGR.,.WTAPEAALYGR.,sp|P12931|SRC_HUMAN,2,1234.6,0.0,False
172,46,0,0.01358877967868076,0.004080522184768033,0.0013899552980717507,0.1530152722083769,AZD-5363,none,0.0,non-responsive,.YGQHPNIITLK.,.YGQHPNIITLK.,sp|Q15418|KS6A1_HUMAN,3,1283.7,0.0,False
173,46,0,0.0191233028415707,0.004549131781330793,5.056292640935206e-05,0.06650735231147029,Barasertib_HQPA,none,0.0,non-responsive,.HVFYSTIDWNK.,.HVFYSTIDWNK.,sp|Q15418|KS6A1_HUMAN,2,1409.7,0.0,False
174,46,0,0.01749339821109513,0.004845075881739721,0.011124743799769516,0.26448389126460664,AMG-900,none,0.0,non-responsive,.YLSSLNFVHR.,.YLSSLNFVHR.,sp|Q16832|DDR2_HUMAN,3,1235.6,0.0,False
175,46,0,0.06702105920180021,0.006952980601271828,9.063363641661182e-05,0.06738139431726822,Afatinib,none,0.0,non-responsive,.DLKVENLLLSNQGTIK.,.DLKVENLLLSNQGTIK.,sp|O14976|GAK_HUMAN,2,1785.0,0.0,False
176,46,0,0.04012177818303431,0.0063881928285160205,6.788933677658883e-05,0.06650735231147029,BMS-754807,none,0.0,non-responsive,.AQLSTILEEEKAQQEER.,.AQLSTILEEEKAQQEER.,sp|Q05397|FAK1_HUMAN,2,2002.0,0.0,False
177,46,0,0.014095446499877354,0.00234688379227186,0.008775408086485333,0.24742855291271765,AZD-8186,none,0.0,non-responsive,.VEIIANDQGNR.,.VEIIANDQGNR.,sp|P11142|HSP7C_HUMAN,2,1228.6,0.0,False
178,46,0,0.03659273659614788,0.0045905300697367,0.0015039697333295232,0.15901514186385218,AZD-8186,none,0.0,non-responsive,.VDNDENEHQLSLR.,.VDNDENEHQLSLR.,sp|P06748|NPM_HUMAN,2,1568.7,0.0,False
179,46,0,0.01209789893677785,0.003459613491832871,0.0032519505871160645,0.1994367753577562,BMS-777607,none,0.0,non-responsive,.FDGALNVDLTEFQTNLVPYPR.,.FDGALNVDLTEFQTNLVPYPR.,sp|P68363|TBA1B_HUMAN,2,2409.2,0.0,False
180,46,0,0.02749008402173451,0.0051700052536565325,0.0004790747409060523,0.11101300446926862,AEW-541,none,0.0,non-responsive,.TKKPLPPTPEEDQILK.,.TKKPLPPTPEEDQILK.,sp|Q06187|BTK_HUMAN,3,1834.0,0.0,False
181,46,0,0.011714584507060291,0.003452156282439334,0.005431312333832812,0.21743551782603704,Barasertib_HQPA,none,0.0,non-responsive,.IYIDPFTYEDPNEAVR.,.IYIDPFTYEDPNEAVR.,sp|P29323|EPHB2_HUMAN,2,1941.9,0.0,False
182,46,0,0.02832727516434636,0.004650594404604962,6.725536271515872e-05,0.06650735231147029,AT-9283,none,0.0,non-responsive,.DILVEVNHPFIVK.,.DILVEVNHPFIVK.,sp|P51812|KS6A3_HUMAN,2,1522.8,0.0,False
183,46,0,0.027274046214230144,0.0051265101999172415,0.005326530061566129,0.21632548158000803,BMS-777607,none,0.0,non-responsive,.TVSTLHHVLQR.,.TVSTLHHVLQR.,sp|O00764|PDXK_HUMAN,2,1290.7,0.0,False
184,46,0,0.01866254246695832,0.0060294434522184335,0.0051837250519418,0.2150399287695821,Alvocidib,none,0.0,non-responsive,.TPALVFEYINNTDFK.,.TPALVFEYINNTDFK.,sp|P19784|CSK22_HUMAN,2,1771.9,0.0,False
185,46,0,0.014600963927839165,0.00485139868248012,0.00024429966072004445,0.08346657353579164,ARRY-380,none,0.0,non-responsive,.VLAPQISFAPEIASEEER.,.VLAPQISFAPEIASEEER.,sp|P16083|NQO2_HUMAN,2,1986.0,0.0,False
186,46,0,0.011435626723221466,0.0027506205864834764,0.0304665859171097,0.3634307402027956,ASP-3026,none,0.0,non-responsive,.TITLEVEPSDTIENVK.,.TITLEVEPSDTIENVK.,sp|P62979|RS27A_HUMAN,2,1787.9,0.0,False
187,46,0,0.008697330910816477,0.003589331258846486,3.068571463720655e-05,0.06265386055594918,Barasertib_HQPA,none,0.0,non-responsive,.FLEDDTSDPTYTSALGGK.,.FLEDDTSDPTYTSALGGK.,sp|P29323|EPHB2_HUMAN,2,1916.9,0.0,False
188,46,0,0.01966268921091781,0.0044819425265781995,0.0005443409987306816,0.11633369632647997,Alisertib,none,0.0,non-responsive,.NVLLVTQHYAK.,.NVLLVTQHYAK.,sp|P43405|KSYK_HUMAN,2,1285.7,0.0,False
189,46,0,0.011723925247377713,0.0033128946706038817,0.00020918422775805814,0.07970729298182487,AV-412,none,0.0,non-responsive,.SLPAPQDNDFLSR.,.SLPAPQDNDFLSR.,sp|O43353|RIPK2_HUMAN,2,1459.7,0.0,False
190,46,0,0.02967526297665371,0.0035693076282266563,0.010637797848627393,0.26348576200256657,AZD-6482,none,0.0,non-responsive,.VASEAPLEHKPQVEASSPR.,.VASEAPLEHKPQVEASSPR.,sp|Q8TD19|NEK9_HUMAN,2,2032.0,0.0,False
191,46,0,0.024580906843263584,0.004466165052768292,0.0017601740866694904,0.16886405473672586,BMS-690514,none,0.0,non-responsive,.STFSTLQELVDHYK.,.STFSTLQELVDHYK.,sp|P08631|HCK_HUMAN,2,1667.8,0.0,False
192,46,1,0.021901361475229624,0.004400917721055939,6.960215090943711e-06,0.038637569191024346,AT-9283,decreasing,0.004400917721055939,drug-specific responsive (decreasing),.LVVVDENDVVK.,.LVVVDENDVVK.,sp|P54619|AAKG1_HUMAN,2,1228.7,0.0,False
193,46,0,0.043962496494601884,0.006309832380533589,0.0010397695879412194,0.1420123349691711,Baricitinib,none,0.0,non-responsive,.FQNPQTEGVNAVEDEIKK.,.FQNPQTEGVNAVEDEIKK.,sp|Q2M2I8|AAK1_HUMAN,2,2046.0,0.0,False
194,46,0,0.020260941653798697,0.0048135620246138626,0.0014119998181411776,0.15434299022237125,Barasertib_HQPA,none,0.0,non-responsive,.DFDQNQGEVVK.,.DFDQNQGEVVK.,sp|P06239|LCK_HUMAN,2,1278.6,0.0,False
195,46,0,0.01591500411497844,0.004223694651840112,0.00018820129737330923,0.07868361650189579,Alvocidib,none,0.0,non-responsive,.GSLVDNIQQHFLLSDR.,.GSLVDNIQQHFLLSDR.,sp|O43427|FIBP_HUMAN,2,1841.9,0.0,False
196,46,0,0.04110470643299492,0.004609084678216495,0.00041021619943403865,0.10347679725350697,AT-9283,none,0.0,non-responsive,.DLKPENILLDEEGHIK.,.DLKPENILLDEEGHIK.,sp|Q15418|KS6A1_HUMAN,3,1863.0,0.0,False
197,46,0,0.03354053176475988,0.0058179358073941236,0.000774591244264279,0.1322119739717018,Alvocidib,none,0.0,non-responsive,.LLEYTPTAR.,.LLEYTPTAR.,sp|P49841|GSK3B_HUMAN,2,1063.6,0.0,False
198,46,0,0.023214832449568137,0.005292606810372038,0.000259441592438067,0.08456467447495608,AT-9283,none,0.0,non-responsive,.LPVIDPESGNTLYILTHK.,.LPVIDPESGNTLYILTHK.,sp|P54619|AAKG1_HUMAN,2,2010.1,0.0,False
199,46,0,0.010677059920545587,0.003059305491542997,0.004023711550383607,0.2045770662850812,Barasertib_HQPA,none,0.0,non-responsive,.ILVAEGTR.,.ILVAEGTR.,sp|P10515|ODP2_HUMAN,2,858.5,0.0,False
200,46,0,0.02941104853882603,0.004371587353374299,0.00046160218309591216,0.10835635627705888,ASP-3026,none,0.0,non-responsive,.DLKPQNLLINTEGAIK.,.DLKPQNLLINTEGAIK.,sp|P24941|CDK2_HUMAN,2,1767.0,0.0,False
201,46,0,0.02933545737840723,0.0059820982715696625,0.00021992871644231608,0.08032372570101826,BI-847325,none,0.0,non-responsive,.LNTLETEEWFFKDITR.,.LNTLETEEWFFKDITR.,sp|P07948|LYN_HUMAN,2,2042.0,0.0,False
202,46,0,0.058218665274108496,0.011021864306526371,0.00014619189985420823,0.07290394674065966,AZD-7762,none,0.0,non-responsive,.GDTGGEDTAAPGR.,.GDTGGEDTAAPGR.,sp|Q9H773|DCTP1_HUMAN,2,1203.5,0.0,False
203,46,0,0.023208539277285205,0.005027293551997569,0.0005207657255280131,0.11477340483316165,AT-9283,none,0.0,non-responsive,.SALVQIYELEEHKIETWR.,.SALVQIYELEEHKIETWR.,sp|P54619|AAKG1_HUMAN,3,2244.1,0.0,False
204,46,0,0.015454840766224666,0.0036026190953556553,0.018546071072708704,0.3091440359108399,BMS-387032,none,0.0,non-responsive,.LFPDVLFPADSEHNK.,.LFPDVLFPADSEHNK.,sp|P45983|MK08_HUMAN,3,1728.8,0.0,False
205,46,0,0.022381235320533488,0.004864430549899615,0.0004024971519802374,0.10224466972192815,Apitolisib,none,0.0,non-responsive,.LFLLTVHK.,.LFLLTVHK.,sp|Q06187|BTK_HUMAN,2,970.6,0.0,False
206,46,0,0.019309671983199824,0.004224196489019854,0.0016794183903077484,0.1670592573950274,Afatinib,none,0.0,non-responsive,.DLLIDEWK.,.DLLIDEWK.,sp|Q16539|MK14_HUMAN,2,1031.5,0.0,False
207,46,0,0.009435579442219415,0.0029210379829589634,0.006051803700888647,0.22157730728684213,BMS-777607_withCAKI,none,0.0,non-responsive,.SGPFGQIFRPDNFVFGQSGAGNNWAK.,.SGPFGQIFRPDNFVFGQSGAGNNWAK.,sp|P07437|TBB5_HUMAN,3,2798.3,0.0,False
208,46,0,0.025592778032680195,0.00526949006191692,7.74154636981756e-05,0.06650735231147029,Barasertib_HQPA,none,0.0,non-responsive,.YRPPPQTNLLAPK.,.YRPPPQTNLLAPK.,sp|Q14289|FAK2_HUMAN,3,1494.8,0.0,False
209,46,0,0.021970621330251554,0.0035546614401083323,0.00013550895836935358,0.07290394674065966,AT-9283,none,0.0,non-responsive,.YLEESNFVHR.,.YLEESNFVHR.,sp|P43405|KSYK_HUMAN,3,1293.6,0.0,False
210,46,0,0.017706579950890766,0.004134531166946378,0.003846684845632881,0.2045770662850812,Barasertib_HQPA,none,0.0,non-responsive,.KGTDELYAVK.,.KGTDELYAVK.,sp|P05771|KPCB_HUMAN,2,1123.6,0.0,False
211,46,0,0.022367551806689916,0.005582461999513751,0.015058631357991816,0.28993228975530966,Alectinib,none,0.0,non-responsive,.HGVQELEIELQSQLSK.,.HGVQELEIELQSQLSK.,sp|P35527|K1CI_HUMAN,3,1837.9,0.0,False
212,46,0,0.019716104072034064,0.004821251193804323,0.003691404204933479,0.2045770662850812,BMS-754807,none,0.0,non-responsive,.FEGTGFSNIPQLIDHHYTTK.,.FEGTGFSNIPQLIDHHYTTK.,sp|P16591|FER_HUMAN,4,2305.1,0.0,False
213,46,0,0.008536342956552007,0.0029779793966593486,0.017343996042405073,0.3017007766804155,BMS-754807,none,0.0,non-responsive,.STNGDTFLGGEDFDQALLR.,.STNGDTFLGGEDFDQALLR.,sp|P38646|GRP75_HUMAN,2,2055.9,0.0,False
214,46,0,0.023565813557287815,0.004030995606982084,0.0002080561927490417,0.0795576003474825,ASP-3026,none,0.0,non-responsive,.ILEPTAFQEPPPKPSRPK.,.ILEPTAFQEPPPKPSRPK.,sp|Q14289|FAK2_HUMAN,3,2032.1,0.0,False
215,46,0,0.03898309317157885,0.004427842977948155,0.00025300403498240324,0.08346657353579164,AT-9283,none,0.0,non-responsive,.IGEGSTGIVC+57.021IATVR.,.IGEGSTGIVCIATVR.,sp|O96013|PAK4_HUMAN,2,1589.8,0.0,False
216,46,0,0.007137015616026887,0.0027026364934305282,0.004306296120733258,0.2063967421423475,AZD-1480,none,0.0,non-responsive,.NYLQSLPSK.,.NYLQSLPSK.,sp|P27361|MK03_HUMAN,2,1049.5,0.0,False
217,46,0,0.021579806023045066,0.005702300964067626,0.00012487787278837233,0.07290394674065966,AT-9283,none,0.0,non-responsive,.GGPNIITLADIVKDPVSR.,.GGPNIITLADIVKDPVSR.,sp|P68400|CSK21_HUMAN,2,1865.0,0.0,False
218,46,0,0.029264084926081232,0.004091200902055169,0.00062433558131975,0.12129708246412342,AT-9283,none,0.0,non-responsive,.LAYNEEQIHKFDK.,.LAYNEEQIHKFDK.,sp|Q9UHD2|TBK1_HUMAN,3,1634.8,0.0,False
219,46,0,0.031634779155247796,0.004388333238758042,0.001425430593449513,0.15479388451768206,Barasertib_HQPA,none,0.0,non-responsive,.YLSSANPNDNR.,.YLSSANPNDNR.,sp|Q13464|ROCK1_HUMAN,2,1250.6,0.0,False
220,46,0,0.02303598074243755,0.005304353829533473,0.0001443131303203585,0.07290394674065966,AV-412,none,0.0,non-responsive,.GSLLDFLK.,.GSLLDFLK.,sp|P07948|LYN_HUMAN,2,892.5,0.0,False
221,46,0,0.009193465011773531,0.003019812112277786,0.0006371319237694628,0.12170830371361625,Baricitinib,none,0.0,non-responsive,.YFPTQALNFAFK.,.YFPTQALNFAFK.,sp|P05141|ADT2_HUMAN,2,1446.7,0.0,False
222,46,1,0.02292082064693338,0.004098245060333379,9.616189237706716e-06,0.038637569191024346,AT-9283,decreasing,0.004098245060333379,drug-specific responsive (decreasing),.VPFLVAETPR.,.VPFLVAETPR.,sp|Q13131|AAPK1_HUMAN,2,1128.6,0.0,False
223,46,0,0.013835808860813504,0.005405052261962091,0.019801535979039553,0.3147507661533145,Alisertib,none,0.0,non-responsive,.VSFELFADKVPK.,.VSFELFADKVPK.,sp|P62937|PPIA_HUMAN,3,1379.7,0.0,False
224,46,0,0.02074170655128613,0.004741502025293997,0.009689442073581956,0.2543253547667127,AZD-7762,none,0.0,non-responsive,.GAQGEPHDVAPNGPSAGGLAIPQSSSSSSRPPTR.,.GAQGEPHDVAPNGPSAGGLAIPQSSSSSSRPPTR.,sp|O96013|PAK4_HUMAN,4,3269.6,0.0,False
225,46,0,0.047062828439362395,0.004484618163712969,0.00022342042633651982,0.08032372570101826,AT-9283,none,0.0,non-responsive,.TYNNLDVSVTK.,.TYNNLDVSVTK.,sp|P54619|AAKG1_HUMAN,2,1253.6,0.0,False
226,46,0,0.010988123744655132,0.002998034072674004,0.01079600518031318,0.2640348153647719,BGT-226,none,0.0,non-responsive,.ARFEELNADLFR.,.ARFEELNADLFR.,sp|P11142|HSP7C_HUMAN,3,1480.7,0.0,False
227,46,0,0.031255208563243424,0.005021832400936238,0.0011394568790580148,0.14383210415304723,BMS-777607_withCAKI,none,0.0,non-responsive,.ETHEIVALKR.,.ETHEIVALKR.,sp|Q00535|CDK5_HUMAN,3,1195.7,0.0,False
228,46,0,0.021289625714608594,0.005969100879250916,0.00315598203845056,0.19867578090632773,BI-847325,none,0.0,non-responsive,.TPALVFEHVNNTDFK.,.TPALVFEHVNNTDFK.,sp|P68400|CSK21_HUMAN,2,1731.9,0.0,False
229,46,0,0.01001108149156734,0.002978603773391647,0.012783352622185069,0.2763937070948566,BYL-719,none,0.0,non-responsive,.KDEVYLNLVLDYVPETVYR.,.KDEVYLNLVLDYVPETVYR.,sp|P49841|GSK3B_HUMAN,2,2328.2,0.0,False
230,46,0,0.006211000411220085,0.0020496990042686027,0.017633433147503996,0.304359129990969,ARRY-380,none,0.0,non-responsive,.TTPSYVAFTDTER.,.TTPSYVAFTDTER.,sp|P11142|HSP7C_HUMAN,2,1487.7,0.0,False
231,46,0,0.017920290625691712,0.004254732216303031,0.004005764135307367,0.2045770662850812,AZD-2014,none,0.0,non-responsive,.RAPFDLFENK.,.RAPFDLFENK.,sp|P08238|HS90B_HUMAN,2,1236.6,0.0,False
232,46,0,0.02532779734123676,0.005000625810201055,0.0007515959479885825,0.13160834225175477,Alisertib,none,0.0,non-responsive,.FENAFLSHVVSQHQALLGTIR.,.FENAFLSHVVSQHQALLGTIR.,sp|P25705|ATPA_HUMAN,4,2367.2,0.0,False
233,46,0,0.01494007207956964,0.00504559430177822,0.0014634180854228083,0.1579830516250216,AT-9283,none,0.0,non-responsive,.DLKPSNILYVDESGNPEC+57.021LR.,.DLKPSNILYVDESGNPECLR.,sp|Q15418|KS6A1_HUMAN,3,2376.1,0.0,False
234,46,0,0.007429581475030832,0.0025264422830304258,0.004736244089486468,0.21039387116656552,Alectinib,none,0.0,non-responsive,.FTQAGSEVSALLGR.,.FTQAGSEVSALLGR.,sp|P06576|ATPB_HUMAN,2,1435.7,0.0,False
235,46,0,0.10878400757661125,0.0075168552650811075,0.003941870792953307,0.2045770662850812,Apitolisib,none,0.0,non-responsive,.ITASEALK.,.ITASEALK.,sp|Q13557|KCC2D_HUMAN,2,832.5,0.0,False
236,46,0,0.02327575648556734,0.005503496262968412,0.0002674663589881852,0.08463120478920018,AV-412,none,0.0,non-responsive,.ITC+57.021VETVVPEKNPPPER.,.ITCVETVVPEKNPPPER.,sp|Q06187|BTK_HUMAN,2,2022.0,0.0,False
237,46,0,0.018813808759732122,0.004559658826617119,0.0002118478193214934,0.08015773345410981,Amuvatinib,none,0.0,non-responsive,.AQFETLQQLVQHYSER.,.AQFETLQQLVQHYSER.,sp|P06241|FYN_HUMAN,2,1977.0,0.0,False
238,46,0,0.03709879089013272,0.005222210999988144,2.8562985123132698e-05,0.06265386055594918,BMS-754807,none,0.0,non-responsive,.SNDKVYENVTGLVK.,.SNDKVYENVTGLVK.,sp|Q05397|FAK1_HUMAN,2,1565.8,0.0,False
239,46,0,0.025755033615656748,0.004299970723388425,0.01010751924844547,0.2580113059793879,AZD-7762,none,0.0,non-responsive,.GDVLTIVAVTK.,.GDVLTIVAVTK.,sp|P41240|CSK_HUMAN,2,1115.6,0.0,False
240,46,0,0.040355201146709506,0.004029487765308099,0.03065954258661574,0.36427562593441176,AZD-1208,none,0.0,non-responsive,.ALDFFVPALHYEVDAQR.,.ALDFFVPALHYEVDAQR.,sp|Q6PHR2|ULK3_HUMAN,3,1991.0,0.0,False
241,46,0,0.014673192211190554,0.0034336771794139477,0.03736284948678882,0.3895578338195252,AMG-900,none,0.0,non-responsive,.KISPFEHQTYC+57.021QR.,.KISPFEHQTYCQR.,sp|P28482|MK01_HUMAN,3,1750.8,0.0,False
242,46,0,0.023581445448408855,0.004851328406835134,0.00422992522962876,0.20522078595871698,BGT-226,none,0.0,non-responsive,.VMEGTVAAQDEFYR.,.VMEGTVAAQDEFYR.,sp|P41240|CSK_HUMAN,2,1615.7,0.0,False
243,46,0,0.031149734710255176,0.004645581296385861,0.00019696937915324308,0.07868361650189579,AEW-541,none,0.0,non-responsive,.SLDNGGYYISPR.,.SLDNGGYYISPR.,sp|P07948|LYN_HUMAN,2,1341.6,0.0,False
244,46,0,0.026546833738785403,0.003343348346429126,0.004281404121176589,0.20563971052041657,AZD-7762,none,0.0,non-responsive,.VSDFGLTK.,.VSDFGLTK.,sp|P41240|CSK_HUMAN,2,866.4,0.0,False
245,46,0,0.019177053238338182,0.0049935399577177445,0.0008639196227600767,0.1385295801739095,Alisertib,none,0.0,non-responsive,.YYVTIIDAPGHR.,.YYVTIIDAPGHR.,sp|P68104|EF1A1_HUMAN,2,1404.7,0.0,False
246,46,0,0.014096354743955144,0.0036813617323517437,0.017742295295624752,0.304359129990969,Abemaciclib,none,0.0,non-responsive,.FYQGFLFSEKPEK.,.FYQGFLFSEKPEK.,sp|P78527|PRKDC_HUMAN,2,1619.8,0.0,False
247,46,0,0.012935483445857692,0.00422953491492364,0.003321212998771217,0.20101827682360715,Alisertib,none,0.0,non-responsive,.HVVFIAQR.,.HVVFIAQR.,sp|P62081|RS7_HUMAN,2,969.5,0.0,False
248,46,0,0.013476682470118581,0.0037763737214262004,0.0019119038411265024,0.16886405473672586,Amuvatinib,none,0.0,non-responsive,.FDDKPDYSYLR.,.FDDKPDYSYLR.,sp|P48730|KC1D_HUMAN,3,1418.6,0.0,False
249,46,0,0.021346458152890394,0.005203342833689875,0.004835629235856265,0.21055423250528593,BMS-690514,none,0.0,non-responsive,.VIEDNEYTAR.,.VIEDNEYTAR.,sp|P07948|LYN_HUMAN,2,1209.6,0.0,False
250,46,0,0.02253208007371774,0.002898423294682053,0.003752266612342499,0.2045770662850812,BMS-777607,none,0.0,non-responsive,.DIDIHEVR.,.DIDIHEVR.,sp|Q00839|HNRPU_HUMAN,2,996.5,0.0,False
251,46,0,0.03170130512893571,0.005385347813424508,0.0003046318603638835,0.08703180266041,Alvocidib,none,0.0,non-responsive,.SFLFQLLK.,.SFLFQLLK.,sp|Q00535|CDK5_HUMAN,2,995.6,0.0,False
252,46,0,0.012278865410013036,0.0033575327195461695,0.0011541160300550734,0.14411500559719423,Alisertib,none,0.0,non-responsive,.GYLDKLEPSK.,.GYLDKLEPSK.,sp|P25705|ATPA_HUMAN,2,1149.6,0.0,False
253,46,0,0.03880020660657227,0.0046866503854963515,0.0018619423935125657,0.16886405473672586,AZD-7762,none,0.0,non-responsive,.VADFGLAR.,.VADFGLAR.,sp|P12931|SRC_HUMAN,2,848.4,0.0,False
254,46,0,0.02087994806079208,0.003924295189514168,0.00310516252687531,0.1977816827953747,Barasertib_HQPA,none,0.0,non-responsive,.NLLLLANSTEEQQK.,.NLLLLANSTEEQQK.,sp|O75116|ROCK2_HUMAN,2,1600.8,0.0,False
255,46,0,0.01715250675980595,0.003916039156093553,0.004639413831000864,0.20935167678346378,AT-9283,none,0.0,non-responsive,.AHGGYSVFAGVGER.,.AHGGYSVFAGVGER.,sp|P06576|ATPB_HUMAN,2,1406.7,0.0,False
256,46,0,0.01647262458098031,0.004216184400892277,0.005377492262908512,0.21705532459181073,AT-13148,none,0.0,non-responsive,.QKIVQAEGEAEAAK.,.QKIVQAEGEAEAAK.,sp|Q99623|PHB2_HUMAN,2,1471.8,0.0,False
257,46,0,0.014768496645023294,0.0034253614059407177,0.00012246797180457569,0.07290394674065966,AT-9283,none,0.0,non-responsive,.EIHPPFKPATGRPEDTFYFDPEFTAK.,.EIHPPFKPATGRPEDTFYFDPEFTAK.,sp|P51812|KS6A3_HUMAN,4,3037.5,0.0,False
258,46,0,0.02126948830609101,0.0038845340986770876,0.0004936348133020268,0.11293592245555778,ASP-3026,none,0.0,non-responsive,.LQGEHQGSLIIHPR.,.LQGEHQGSLIIHPR.,sp|Q14289|FAK2_HUMAN,2,1584.8,0.0,False
259,46,0,0.020659193298868082,0.004261381659812864,0.0031659130838569763,0.19895428825179018,AT-13148,none,0.0,non-responsive,.VLALSVETDYTFPLAEK.,.VLALSVETDYTFPLAEK.,sp|P05388|RLA0_HUMAN,2,1896.0,0.0,False
260,46,0,0.015653887749383713,0.004598458386536464,7.76633925046603e-05,0.06650735231147029,Alisertib,none,0.0,non-responsive,.EHALLAYTLGVK.,.EHALLAYTLGVK.,sp|P68104|EF1A1_HUMAN,2,1314.7,0.0,False
261,46,0,0.020144127381592308,0.0034239790868667093,0.0002549515933264204,0.08346657353579164,AT-9283,none,0.0,non-responsive,.LSSSQGTIETSLQDIDSR.,.LSSSQGTIETSLQDIDSR.,sp|Q9UHD2|TBK1_HUMAN,2,1936.9,0.0,False
262,46,0,0.018758552811619797,0.004717264805668696,0.0034628121395822277,0.20276756164634047,AT-9283,none,0.0,non-responsive,.QTLDALNYLHDNK.,.QTLDALNYLHDNK.,sp|Q9H2G2|SLK_HUMAN,2,1544.8,0.0,False
263,46,0,0.017467783868053127,0.003311422006455414,0.0035936418229760825,0.2039255112078431,AT-9283,none,0.0,non-responsive,.ALDFFVPALHYEVDAQRK.,.ALDFFVPALHYEVDAQRK.,sp|Q6PHR2|ULK3_HUMAN,4,2119.1,0.0,False
264,46,0,0.018668541881088067,0.004844072619496884,0.0022212589076795017,0.18082579606997007,AT-9283,none,0.0,non-responsive,.AGPLAGGVTTFVALYDYESR.,.AGPLAGGVTTFVALYDYESR.,sp|P12931|SRC_HUMAN,2,2087.0,0.0,False
265,46,0,0.009807489346042076,0.003350739710437991,0.0008370008007942448,0.1385295801739095,BMS-387032,none,0.0,non-responsive,.FRHENVIGIR.,.FRHENVIGIR.,sp|P27361|MK03_HUMAN,3,1240.7,0.0,False
266,46,0,0.011147141911354718,0.0031522880230619877,0.01578842883155275,0.2956471406829003,ARRY-380,none,0.0,non-responsive,.EQVANSAFVER.,.EQVANSAFVER.,sp|P08238|HS90B_HUMAN,2,1249.6,0.0,False
267,46,0,0.019609420685587745,0.005096393156650094,0.0007880860274063637,0.13325426477465568,AT-9283,none,0.0,non-responsive,.C+57.021YLHETLETIINR.,.CYLHETLETIINR.,sp|P54619|AAKG1_HUMAN,3,1718.8,0.0,False
268,46,0,0.0360554210794955,0.0038090729718918996,0.00698597387690507,0.23017539013153407,BMS-777607,none,0.0,non-responsive,.AAIISAEGDSK.,.AAIISAEGDSK.,sp|P35232|PHB_HUMAN,2,1061.5,0.0,False
269,46,0,0.022863037667617596,0.004517353485426567,0.006661863188682004,0.22775812087690717,ASP-3026,none,0.0,non-responsive,.YLAEVAAGDDKK.,.YLAEVAAGDDKK.,sp|P63104|1433Z_HUMAN,2,1279.6,0.0,False
270,46,0,0.026882884108594005,0.003823084907864188,0.00010371888956375896,0.06973484770845513,Baricitinib,none,0.0,non-responsive,.TQFNSLQQLVAYYSK.,.TQFNSLQQLVAYYSK.,sp|P12931|SRC_HUMAN,2,1789.9,0.0,False
271,46,0,0.021517381318012268,0.004311722357144741,0.00868922484060101,0.2470743795351314,BMS-754807,none,0.0,non-responsive,.GYISPYFINTSK.,.GYISPYFINTSK.,sp|P10809|CH60_HUMAN,2,1389.7,0.0,False
272,46,0,0.01633114219682843,0.004570246589493413,0.00181916595135667,0.16886405473672586,Apitolisib,none,0.0,non-responsive,.VLIVYAHQEPK.,.VLIVYAHQEPK.,sp|P16083|NQO2_HUMAN,2,1296.7,0.0,False
273,46,0,0.03796983899141554,0.00450536729764846,0.0002716225703956933,0.08569573310603484,Apitolisib,none,0.0,non-responsive,.AGNILLNTEGHAK.,.AGNILLNTEGHAK.,sp|Q13043|STK4_HUMAN,2,1337.7,0.0,False
274,46,0,0.02270618741342475,0.004549923644885948,0.002828011468825839,0.19271615938223435,Baricitinib,none,0.0,non-responsive,.ESGDREALQLWSALQLK.,.ESGDREALQLWSALQLK.,sp|Q9HA64|KT3K_HUMAN,3,1944.0,0.0,False
275,46,0,0.07315272184724553,0.0069783447072501855,0.00033209085259489264,0.09191102714464529,AT-9283,none,0.0,non-responsive,.DIKPENLLLGSAGELK.,.DIKPENLLLGSAGELK.,sp|O14965|AURKA_HUMAN,2,1696.9,0.0,False
276,46,0,0.01308822886774558,0.0034989664966449136,0.0010212158454019685,0.1420123349691711,AT-9283,none,0.0,non-responsive,.DIDSFVPSK.,.DIDSFVPSK.,sp|P10515|ODP2_HUMAN,2,1007.5,0.0,False
277,46,0,0.026116742704724843,0.004469730056846194,0.008129831922998623,0.24297535814768625,AZD-7762,none,0.0,non-responsive,.QVC+57.021AGNTHFAVVTVEK.,.QVCAGNTHFAVVTVEK.,sp|Q8TD19|NEK9_HUMAN,2,1816.9,0.0,False
278,46,0,0.017169640746337537,0.004084492620692262,0.0007342540732715698,0.12962039892183186,BMS-387032,none,0.0,non-responsive,.HSSLITPLQAVAQR.,.HSSLITPLQAVAQR.,sp|P78527|PRKDC_HUMAN,2,1520.8,0.0,False
279,46,0,0.022839159880567575,0.0038902966947445224,0.005875661628718189,0.22157730728684213,AMG-900,none,0.0,non-responsive,.SLGTADVHFER.,.SLGTADVHFER.,sp|Q86V81|THOC4_HUMAN,2,1231.6,0.0,False
280,46,0,0.015005902114249589,0.004193190682430198,0.001294161976599877,0.15123945820491974,Alisertib,none,0.0,non-responsive,.DLKPNNLLLDENGVLK.,.DLKPNNLLLDENGVLK.,sp|P50613|CDK7_HUMAN,3,1795.0,0.0,False
281,46,0,0.02561815316241306,0.0057395616346255654,0.00014748550421190003,0.07321166898298515,AT-9283,none,0.0,non-responsive,.FVHSENQHLVSPEALDFLDK.,.FVHSENQHLVSPEALDFLDK.,sp|P68400|CSK21_HUMAN,3,2325.1,0.0,False
282,46,0,0.01637994705342804,0.0037308683272364324,0.004166012710244665,0.20522078595871698,Barasertib_HQPA,none,0.0,non-responsive,.VQVEYKGETK.,.VQVEYKGETK.,sp|P11142|HSP7C_HUMAN,3,1180.6,0.0,False
283,46,0,0.018385385532385456,0.004727172988258588,0.011464493977657223,0.2658873158577318,AMG-208_withCAKI,none,0.0,non-responsive,.FPSHFSSDLKDLLR.,.FPSHFSSDLKDLLR.,sp|P17612|KAPCA_HUMAN,3,1661.8,0.0,False
284,46,0,0.007677797331694462,0.0026633527575700964,0.013160022556189237,0.2784310354103976,AT-9283,none,0.0,non-responsive,.EVQTNDLKEVVNK.,.EVQTNDLKEVVNK.,sp|P61247|RS3A_HUMAN,2,1515.8,0.0,False
285,46,0,0.0469011199929199,0.006565734851260515,0.010499665459578653,0.2618624793059009,Baricitinib,none,0.0,non-responsive,.SPPILPPHLLQVILNK.,.SPPILPPHLLQVILNK.,sp|O43741|AAKB2_HUMAN,2,1779.1,0.0,False
286,46,0,0.0185824783955451,0.0038292860124451078,0.0046008627457287295,0.20918660144560025,AZD-1208,none,0.0,non-responsive,.SLASDITDEQKK.,.SLASDITDEQKK.,sp|P16083|NQO2_HUMAN,2,1334.7,0.0,False
287,46,0,0.01792809905420783,0.004145159662988778,0.002261961063060006,0.18201417812826007,ASP-3026,none,0.0,non-responsive,.KPLPPEPAAAPVSTSELK.,.KPLPPEPAAAPVSTSELK.,sp|Q06187|BTK_HUMAN,3,1832.0,0.0,False
288,46,0,0.017794880718748775,0.004029466163763782,7.788989399381482e-05,0.06650735231147029,AZD-5438,none,0.0,non-responsive,.LTSDDVKEQIYK.,.LTSDDVKEQIYK.,sp|P62277|RS13_HUMAN,2,1438.7,0.0,False
289,46,0,0.011400978751672666,0.0035471060209751495,0.010664581310370356,0.2637489915600143,Barasertib_HQPA,none,0.0,non-responsive,.ASSSLGLQDFDLLR.,.ASSSLGLQDFDLLR.,sp|P41743|KPCI_HUMAN,2,1521.8,0.0,False
290,46,0,0.007822125209724369,0.002106436443484134,0.01004399323047062,0.2577450148056386,Alisertib,none,0.0,non-responsive,.VGINYQPPTVVPGGDLAK.,.VGINYQPPTVVPGGDLAK.,sp|P68363|TBA1B_HUMAN,2,1825.0,0.0,False
291,46,0,0.03222419655701441,0.00693543751981856,0.00652030234906961,0.22775812087690717,Alectinib,none,0.0,non-responsive,.LTLYDIAHTPGVAADLSHIETK.,.LTLYDIAHTPGVAADLSHIETK.,sp|P40926|MDHM_HUMAN,4,2365.2,0.0,False
292,46,0,0.01601149938881235,0.003953703181055816,0.003503334721857739,0.20276756164634047,Apatinib,none,0.0,non-responsive,.LSRPFQSIIHAK.,.LSRPFQSIIHAK.,sp|Q16539|MK14_HUMAN,3,1396.8,0.0,False
293,46,0,0.01747569790359229,0.003600996273166718,7.657731533561986e-05,0.06650735231147029,Afatinib,none,0.0,non-responsive,.LVGTPGAELLK.,.LVGTPGAELLK.,sp|Q16539|MK14_HUMAN,2,1097.6,0.0,False
294,46,0,0.016507341169696182,0.00466214402886489,0.0022843771476710986,0.18201417812826007,AZD-1208,none,0.0,non-responsive,.NLTLQLEQESNKR.,.NLTLQLEQESNKR.,sp|Q13464|ROCK1_HUMAN,2,1572.8,0.0,False
295,46,0,0.026336016312630946,0.005338666895610989,0.002512286508976968,0.18867064869927044,AT-7519,none,0.0,non-responsive,.DSYVGDEAQSK.,.DSYVGDEAQSK.,sp|P60709|ACTB_HUMAN,2,1198.5,0.0,False
296,46,0,0.025712105704703794,0.0057377790108752965,9.402199826186298e-05,0.06738139431726822,BMS-690514,none,0.0,non-responsive,.HYTNASDGLC+57.021TR.,.HYTNASDGLCTR.,sp|P06239|LCK_HUMAN,2,1451.6,0.0,False
297,46,0,0.023516685026870994,0.0032757016368415775,0.00010976438613496736,0.07233141364851868,AT-9283,none,0.0,non-responsive,.IISSNQELIYEGR.,.IISSNQELIYEGR.,sp|Q9UHD2|TBK1_HUMAN,2,1521.8,0.0,False
298,46,0,0.043724379528646586,0.005029826757488502,0.007350279971951943,0.23432350194783216,AZD-1480,none,0.0,non-responsive,.KPPRPGAPGHLGSLASLSSPADSYNEGVK.,.KPPRPGAPGHLGSLASLSSPADSYNEGVK.,sp|Q05397|FAK1_HUMAN,3,2889.5,0.0,False
299,46,0,0.06796883769183303,0.010928635061436617,0.005028588413050579,0.21297047303163205,AT-13148,none,0.0,non-responsive,.APEIMLNSK.,.APEIMLNSK.,sp|P28482|MK01_HUMAN,2,1002.5,0.0,False
300,46,0,0.009119802719071653,0.0038481804648825375,0.0034818448148078002,0.20276756164634047,Barasertib_HQPA,none,0.0,non-responsive,.PIFGSLHHVPDLSC+57.021R.,.PIFGSLHHVPDLSCR.,sp|Q8TD19|NEK9_HUMAN,3,1791.9,0.0,False
301,46,0,0.01747454942645965,0.00377802505083674,0.0005533148573819836,0.11656864519566643,Afatinib,none,0.0,non-responsive,.LVGTPGAELLKK.,.LVGTPGAELLKK.,sp|Q16539|MK14_HUMAN,3,1225.7,0.0,False
302,46,0,0.017483415567609246,0.004632197041660005,0.012634254987398633,0.27557897805125064,AZD-2014,none,0.0,non-responsive,.TFIAIKPDGVQR.,.TFIAIKPDGVQR.,sp|P15531|NDKA_HUMAN,2,1344.7,0.0,False
303,46,0,0.032102620565295066,0.0035969042573499223,0.0011761187962660053,0.1446991877256131,BMS-690514,none,0.0,non-responsive,.VTLLNAPTK.,.VTLLNAPTK.,sp|Q8TD19|NEK9_HUMAN,2,956.6,0.0,False
304,46,0,0.007778312135620093,0.0022832881049767227,0.0002926681680790753,0.08703180266041,Barasertib_HQPA,none,0.0,non-responsive,.EKPYFPIPEEYTFIQNVPLEDR.,.EKPYFPIPEEYTFIQNVPLEDR.,sp|Q00839|HNRPU_HUMAN,3,2724.3,0.0,False
305,46,0,0.008483995622426065,0.00233609260380755,0.025276479430833533,0.34142488973984053,AT-9283,none,0.0,non-responsive,.TVSLLDENNVSSYLSK.,.TVSLLDENNVSSYLSK.,sp|P78527|PRKDC_HUMAN,2,1768.9,0.0,False
306,46,0,0.010932323827154488,0.003362565212957412,0.005832277452933771,0.22157730728684213,AT-9283,none,0.0,non-responsive,.LLLQVQHASK.,.LLLQVQHASK.,sp|P05141|ADT2_HUMAN,3,1136.7,0.0,False
307,46,0,0.017770911553338573,0.005238680918314217,0.029249144437204423,0.3597893251880117,BI-2536,none,0.0,non-responsive,.HPQLLYESK.,.HPQLLYESK.,sp|P48729|KC1A_HUMAN,2,1114.6,0.0,False
308,46,0,0.025563187974287877,0.00546168734329523,0.0010846132673099722,0.1420123349691711,AT-9283,none,0.0,non-responsive,.EPFFHGQDNYDQLVR.,.EPFFHGQDNYDQLVR.,sp|P19784|CSK22_HUMAN,2,1864.8,0.0,False
309,46,0,0.03033526230454115,0.005195266568527291,0.03455351894069436,0.3826024022204498,Alectinib,none,0.0,non-responsive,.GC+57.021NPTHLADFTQVQTIQYSNSEDKDR.,.GCNPTHLADFTQVQTIQYSNSEDKDR.,sp|Q05397|FAK1_HUMAN,3,3081.4,0.0,False
310,46,0,0.03232726164486068,0.00276073238358088,0.005211552102008446,0.2150399287695821,BI-2536,none,0.0,non-responsive,.SSTVTEAPIAVVTSR.,.SSTVTEAPIAVVTSR.,sp|Q8TD19|NEK9_HUMAN,2,1517.8,0.0,False
311,46,0,0.031798132699307764,0.002925832312108705,0.00809714577652762,0.24297535814768625,BMS-754807,none,0.0,non-responsive,.LQQENLQIFTQLQK.,.LQQENLQIFTQLQK.,sp|Q8TD19|NEK9_HUMAN,2,1730.9,0.0,False
312,46,0,0.028513427649352618,0.005154412739238373,2.5780353283791128e-05,0.06265386055594918,AT-9283,none,0.0,non-responsive,.LPVIDPESGNTLYILTHKR.,.LPVIDPESGNTLYILTHKR.,sp|P54619|AAKG1_HUMAN,3,2166.2,0.0,False
313,46,0,0.009483381864242758,0.0028656147733679372,0.015184478864043772,0.29028173524379675,AMG-208_withCAKI,none,0.0,non-responsive,.VGPVSLPR.,.VGPVSLPR.,sp|Q12802|AKP13_HUMAN,2,824.5,0.0,False
314,46,0,0.016919871516360936,0.005264309631086211,0.011570864161505025,0.2661470547970074,BGT-226,none,0.0,non-responsive,.SLTNDWEDHLAVK.,.SLTNDWEDHLAVK.,sp|P08238|HS90B_HUMAN,2,1527.7,0.0,False
315,46,0,0.01149120691833073,0.0032338360658009475,0.00358280641383515,0.20345869073478476,Alisertib,none,0.0,non-responsive,.QIFLGGVDKR.,.QIFLGGVDKR.,sp|P05141|ADT2_HUMAN,2,1132.6,0.0,False
316,46,0,0.02874744057787599,0.006630451587509861,0.0001397319202632251,0.07290394674065966,Barasertib_HQPA,none,0.0,non-responsive,.HPWIC+57.021QR.,.HPWICQR.,sp|Q13557|KCC2D_HUMAN,2,1053.5,0.0,False
317,46,0,0.02012598811337369,0.005066162780225258,0.0011984830010180743,0.1446991877256131,AV-412,none,0.0,non-responsive,.HYVVC+57.021STPQSQYYLAEK.,.HYVVCSTPQSQYYLAEK.,sp|Q06187|BTK_HUMAN,2,2130.0,0.0,False
318,46,0,0.03127657529026415,0.006751124627391062,0.00014497139888269573,0.07290394674065966,AT-9283,none,0.0,non-responsive,.LIDWGLAEFYHPAQEYNVR.,.LIDWGLAEFYHPAQEYNVR.,sp|P19784|CSK22_HUMAN,2,2321.1,0.0,False
319,46,0,0.012640407202671467,0.004255901182786736,0.0018602306005693833,0.16886405473672586,Alectinib,none,0.0,non-responsive,.HDPTSANLLQLVR.,.HDPTSANLLQLVR.,sp|Q9BZL6|KPCD2_HUMAN,2,1463.8,0.0,False
320,46,0,0.018567037421041013,0.0036468249120071355,0.0026589034113515516,0.19094677198099427,Barasertib_HQPA,none,0.0,non-responsive,.TSEVYVWGGGK.,.TSEVYVWGGGK.,sp|Q8TD19|NEK9_HUMAN,2,1182.6,0.0,False
321,46,0,0.019336422747524794,0.004639634286221655,0.0004457793440679369,0.10671232299276767,Barasertib_HQPA,none,0.0,non-responsive,.NKEVYSWGC+57.021GEYGR.,.NKEVYSWGCGEYGR.,sp|Q8TD19|NEK9_HUMAN,2,1761.7,0.0,False
322,46,0,0.017037575467657162,0.005989574081448045,2.7614985386598673e-05,0.06265386055594918,Alisertib,none,0.0,non-responsive,.STFVLDEFKR.,.STFVLDEFKR.,sp|P26641|EF1G_HUMAN,3,1241.6,0.0,False
323,46,0,0.023349039953514845,0.0033663849712397666,7.231489768429029e-05,0.06650735231147029,AT-9283,none,0.0,non-responsive,.TTEENPIFVVSR.,.TTEENPIFVVSR.,sp|Q9UHD2|TBK1_HUMAN,2,1391.7,0.0,False
324,46,0,0.06395142952519173,0.006134177440158648,0.0010852857831123643,0.1420123349691711,Apitolisib,none,0.0,non-responsive,.SPITELLEQNGGYGSATLSR.,.SPITELLEQNGGYGSATLSR.,sp|O14976|GAK_HUMAN,2,2093.0,0.0,False
325,46,0,0.07228335840346188,0.006023573103992475,0.01143972700729699,0.2655405530018541,AMG-208_withCAKI,none,0.0,non-responsive,.GHLENNPALEK.,.GHLENNPALEK.,sp|P05388|RLA0_HUMAN,2,1221.6,0.0,False
326,46,0,0.012663229978245844,0.0037717462852408733,0.020013684345358343,0.3162647271368214,Alvocidib,none,0.0,non-responsive,.GLAPDLPEDLYHLIK.,.GLAPDLPEDLYHLIK.,sp|P62277|RS13_HUMAN,3,1693.9,0.0,False
327,46,0,0.022377538989343058,0.00638662751794699,0.009282731219428816,0.2507323979046073,Alectinib,none,0.0,non-responsive,.VAPEEHPVLLTEAPLNPK.,.VAPEEHPVLLTEAPLNPK.,sp|P60709|ACTB_HUMAN,2,1954.0,0.0,False
328,46,0,0.010822180862638517,0.004064900443394503,0.009119302488993153,0.25020562469889635,Alectinib,none,0.0,non-responsive,.LLC+57.021GLLAER.,.LLCGLLAER.,sp|P14174|MIF_HUMAN,2,1101.6,0.0,False
329,46,2,0.046686017810463824,0.004860462022782154,5.422589347410844e-06,0.038637569191024346,ASP-3026,decreasing,0.009720924045564308,drug-specific responsive (decreasing),.LQPQEISPPPTANLDR.,.LQPQEISPPPTANLDR.,sp|Q05397|FAK1_HUMAN,2,1775.9,0.0,False
330,46,0,0.013230374916174495,0.003826418812657197,0.014423245555892054,0.2844427522916149,BMS-387032,none,0.0,non-responsive,.HGSLQEYLQNDTGSK.,.HGSLQEYLQNDTGSK.,sp|P42685|FRK_HUMAN,2,1676.8,0.0,False
331,46,0,0.015381181705404468,0.003624345065875759,0.00023904104460486999,0.08330374015475707,BMS-690514,none,0.0,non-responsive,.HLLIGVSSDR.,.HLLIGVSSDR.,sp|P36542|ATPG_HUMAN,2,1096.6,0.0,False
332,46,0,0.020970680362022782,0.004423956773406572,0.005235656886868604,0.2150399287695821,Alectinib,none,0.0,non-responsive,.EKLKEEENTVGR.,.EKLKEEENTVGR.,sp|Q9H479|FN3K_HUMAN,3,1431.7,0.0,False
333,46,0,0.02967526297665371,0.0035693076282266563,0.010637797848627393,0.26348576200256657,AZD-6482,none,0.0,non-responsive,.VASEAPLEHKPQVEA+79.959SSPR.,.VASEAPLEHKPQVEASSPR.,sp|Q8TD19|NEK9_HUMAN,3,2112.0,0.0,False
334,46,0,0.02663775864355488,0.004105473316977846,0.013228657046988387,0.27850955687545687,Baricitinib,none,0.0,non-responsive,.VTHAVVTVPAYFNDAQR.,.VTHAVVTVPAYFNDAQR.,sp|P11021|BIP_HUMAN,2,1888.0,0.0,False
335,46,0,0.015911106457021547,0.004179679535103953,0.0004662082191196539,0.10856108234576504,Alectinib,none,0.0,non-responsive,.LAYNEEQIHK.,.LAYNEEQIHK.,sp|Q9UHD2|TBK1_HUMAN,2,1244.6,0.0,False
336,46,0,0.02023801692120724,0.004623092467399574,7.923602402215854e-05,0.06650735231147029,AMG-208,none,0.0,non-responsive,.LHAEFAAERDWEQFHQPR.,.LHAEFAAERDWEQFHQPR.,sp|Q9H773|DCTP1_HUMAN,4,2267.1,0.0,False
337,46,0,0.010822766564165885,0.003596075805819515,0.009695834531888851,0.2543253547667127,AMG-208_withCAKI,none,0.0,non-responsive,.LFPDVLFPADSEHNKLK.,.LFPDVLFPADSEHNKLK.,sp|P45983|MK08_HUMAN,4,1970.0,0.0,False
338,46,0,0.02365053499039089,0.004250691938013448,0.017293204297602463,0.3012418087183199,BI-847325,none,0.0,non-responsive,.VIQQSLEQEEAEHK.,.VIQQSLEQEEAEHK.,sp|O75116|ROCK2_HUMAN,2,1667.8,0.0,False
339,46,0,0.03501342139156144,0.0045090608604714845,0.0012568507717054022,0.14832072656499468,Alvocidib,none,0.0,non-responsive,.NRETHEIVALKR.,.NRETHEIVALKR.,sp|Q00535|CDK5_HUMAN,4,1465.8,0.0,False
340,46,0,0.04671277848650173,0.006089674529416717,1.6871842852135546e-05,0.05377893895694691,BMS-754807,none,0.0,non-responsive,.LLNSDLGELINK.,.LLNSDLGELINK.,sp|Q05397|FAK1_HUMAN,2,1328.7,0.0,False
341,46,0,0.02190556931032331,0.005911081977346377,0.007372542913329255,0.2346526899187583,Alisertib,none,0.0,non-responsive,.GKYSEVFEAINITNNER.,.GKYSEVFEAINITNNER.,sp|P19784|CSK22_HUMAN,3,1984.0,0.0,False
342,46,0,0.021346458152890394,0.005203342833689875,0.004835629235856265,0.21055423250528593,BMS-690514,none,0.0,non-responsive,.VIEDNEY+79.962TAR.,.VIEDNEYTAR.,sp|P07948|LYN_HUMAN,2,1289.5,0.0,False
343,46,0,0.02417601606926795,0.004350442432127297,0.018363958789537144,0.30739194635241573,Apitolisib,none,0.0,non-responsive,.NSATSADEQPHIGNYR.,.NSATSADEQPHIGNYR.,sp|Q7KZI7|MARK2_HUMAN,2,1759.8,0.0,False
344,46,0,0.014497821379457734,0.004167094667918949,0.006072070644320747,0.2220960657474253,BMS-777607,none,0.0,non-responsive,.ALLFIPR.,.ALLFIPR.,sp|P08238|HS90B_HUMAN,2,829.5,0.0,False
345,46,0,0.008419467797009481,0.0029451521813832833,0.01151658076711593,0.2661470547970074,AZD-8186,none,0.0,non-responsive,.NILVNSNLVC+57.021K.,.NILVNSNLVCK.,sp|P29323|EPHB2_HUMAN,2,1330.7,0.0,False
346,46,0,0.028026036346655157,0.005307661051752453,0.0004467096272764751,0.10671232299276767,AT-9283,none,0.0,non-responsive,.VLTPEEQLADKLR.,.VLTPEEQLADKLR.,sp|O75822|EIF3J_HUMAN,2,1511.8,0.0,False
347,46,0,0.01933243270719756,0.0032265571476708327,0.0022501801443394575,0.18199005770391888,BMS-777607,none,0.0,non-responsive,.GGGQEERPFVAR.,.GGGQEERPFVAR.,sp|Q9HA64|KT3K_HUMAN,3,1302.6,0.0,False
348,46,0,0.04171392282607507,0.005214655896311958,0.002402226754623012,0.1879191048345285,Alectinib,none,0.0,non-responsive,.YLATLNFVHR.,.YLATLNFVHR.,sp|Q08345|DDR1_HUMAN,2,1233.7,0.0,False
349,46,0,0.021144010662684905,0.004919471198399631,0.0008724943867630581,0.1385295801739095,BMS-690514,none,0.0,non-responsive,.VLSIGDGIAR.,.VLSIGDGIAR.,sp|P25705|ATPA_HUMAN,2,1000.6,0.0,False
350,46,0,0.01320852935070483,0.0036213413154088585,0.009827362783201543,0.2554788833292625,BI-2536,none,0.0,non-responsive,.HIEIFTDLSSR.,.HIEIFTDLSSR.,sp|P13010|XRCC5_HUMAN,2,1317.7,0.0,False
351,46,0,0.06428350964635567,0.0071846517402776346,0.00039536101798743484,0.10224466972192815,Abemaciclib,none,0.0,non-responsive,.DSGKVTTVVATLGQGPER.,.DSGKVTTVVATLGQGPER.,sp|P49840|GSK3A_HUMAN,2,1814.9,0.0,False
352,46,0,0.026999812263004998,0.0035331831659399194,0.015337928598045109,0.291244161011679,AT-9283,none,0.0,non-responsive,.TSIAIDTIINQK.,.TSIAIDTIINQK.,sp|P25705|ATPA_HUMAN,2,1316.7,0.0,False
353,46,0,0.016574044138266027,0.004991000381026275,0.030127211930526906,0.363109446413658,Alisertib,none,0.0,non-responsive,.EFHLNESGDPSSK.,.EFHLNESGDPSSK.,sp|Q01105|SET_HUMAN,2,1446.6,0.0,False
354,46,0,0.015421312689897734,0.0032696222387221634,0.0021609639952222285,0.17852933845107893,AT-9283,none,0.0,non-responsive,.LVINTEEVFRPYAK.,.LVINTEEVFRPYAK.,sp|P78527|PRKDC_HUMAN,2,1678.9,0.0,False
355,46,0,0.009083901065045747,0.0029773955975302214,0.016242471945384432,0.29742646617801105,AT-9283,none,0.0,non-responsive,.KDIDSFVPSK.,.KDIDSFVPSK.,sp|P10515|ODP2_HUMAN,2,1135.6,0.0,False
356,46,0,0.013884619221921392,0.004862169723786059,0.0004901365381478096,0.11261173137083909,Alisertib,none,0.0,non-responsive,.NEPQNATGAPGR.,.NEPQNATGAPGR.,sp|P51148|RAB5C_HUMAN,2,1211.6,0.0,False
357,46,0,0.014259592020944697,0.003122672430231269,0.01282855138006033,0.27667311468668926,AZD-4547,none,0.0,non-responsive,.AQFLVEK.,.AQFLVEK.,sp|Q99623|PHB2_HUMAN,2,834.5,0.0,False
358,46,0,0.043573256717351155,0.0057854117312597,0.03175219080610936,0.3709736811852917,Barasertib,none,0.0,non-responsive,.HFNAPSHIR.,.HFNAPSHIR.,sp|P61254|RL26_HUMAN,3,1078.5,0.0,False
359,46,0,0.02885534853292639,0.004418075671010909,0.0007979528018604866,0.13429309868325437,BMS-754807,none,0.0,non-responsive,.TTLLYFYQQLR.,.TTLLYFYQQLR.,sp|Q14289|FAK2_HUMAN,2,1445.8,0.0,False
360,46,0,0.01225558518393674,0.0028125309018407663,0.0013494664720755261,0.1523285785712029,Abemaciclib,none,0.0,non-responsive,.ILFRPVASQLPR.,.ILFRPVASQLPR.,sp|P35232|PHB_HUMAN,3,1396.8,0.0,False
361,46,0,0.010528535953465801,0.0025948944557889477,0.00679712965194227,0.22782522851644013,BI-2536,none,0.0,non-responsive,.IINEPTAAAIAYGLDKR.,.IINEPTAAAIAYGLDKR.,sp|P11021|BIP_HUMAN,2,1816.0,0.0,False
362,46,0,0.030720279459869475,0.004924750738605665,0.001815885509282124,0.16886405473672586,AEE-788,none,0.0,non-responsive,.YESLTDPSKLDSGK.,.YESLTDPSKLDSGK.,sp|P08238|HS90B_HUMAN,2,1539.7,0.0,False
363,46,0,0.01531234203411774,0.003968615819118437,0.001971766907521462,0.170594111985347,AZD-2014,none,0.0,non-responsive,.ELISNASDALDKIR.,.ELISNASDALDKIR.,sp|P08238|HS90B_HUMAN,2,1544.8,0.0,False
364,46,0,0.013493492331714773,0.0030646228784937724,0.005930264335634867,0.22157730728684213,AT-9283,none,0.0,non-responsive,.GTIEILSDVQLIK.,.GTIEILSDVQLIK.,sp|P05388|RLA0_HUMAN,2,1428.8,0.0,False
365,46,0,0.011900508686683265,0.004440824030595274,0.01568784839853547,0.2942729267546396,AXL-1717,none,0.0,non-responsive,.VYNVTQHAVGIVVNK.,.VYNVTQHAVGIVVNK.,sp|P46778|RL21_HUMAN,2,1640.9,0.0,False
366,46,0,0.02375211020448554,0.006197555765237252,0.0013673984119207973,0.1523285785712029,BI-847325,none,0.0,non-responsive,.HTDDEMTG+95.963YVATR.,.HTDDEMTGYVATR.,sp|Q16539|MK14_HUMAN,2,1591.6,0.00229345,False
367,46,0,0.009271432198412739,0.003042538173208903,0.004004281870453475,0.2045770662850812,AT-9283,none,0.0,non-responsive,.SEDLLDYGPFR.,.SEDLLDYGPFR.,sp|P04843|RPN1_HUMAN,2,1311.6,0.0,False
368,46,0,0.0115637346518421,0.0036818649379323125,0.031623289942291084,0.3705250288461334,BMS-777607,none,0.0,non-responsive,.KGNLVYIIDFGLAK.,.KGNLVYIIDFGLAK.,sp|P48730|KC1D_HUMAN,2,1550.9,0.0,False
369,46,0,0.018181919895910944,0.004807349985042763,0.016864755889922325,0.2989329431212177,Bafetinib,none,0.0,non-responsive,.VLEEHGEWWK.,.VLEEHGEWWK.,sp|P07948|LYN_HUMAN,3,1312.6,0.0,False
370,46,0,0.008625942367778895,0.0026699130781334046,0.01660212738552052,0.298745629835109,BI-2536,none,0.0,non-responsive,.NFILDQTNVSAAAQR.,.NFILDQTNVSAAAQR.,sp|Q00839|HNRPU_HUMAN,2,1647.8,0.0,False
371,46,0,0.023291990150811088,0.003899185596855461,0.0003051980472312533,0.08703180266041,ASP-3026,none,0.0,non-responsive,.LIGSVDDLLPSLPSSSR.,.LIGSVDDLLPSLPSSSR.,sp|Q14289|FAK2_HUMAN,2,1755.9,0.0,False
372,46,0,0.0201405694021846,0.003779967915655215,0.0011403959281367142,0.14383210415304723,AZD-5363,none,0.0,non-responsive,.SQTDKDYYQLQAILEAERR.,.SQTDKDYYQLQAILEAERR.,sp|Q13464|ROCK1_HUMAN,4,2327.1,0.0,False
373,46,0,0.016551160633319562,0.004442165772887221,0.0025245585114498322,0.18867064869927044,Barasertib_HQPA,none,0.0,non-responsive,.NAPSTAGLGYGSWEIDPK.,.NAPSTAGLGYGSWEIDPK.,sp|Q06187|BTK_HUMAN,2,1862.9,0.0,False
374,46,0,0.02671225261357978,0.004405048970687903,0.0012273070731794824,0.14660295695749168,AMG-900,none,0.0,non-responsive,.VDLFNDLNR.,.VDLFNDLNR.,sp|Q86YS7|C2CD5_HUMAN,2,1105.5,0.0,False
375,46,0,0.014915008852267864,0.0036282537268745364,0.002720350314232253,0.1912818123811847,AZD-8055,none,0.0,non-responsive,.VVDALGNAIDGKGPIGSK.,.VVDALGNAIDGKGPIGSK.,sp|P25705|ATPA_HUMAN,2,1710.9,0.0,False
376,46,0,0.018375654771165,0.0036168168817853437,0.018901623829523418,0.3106279236160339,Barasertib_HQPA,none,0.0,non-responsive,.LLGQFTLIGIPPAPR.,.LLGQFTLIGIPPAPR.,sp|P38646|GRP75_HUMAN,2,1592.9,0.0,False
377,46,0,0.013227982207532246,0.0033015738696036733,0.06395919682542316,0.4564859736330417,AZD-7762,none,0.0,non-responsive,.TKPYIQVDIGGGQTK.,.TKPYIQVDIGGGQTK.,sp|P11021|BIP_HUMAN,2,1604.8,0.0,False
378,46,0,0.014020162553001675,0.002959363481395195,0.06559296868979422,0.46109803214018985,Amuvatinib,none,0.0,non-responsive,.SANILLDEAFTAK.,.SANILLDEAFTAK.,sp|Q9NWZ3|IRAK4_HUMAN,2,1392.7,0.0,False
379,46,0,0.015788265939959634,0.0030883699926666044,0.05225127447713793,0.4262946070222769,AZD-1480,none,0.0,non-responsive,.AVTEQGHELSNEER.,.AVTEQGHELSNEER.,sp|P31946|1433B_HUMAN,2,1598.7,0.0,False
380,46,0,0.010692154307715328,0.0034975251523545266,0.012805313034028303,0.27667311468668926,AT-9283,none,0.0,non-responsive,.ASGNYATVISHNPETK.,.ASGNYATVISHNPETK.,sp|P62917|RL8_HUMAN,2,1688.8,0.0,False
381,46,0,0.017352025295242796,0.004527692410676873,0.002790571759353923,0.19271615938223435,AMG-208_withCAKI,none,0.0,non-responsive,.IHNPDEPETR.,.IHNPDEPETR.,sp|Q86YS7|C2CD5_HUMAN,2,1207.6,0.0,False
382,46,0,0.015062393602584438,0.004494127069707455,0.007102853469930078,0.23116850774390477,Alisertib,none,0.0,non-responsive,.IGSGEFGSVFK.,.IGSGEFGSVFK.,sp|P30291|WEE1_HUMAN,2,1127.6,0.0,False
383,46,0,0.020608830238716788,0.0038331184873514825,0.00043372220329369535,0.10671232299276767,AT-7519,none,0.0,non-responsive,.IRLESEEEGVPSTAIR.,.IRLESEEEGVPSTAIR.,sp|P06493|CDK1_HUMAN,2,1785.9,0.0,False
384,46,0,0.013679197515553626,0.0033881811863567595,0.007861715552822569,0.23924509239277117,AV-412,none,0.0,non-responsive,.QLLDTTDIQGEEFAK.,.QLLDTTDIQGEEFAK.,sp|O43353|RIPK2_HUMAN,2,1707.8,0.0,False
385,46,0,0.01696574764828241,0.0037551029651396927,0.017050312325087507,0.29954215510976545,Alisertib,none,0.0,non-responsive,.NVTNNFDERPISVGGNK.,.NVTNNFDERPISVGGNK.,sp|Q9NWZ3|IRAK4_HUMAN,2,1860.9,0.0,False
386,46,0,0.029454641470289637,0.0030859030552539022,0.005948871708309826,0.22157730728684213,AZD-7762,none,0.0,non-responsive,.GSLVDYLR.,.GSLVDYLR.,sp|P41240|CSK_HUMAN,2,922.5,0.0,False
387,46,0,0.04386585421150005,0.005620002856393997,0.002398630439444277,0.18782040014794676,AT-7519,none,0.0,non-responsive,.GAILTTMLATR.,.GAILTTMLATR.,sp|Q13557|KCC2D_HUMAN,2,1147.6,0.0,False
388,46,0,0.017485920412381905,0.00470614809215804,0.0006143042226883677,0.12129708246412342,Alisertib,none,0.0,non-responsive,.IPW+15.99FQYPIIYDIR.,.IPWFQYPIIYDIR.,sp|Q99623|PHB2_HUMAN,2,1739.9,0.0,False
389,46,0,0.02570286122742659,0.003854510548051462,0.012645676326472809,0.27557897805125064,Alisertib,none,0.0,non-responsive,.GAENFDKFFTR.,.GAENFDKFFTR.,sp|P17252|KPCA_HUMAN,2,1331.6,0.0,False
390,46,0,0.022904542954376064,0.004622793598048472,0.0024947204358657777,0.18867064869927044,AXL-1717,none,0.0,non-responsive,.ANQGDEAC+57.021THC+57.021PINSR.,.ANQGDEACTHCPINSR.,sp|P29323|EPHB2_HUMAN,2,1943.8,0.0,False
391,46,0,0.019894946631615017,0.004780275897785872,0.0022517293165032893,0.18199005770391888,AZD-1208,none,0.0,non-responsive,.YIEDEDYYK.,.YIEDEDYYK.,sp|Q14289|FAK2_HUMAN,2,1237.5,0.0,False
392,46,0,0.007068372289588111,0.0021442042823995445,0.0173429304815088,0.3017007766804155,BMS-777607,none,0.0,non-responsive,.GVETIANDVVSLATK.,.GVETIANDVVSLATK.,sp|P10515|ODP2_HUMAN,2,1516.8,0.0,False
393,46,0,0.018936997578002338,0.005156645584521449,0.0017268723064227697,0.16886405473672586,AT-9283,none,0.0,non-responsive,.LFQQILSGVDYC+57.021HR.,.LFQQILSGVDYCHR.,sp|Q13131|AAPK1_HUMAN,2,1792.9,0.0,False
394,46,0,0.008241564501894314,0.0031196319847155048,0.010800166058411529,0.2640348153647719,AZD-4547,none,0.0,non-responsive,.ISVYYNEASSHK.,.ISVYYNEASSHK.,sp|Q13509|TBB3_HUMAN,2,1397.7,0.0,False
395,46,0,0.044052719864857766,0.006088049434018704,0.004643016442085784,0.20935167678346378,BMS-777607,none,0.0,non-responsive,.HSWYHGPVSR.,.HSWYHGPVSR.,sp|P00519|ABL1_HUMAN,2,1225.6,0.0,False
396,46,0,0.015006093448470722,0.003920903138884834,0.006499785308771016,0.22775812087690717,Alectinib,none,0.0,non-responsive,.AGFAGDDAPR.,.AGFAGDDAPR.,sp|P60709|ACTB_HUMAN,2,976.4,0.0,False
397,46,0,0.009933001088680503,0.0036883646425764503,0.002098533996018717,0.17519306872906776,BMS-690514,none,0.0,non-responsive,.QIFHPEQLITGK.,.QIFHPEQLITGK.,sp|P68363|TBA1B_HUMAN,3,1410.8,0.0,False
398,46,0,0.05057589934722112,0.007445414884854439,0.0033693613611491193,0.20171537804129647,Amuvatinib,none,0.0,non-responsive,.LVINGNPITIFQERDPSK.,.LVINGNPITIFQERDPSK.,sp|P04406|G3P_HUMAN,3,2041.1,0.0,False
399,46,0,0.02346481257725493,0.0036036610794458347,0.014905177856731388,0.28859613916016946,Alisertib,none,0.0,non-responsive,.GIEQAVQSHAVAEEEAR.,.GIEQAVQSHAVAEEEAR.,sp|Q16891|MIC60_HUMAN,2,1823.9,0.0,False
400,46,0,0.018291775246843767,0.002935138723707011,0.001975203825665565,0.170594111985347,Apitolisib,none,0.0,non-responsive,.AQVSLLIR.,.AQVSLLIR.,sp|Q99623|PHB2_HUMAN,2,899.5,0.0,False
401,46,0,0.039438771817287416,0.00607076121158563,0.0005281247769069047,0.11522383615520301,AT-9283,none,0.0,non-responsive,.VTTVVATLGQGPER.,.VTTVVATLGQGPER.,sp|P49840|GSK3A_HUMAN,2,1427.8,0.0,False
402,46,0,0.027848701821599296,0.0032560162024530283,0.006858880230239202,0.227990863522814,Alisertib,none,0.0,non-responsive,.NSSYFVEWIPNNVK.,.NSSYFVEWIPNNVK.,sp|P07437|TBB5_HUMAN,2,1696.8,0.0,False
403,46,0,0.01932469322426262,0.005149623587243326,0.024385556241764843,0.3364634666202451,AMG-208_withCAKI,none,0.0,non-responsive,.LGIHEDSTNR.,.LGIHEDSTNR.,sp|P08238|HS90B_HUMAN,2,1141.5,0.0,False
404,46,0,0.007705973193164414,0.0025811624817347733,0.009806782134592178,0.25541297922861433,AZD-5438,none,0.0,non-responsive,.FGFPEGSVELYAEK.,.FGFPEGSVELYAEK.,sp|P23396|RS3_HUMAN,2,1572.7,0.0,False
405,46,0,0.01983121691961178,0.004612546742579676,0.08499353150449712,0.4963465094718842,AZD-2014,none,0.0,non-responsive,.-17.027QEYDESGPSIVHR.,.QEYDESGPSIVHR.,sp|P60709|ACTB_HUMAN,2,1499.7,0.0,False
406,46,0,0.051324137617683806,0.006849540385824126,0.00044335680868066144,0.10671232299276767,AT-7519,none,0.0,non-responsive,.LTIPILYVK.,.LTIPILYVK.,sp|P49840|GSK3A_HUMAN,2,1059.7,0.0,False
407,46,0,0.014855778806354346,0.004582742403095863,0.029726272849575783,0.36153037662716514,AZD-1480,none,0.0,non-responsive,.DFNHINVELSLLGK.,.DFNHINVELSLLGK.,sp|P32969|RL9_HUMAN,2,1598.8,0.0,False
408,46,0,0.011544870343409128,0.0031051186291802136,0.00997986312467605,0.25684836848011444,Barasertib_HQPA,none,0.0,non-responsive,.ISVNDFIIK.,.ISVNDFIIK.,sp|P10515|ODP2_HUMAN,2,1048.6,0.0,False
409,46,0,0.00846556444086353,0.0030046630655424923,0.014934736934683954,0.2888583659315146,Alisertib,none,0.0,non-responsive,.YLAEVATGEKR.,.YLAEVATGEKR.,sp|P61981|1433G_HUMAN,2,1236.6,0.0,False
410,46,0,0.013745624516458442,0.004143352898794821,0.003949216102164639,0.2045770662850812,AZD-1480,none,0.0,non-responsive,.WTTSQLLQHPFVTVDSNKPIR.,.WTTSQLLQHPFVTVDSNKPIR.,sp|Q9H2G2|SLK_HUMAN,4,2467.3,0.0,False
411,46,0,0.015207253522067192,0.0036981618101692786,0.005790831816719978,0.22157730728684213,Alisertib,none,0.0,non-responsive,.TGAIVDVPVGEELLGR.,.TGAIVDVPVGEELLGR.,sp|P25705|ATPA_HUMAN,2,1624.9,0.0,False
412,46,0,0.012279984211925157,0.003250660449680527,0.0028068780881949787,0.19271615938223435,AZD-4547,none,0.0,non-responsive,.LLQDFFNGK.,.LLQDFFNGK.,sp|P11142|HSP7C_HUMAN,2,1081.5,0.0,False
413,46,0,0.008393054511793816,0.0022497757897015345,0.0035835352265443767,0.20345869073478476,Barasertib_HQPA,none,0.0,non-responsive,.LGASLAFNNIYR.,.LGASLAFNNIYR.,sp|P78527|PRKDC_HUMAN,2,1338.7,0.0,False
414,46,0,0.012851855164916944,0.0034797732166399584,0.005475047106587792,0.2180092367623934,AT-9283,none,0.0,non-responsive,.AANILVGENLVC+57.021K.,.AANILVGENLVCK.,sp|P12931|SRC_HUMAN,2,1457.8,0.0,False
415,46,0,0.029663199750309507,0.004164590413613166,0.003511878200235582,0.20276756164634047,AMG-208_withCAKI,none,0.0,non-responsive,.VLDSGAPIKIPVGPETLGR.,.VLDSGAPIKIPVGPETLGR.,sp|P06576|ATPB_HUMAN,3,1919.1,0.0,False
416,46,0,0.015817980257287843,0.004208199191490109,0.007420787862699504,0.2350133329125042,BI-847325,none,0.0,non-responsive,.GTPLTPPAC+57.021AC+57.021SSLQVEVER.,.GTPLTPPACACSSLQVEVER.,sp|Q8TD19|NEK9_HUMAN,2,2286.1,0.0,False
417,46,0,0.008360003245714133,0.0026958928329178468,0.00030395288718959465,0.08703180266041,BI-2536,none,0.0,non-responsive,.TTPSVVAFTADGER.,.TTPSVVAFTADGER.,sp|P38646|GRP75_HUMAN,2,1450.7,0.0,False
418,46,0,0.02478353551425114,0.004559334341669929,7.181450713971216e-05,0.06650735231147029,AT-9283,none,0.0,non-responsive,.SHYFEGVLK.,.SHYFEGVLK.,sp|P54619|AAKG1_HUMAN,2,1079.5,0.0,False
419,46,0,0.008172342189829492,0.0021931469370204204,0.03839232049552302,0.39273187677909865,Alisertib,none,0.0,non-responsive,.INVYYNEATGGK.,.INVYYNEATGGK.,sp|P68371|TBB4B_HUMAN,2,1328.6,0.0,False
420,46,0,0.016874828924604273,0.003887897424398496,0.0023261190465993834,0.18387214947242678,Barasertib_HQPA,none,0.0,non-responsive,.DLQDKNC+57.021LLETAK.,.DLQDKNCLLETAK.,sp|O75116|ROCK2_HUMAN,3,1604.8,0.0,False
421,46,0,0.013941038292252472,0.003439253991555175,0.007484487850361526,0.23563860592769195,AZD-2014,none,0.0,non-responsive,.IALTDNALIAR.,.IALTDNALIAR.,sp|P18124|RL7_HUMAN,2,1170.7,0.0,False
422,46,0,0.011048634690277228,0.0029531190239885682,0.006471250837134803,0.2277354176717212,BMS-777607,none,0.0,non-responsive,.AIAELGIYPAVDPLDSTSR.,.AIAELGIYPAVDPLDSTSR.,sp|P06576|ATPB_HUMAN,2,1988.0,0.0,False
423,46,0,0.01669175294454646,0.0029794185456799493,0.008265774333853986,0.24366133738436643,Alectinib,none,0.0,non-responsive,.IPLKDVVPR.,.IPLKDVVPR.,sp|P41240|CSK_HUMAN,2,1036.6,0.0,False
424,46,0,0.009351866592064204,0.0024498796102203307,0.006578285829815196,0.22775812087690717,AZD-4547,none,0.0,non-responsive,.TVGALQVLGTEAQSSLLK.,.TVGALQVLGTEAQSSLLK.,sp|P78527|PRKDC_HUMAN,2,1815.0,0.0,False
425,46,0,0.015551055385836473,0.004177953491991733,0.012402548493578705,0.27346002144103904,ASP-3026,none,0.0,non-responsive,.KLIGSVDDLLPSLPSSSR.,.KLIGSVDDLLPSLPSSSR.,sp|Q14289|FAK2_HUMAN,2,1884.0,0.0,False
426,46,0,0.007979792246652441,0.0029163649141405235,0.0019768517897669007,0.170594111985347,Alectinib,none,0.0,non-responsive,.HSLDASQGTATGPR.,.HSLDASQGTATGPR.,sp|O00330|ODPX_HUMAN,2,1397.7,0.0,False
427,46,0,0.009104941973960546,0.002841659745815256,0.0010784777349087443,0.1420123349691711,Alisertib,none,0.0,non-responsive,.-17.027QLFHPEQLITGKEDAANNYAR.,.QLFHPEQLITGKEDAANNYAR.,sp|P68363|TBA1B_HUMAN,3,2398.2,0.0,False
428,46,0,0.014981877800510378,0.003559659929447238,0.007779378510917302,0.23901369572330627,AT-7519,none,0.0,non-responsive,.SVTEQGAELSNEER.,.SVTEQGAELSNEER.,sp|P63104|1433Z_HUMAN,2,1548.7,0.0,False
429,46,0,0.027744278610022287,0.006044407943868893,0.006716039030801744,0.22775812087690717,BI-847325,none,0.0,non-responsive,.KWESPAQNTAHLDQFER.,.KWESPAQNTAHLDQFER.,sp|P17612|KAPCA_HUMAN,3,2057.0,0.0,False
430,46,0,0.03196994398273447,0.0052681191805215,0.005944157383293364,0.22157730728684213,Alisertib,none,0.0,non-responsive,.GLFIIDDKGILR.,.GLFIIDDKGILR.,sp|Q06830|PRDX1_HUMAN,2,1359.8,0.0,False
431,46,0,0.013727734212035657,0.0035472023427699628,0.0032631775929591903,0.1997984626431936,Alectinib,none,0.0,non-responsive,.LDFLGEGQFATVYK.,.LDFLGEGQFATVYK.,sp|P50613|CDK7_HUMAN,2,1587.8,0.0,False
432,46,0,0.019992267639050865,0.004801192916140737,0.0013791868152267636,0.15266971308259678,Barasertib_HQPA,none,0.0,non-responsive,.KLQLELNQER.,.KLQLELNQER.,sp|Q13464|ROCK1_HUMAN,2,1270.7,0.0,False
433,46,0,0.012847727161624297,0.00329246307207157,0.0003164743206993285,0.08872349381989077,Alisertib,none,0.0,non-responsive,.EIKDILIQYDR.,.EIKDILIQYDR.,sp|P62249|RS16_HUMAN,2,1405.8,0.0,False
434,46,0,0.018642743564998208,0.0058727830140000185,0.001638032033269553,0.16443380007445704,Abemaciclib,none,0.0,non-responsive,.YHIDLDPHFNDILGQHSR.,.YHIDLDPHFNDILGQHSR.,sp|P19784|CSK22_HUMAN,3,2177.0,0.0,False
435,46,0,0.011365238486953408,0.0035096678344957695,0.013007201137182373,0.2779513666810219,AMG-208,none,0.0,non-responsive,.SFFTAYHR.,.SFFTAYHR.,sp|Q9H479|FN3K_HUMAN,2,1028.5,0.0,False
436,46,0,0.011623250947773429,0.003927811241322085,0.007268530141732539,0.23298696365153637,BMS-690514,none,0.0,non-responsive,.TASEINFDKLQFEPPLRK.,.TASEINFDKLQFEPPLRK.,sp|Q9Y4K4|M4K5_HUMAN,3,2133.1,0.0,False
437,46,0,0.029238143429939373,0.004930011509833411,0.0016902173833259475,0.1670592573950274,Alisertib,none,0.0,non-responsive,.SLAYIHSFGIC+57.021HR.,.SLAYIHSFGICHR.,sp|P49841|GSK3B_HUMAN,2,1617.8,0.0,False
438,46,0,0.023658596598872296,0.00417563435576041,0.005881270171068515,0.22157730728684213,Apatinib,none,0.0,non-responsive,.LTQYIDGQGR.,.LTQYIDGQGR.,sp|Q13555|KCC2G_HUMAN,2,1150.6,0.0,False
439,46,0,0.015321704189499656,0.003955793095822454,0.0008891797923990022,0.1385295801739095,BMS-777607,none,0.0,non-responsive,.GIPHLVTHDAR.,.GIPHLVTHDAR.,sp|P62701|RS4X_HUMAN,2,1215.6,0.0,False
440,46,0,0.01110543535347331,0.003930628337316739,0.01921334551117344,0.31205912586639245,AZD-4547,none,0.0,non-responsive,.QSVEADINGLRR.,.QSVEADINGLRR.,sp|P13645|K1C10_HUMAN,3,1357.7,0.0,False
441,46,0,0.012465649004556588,0.003572103377208725,0.0005622957334208555,0.11656864519566643,Barasertib_HQPA,none,0.0,non-responsive,.FTLSGGNWNTVSETAK.,.FTLSGGNWNTVSETAK.,sp|Q15418|KS6A1_HUMAN,2,1711.8,0.0,False
442,46,0,0.03530599084094195,0.004394248882789494,4.7314446621280894e-05,0.06650735231147029,Alvocidib,none,0.0,non-responsive,.DLLQNLLK.,.DLLQNLLK.,sp|Q00535|CDK5_HUMAN,2,956.6,0.0,False
443,46,0,0.0255340462175474,0.004482293639294998,0.052800659221750264,0.4280435592417493,AMG-900,none,0.0,non-responsive,.VTLTSEEEAR.,.VTLTSEEEAR.,sp|P00338|LDHA_HUMAN,2,1134.5,0.0,False
444,46,0,0.015216643535070056,0.004428238524029426,0.010241203179992739,0.25897981752343546,Amuvatinib,none,0.0,non-responsive,.VTAEVVLAHLGGGSTSR.,.VTAEVVLAHLGGGSTSR.,sp|P04843|RPN1_HUMAN,2,1653.9,0.0,False
445,46,0,0.05652354280639428,0.006233231411403035,0.014427817468268487,0.2844427522916149,BI-847325,none,0.0,non-responsive,.AYVRDPYALDLIDK.,.AYVRDPYALDLIDK.,sp|P50750|CDK9_HUMAN,2,1651.9,0.0,False
446,46,0,0.008575826929716217,0.003089179242000468,0.004139696966643067,0.20522078595871698,AMG-208,none,0.0,non-responsive,.GAVDGGLSIPHSTK.,.GAVDGGLSIPHSTK.,sp|P46777|RL5_HUMAN,2,1338.7,0.0,False
447,46,0,0.025254564582122326,0.005659662276782013,0.0036902424344526213,0.2045770662850812,ARRY-380,none,0.0,non-responsive,.TEDDLSFHKGEK.,.TEDDLSFHKGEK.,sp|P06241|FYN_HUMAN,3,1405.6,0.0,False
448,46,0,0.02883634502561416,0.0050795413790486925,0.002470936843117901,0.18867064869927044,Alisertib,none,0.0,non-responsive,.QFANLNREESILK.,.QFANLNREESILK.,sp|Q05397|FAK1_HUMAN,2,1561.8,0.0,False
449,46,0,0.02452139069996248,0.0036980813139245146,2.9233717483868487e-05,0.06265386055594918,AT-9283,none,0.0,non-responsive,.AALQLVVDPGDPR.,.AALQLVVDPGDPR.,sp|O96013|PAK4_HUMAN,2,1350.7,0.0,False
450,46,0,0.019537953166069988,0.004406854798707593,0.0044330953192787586,0.20711811550913553,AT-9283,none,0.0,non-responsive,.QEDGGVYSSSGLK.,.QEDGGVYSSSGLK.,sp|P16591|FER_HUMAN,2,1326.6,0.0,False
451,46,0,0.05458565201639805,0.007316495836507216,0.0002320074272859963,0.08291757486725032,AZD-5363,none,0.0,non-responsive,.LEQEVNEHKVTK.,.LEQEVNEHKVTK.,sp|Q13464|ROCK1_HUMAN,2,1453.7,0.0,False
452,46,0,0.0249889571094291,0.005924900145564556,2.2870429406843978e-05,0.06036398825028345,AZD-4547,none,0.0,non-responsive,.LIDWGLAEFYHPGQEYNVR.,.LIDWGLAEFYHPGQEYNVR.,sp|P68400|CSK21_HUMAN,3,2307.1,0.0,False
453,46,0,0.02224222910310247,0.004732079845955508,0.03139171836759305,0.3696468773829251,Alisertib,none,0.0,non-responsive,.LGVIEDHSNR.,.LGVIEDHSNR.,sp|P14625|ENPL_HUMAN,3,1139.6,0.0,False
454,46,0,0.02149791204268439,0.0033668284483860168,0.0027144314758846327,0.1912818123811847,ASP-3026,none,0.0,non-responsive,.LKYPVSQQNK.,.LKYPVSQQNK.,sp|Q06187|BTK_HUMAN,2,1204.7,0.0,False
455,46,0,0.015674275517189824,0.00430559476030414,0.0046583145489472455,0.20986657323660537,AV-412,none,0.0,non-responsive,.GQFSTDELVAEVEKR.,.GQFSTDELVAEVEKR.,sp|Q00610|CLH1_HUMAN,2,1707.8,0.0,False
456,46,0,0.02255642131320911,0.0038828770899289526,0.00040222908599212096,0.10224466972192815,Alectinib,none,0.0,non-responsive,.EASFVLHTIGK.,.EASFVLHTIGK.,sp|Q15418|KS6A1_HUMAN,2,1201.6,0.0,False
457,46,0,0.020894637797480516,0.0055676671615781355,0.005327426035306763,0.21632548158000803,AZD-5363,none,0.0,non-responsive,.YNPTWHC+57.021IVGR.,.YNPTWHCIVGR.,sp|P63167|DYL1_HUMAN,2,1459.7,0.0,False
458,46,0,0.015606817417512086,0.004166900729895659,0.00025010313606306945,0.08346657353579164,BMS-690514,none,0.0,non-responsive,.ANSLEPEPWFFK.,.ANSLEPEPWFFK.,sp|P06239|LCK_HUMAN,2,1464.7,0.0,False
459,46,0,0.011216819185669266,0.004232071636376924,0.013528195385310119,0.2797364283390168,Abemaciclib,none,0.0,non-responsive,.LIPDSIGKDIEK.,.LIPDSIGKDIEK.,sp|P61247|RS3A_HUMAN,3,1327.7,0.0,False
460,46,0,0.014641905832673208,0.003461085730175464,0.013411548034810828,0.279639820922361,AMG-900,none,0.0,non-responsive,.SELDVGNFAEEFTR.,.SELDVGNFAEEFTR.,sp|O75676|KS6A4_HUMAN,2,1613.7,0.0,False
461,46,0,0.015283379694289416,0.0033685010671437466,0.019184981986836314,0.31205912586639245,AZD-1208,none,0.0,non-responsive,.KYDAFLASESLIK.,.KYDAFLASESLIK.,sp|P62906|RL10A_HUMAN,2,1484.8,0.0,False
462,46,0,0.041070589641556396,0.0067068333037666695,0.001381173119325992,0.15266971308259678,Apitolisib,none,0.0,non-responsive,.KLDNGGYYITTR.,.KLDNGGYYITTR.,sp|P07947|YES_HUMAN,2,1400.7,0.0,False
463,46,0,0.011406007838998415,0.0034256601446754527,0.0022852770450730977,0.18201417812826007,AEE-788,none,0.0,non-responsive,.YQIDPDAC+57.021FSAK.,.YQIDPDACFSAK.,sp|P21796|VDAC1_HUMAN,2,1471.6,0.0,False
464,46,0,0.02528640554949302,0.004655730757630194,0.007583422343320439,0.23617603785708577,Baricitinib,none,0.0,non-responsive,.LKDEEISAAAIK.,.LKDEEISAAAIK.,sp|O75116|ROCK2_HUMAN,2,1287.7,0.0,False
465,46,0,0.02154461955846263,0.004785835862821171,0.005863242530705118,0.22157730728684213,Alisertib,none,0.0,non-responsive,.STTTGHLIYK.,.STTTGHLIYK.,sp|P68104|EF1A1_HUMAN,2,1120.6,0.0,False
466,46,0,0.025231197546286065,0.005156073885800714,0.004176185513953631,0.20522078595871698,Baricitinib,none,0.0,non-responsive,.TLTSDVANLANEKEELNNK.,.TLTSDVANLANEKEELNNK.,sp|O75116|ROCK2_HUMAN,2,2103.0,0.0,False
467,46,0,0.017862030908661102,0.004013248560820329,0.009074380601019153,0.25020562469889635,Barasertib_HQPA,none,0.0,non-responsive,.LLEQYKEESKK.,.LLEQYKEESKK.,sp|Q00839|HNRPU_HUMAN,2,1394.7,0.0,False
468,46,0,0.009408076405013753,0.0031001169142691365,0.02120614288760253,0.3223518405087664,AXL-1717,none,0.0,non-responsive,.RQPILDAIEAK.,.RQPILDAIEAK.,sp|Q13043|STK4_HUMAN,2,1253.7,0.0,False
469,46,0,0.018611489238524487,0.003042943943578739,4.2986089002049117e-05,0.06650735231147029,AT-9283,none,0.0,non-responsive,.EASAVLFTITK.,.EASAVLFTITK.,sp|P51812|KS6A3_HUMAN,2,1179.6,0.0,False
470,46,0,0.020311450241083388,0.0029900287378865683,0.0006960759672715339,0.12633041597884614,AT-9283,none,0.0,non-responsive,.LQETLSAADR.,.LQETLSAADR.,sp|P78527|PRKDC_HUMAN,2,1103.6,0.0,False
471,46,0,0.024056988556989057,0.004076746725327644,0.0001294241568850093,0.07290394674065966,Barasertib_HQPA,none,0.0,non-responsive,.SAPPC+57.021ANSTVGVVK.,.SAPPCANSTVGVVK.,sp|Q86YS7|C2CD5_HUMAN,0,1443.7,0.0,False
472,46,0,0.014588819831778597,0.0038124528217858217,0.0002220240805554367,0.08032372570101826,AT-9283,none,0.0,non-responsive,.ELGSGLFGVVR.,.ELGSGLFGVVR.,sp|P42680|TEC_HUMAN,2,1133.6,0.0,False
473,46,0,0.013632115146118565,0.003865574574326703,0.0020551795329684422,0.17334470238517535,Alectinib,none,0.0,non-responsive,.DVKPSNVLINALGQVK.,.DVKPSNVLINALGQVK.,sp|P52564|MP2K6_HUMAN,2,1695.0,0.0,False
474,46,0,0.020594305409065112,0.003400076957152247,0.0049303645276759,0.21138644903425022,Barasertib_HQPA,none,0.0,non-responsive,.TIFSALENDPLFAR.,.TIFSALENDPLFAR.,sp|O15254|ACOX3_HUMAN,2,1593.8,0.0,False
475,46,0,0.020872227859292013,0.004254755471647311,0.008353932182219173,0.2444158936921539,AZD-7762,none,0.0,non-responsive,.VSALPVVDEK.,.VSALPVVDEK.,sp|P54619|AAKG1_HUMAN,2,1056.6,0.0,False
476,46,0,0.007893716221193151,0.0028425034388414243,0.0013048537123449703,0.1519964956742852,Abemaciclib,none,0.0,non-responsive,.ESTLHLVLR.,.ESTLHLVLR.,sp|P62979|RS27A_HUMAN,2,1067.6,0.0,False
477,46,0,0.01517040474234527,0.004379478399099214,0.0032745539210370564,0.1997984626431936,ARRY-380,none,0.0,non-responsive,.TTAHYDPATEEFIIHSPDFEAAK.,.TTAHYDPATEEFIIHSPDFEAAK.,sp|O15254|ACOX3_HUMAN,3,2590.2,0.0,False
478,46,0,0.025837799377236993,0.004194767505378045,0.0008960930196528822,0.1385295801739095,AT-9283,none,0.0,non-responsive,.DKRPLSGPDVGTPQPAGLASGAK.,.DKRPLSGPDVGTPQPAGLASGAK.,sp|O96013|PAK4_HUMAN,3,2219.2,0.0,False
479,46,0,0.023394111540196796,0.004463872807100804,0.0027685123664401173,0.19271615938223435,AT-9283,none,0.0,non-responsive,.VLSIQSHVIR.,.VLSIQSHVIR.,sp|O00764|PDXK_HUMAN,2,1151.7,0.0,False
480,46,0,0.017404299782954144,0.0065404421372136454,0.03844902384717924,0.3929695046866738,AZD-2014,none,0.0,non-responsive,.IGAEVYHNLK.,.IGAEVYHNLK.,sp|P06733|ENOA_HUMAN,2,1143.6,0.0,False
481,46,0,0.038243736278066404,0.004770669083692941,0.005795104508758118,0.22157730728684213,Apitolisib,none,0.0,non-responsive,.ALLSYDGLNQR.,.ALLSYDGLNQR.,sp|Q9UM22|EPDR1_HUMAN,2,1249.6,0.0,False
482,46,0,0.03799167194049868,0.005424164260683305,0.000640087696018413,0.12170830371361625,BMS-690514,none,0.0,non-responsive,.TPEIIDLYSNFPIGEK.,.TPEIIDLYSNFPIGEK.,sp|O14976|GAK_HUMAN,2,1835.9,0.0,False
483,46,0,0.021525882728290657,0.0038581868449592133,0.0032405753180314955,0.1994367753577562,BMS-777607,none,0.0,non-responsive,.SPEVLLGSAR.,.SPEVLLGSAR.,sp|P06493|CDK1_HUMAN,2,1028.6,0.0,False
484,46,0,0.017216101751454965,0.004399698693627429,0.0003064785946487872,0.08703180266041,Apitolisib,none,0.0,non-responsive,.SYLDNFIK.,.SYLDNFIK.,sp|O96013|PAK4_HUMAN,2,999.5,0.0,False
485,46,0,0.02431596291694841,0.004947400260006619,0.0002812433063121518,0.08703180266041,Barasertib_HQPA,none,0.0,non-responsive,.KLQEQEVFFK.,.KLQEQEVFFK.,sp|Q9H2G2|SLK_HUMAN,2,1295.7,0.0,False
486,46,0,0.017662121072114154,0.004125104163816998,0.019653568878455815,0.313616863606959,AT-9283,none,0.0,non-responsive,.EANNFLWPFK.,.EANNFLWPFK.,sp|P18124|RL7_HUMAN,2,1265.6,0.0,False
487,46,0,0.014017767590531196,0.004449995668847362,0.0053498629556002165,0.21705532459181073,BI-847325,none,0.0,non-responsive,.HGYIGEFEIIDDHR.,.HGYIGEFEIIDDHR.,sp|P62244|RS15A_HUMAN,3,1700.8,0.0,False
488,46,0,0.028078997319059478,0.003635206668832089,8.053500534426014e-05,0.06703919694868546,AEW-541,none,0.0,non-responsive,.LLLNAENPR.,.LLLNAENPR.,sp|P12931|SRC_HUMAN,2,1039.6,0.0,False
489,46,0,0.026132434514020635,0.003514794546595744,0.00014226331446868794,0.07290394674065966,AT-9283,none,0.0,non-responsive,.DVNAAIATIK.,.DVNAAIATIK.,sp|P68363|TBA1B_HUMAN,2,1015.6,0.0,False
490,46,0,0.024407375059728505,0.004343836962165096,0.0010721352977629472,0.1420123349691711,AT-9283,none,0.0,non-responsive,.AFFALVTNGVR.,.AFFALVTNGVR.,sp|P54619|AAKG1_HUMAN,2,1194.6,0.0,False
491,46,0,0.02438954890201746,0.005020762541653383,5.28301003818158e-05,0.06650735231147029,BI-847325,none,0.0,non-responsive,.KVEAPFIPK.,.KVEAPFIPK.,sp|P17612|KAPCA_HUMAN,2,1028.6,0.0,False
492,46,0,0.01254873311626636,0.003958756921578049,0.0014907362061398152,0.1584676017165227,BMS-387032,none,0.0,non-responsive,.TRYPILENPEILR.,.TRYPILENPEILR.,sp|P51946|CCNH_HUMAN,3,1613.9,0.0,False
493,46,0,0.014226365612285177,0.003048619660321837,0.012141139987467508,0.2700743927213926,BMS-754807,none,0.0,non-responsive,.STPQKLDVIK.,.STPQKLDVIK.,sp|Q8TD19|NEK9_HUMAN,2,1128.6,0.0,False
494,46,0,0.022975453629346453,0.004609002192382327,0.023456553350033032,0.3319584687408957,AZD-2014,none,0.0,non-responsive,.GIFNGFSVTLKEDGVR.,.GIFNGFSVTLKEDGVR.,sp|Q00325|MPCP_HUMAN,2,1738.9,0.0,False
495,46,0,0.02221224785544678,0.005547280608449856,0.00019283854737156582,0.07868361650189579,AT-9283,none,0.0,non-responsive,.VEISAPSNFEHR.,.VEISAPSNFEHR.,sp|O96013|PAK4_HUMAN,3,1385.7,0.0,False
496,46,0,0.011212745601490336,0.003783834799176252,0.0021813363982806804,0.17858951526888134,Apitolisib,none,0.0,non-responsive,.LHAEFAAER.,.LHAEFAAER.,sp|Q9H773|DCTP1_HUMAN,2,1043.5,0.0,False
497,46,0,0.026125520296893134,0.005102654067774893,0.007411975964330309,0.2348182474241613,Alvocidib,none,0.0,non-responsive,.RALFPGDSEIDQLFR.,.RALFPGDSEIDQLFR.,sp|P24941|CDK2_HUMAN,3,1763.9,0.0,False
498,46,0,0.014093384599534364,0.005168760182614819,0.02492385393156252,0.33935715250088094,Alisertib,none,0.0,non-responsive,.VGGTSDVEVNEKKDR.,.VGGTSDVEVNEKKDR.,sp|P10809|CH60_HUMAN,2,1632.8,0.0,False
499,46,0,0.01014558865789644,0.003278602893147836,0.01836426496482343,0.30739194635241573,Amuvatinib,none,0.0,non-responsive,.IVLDNSVFSEHR.,.IVLDNSVFSEHR.,sp|Q00610|CLH1_HUMAN,2,1415.7,0.0,False
500,46,0,0.012934373121693647,0.004317857804409369,0.0004262809729459177,0.10593707851311651,Alectinib,none,0.0,non-responsive,.SESPKEPEQLR.,.SESPKEPEQLR.,sp|P09651|ROA1_HUMAN,3,1299.6,0.0,False
501,46,0,0.009435579442219415,0.0029210379829589634,0.006051803700888647,0.22157730728684213,BMS-777607_withCAKI,none,0.0,non-responsive,.SGPFGQIFRPDNFVFGQSGAGNNW+15.988AK.,.SGPFGQIFRPDNFVFGQSGAGNNWAK.,sp|P07437|TBB5_HUMAN,3,2814.3,0.0,False
502,46,0,0.008674203732811686,0.0028147115233754664,0.0026863646612696043,0.1912818123811847,BMS-777607,none,0.0,non-responsive,.GQPFDVGPR.,.GQPFDVGPR.,sp|P27361|MK03_HUMAN,2,972.5,0.0,False
503,46,0,0.0172137047315317,0.003242443572206929,0.004004486623211576,0.2045770662850812,Barasertib_HQPA,none,0.0,non-responsive,.ATSFLLALEPELEAR.,.ATSFLLALEPELEAR.,sp|P04843|RPN1_HUMAN,2,1659.9,0.0,False
504,46,0,0.07547981465450371,0.009344927415646378,0.0001653168800262097,0.07563961281441405,BMS-754807,none,0.0,non-responsive,.SKQPLPSAPENNPEEELASK.,.SKQPLPSAPENNPEEELASK.,sp|O14965|AURKA_HUMAN,2,2165.1,0.0,False
505,46,0,0.009048429307090702,0.002690833078389867,0.01779916143270337,0.304359129990969,Amuvatinib,none,0.0,non-responsive,.NLSSNEAISLEEIR.,.NLSSNEAISLEEIR.,sp|P78527|PRKDC_HUMAN,2,1574.8,0.0,False
506,46,0,0.00707576076893042,0.0024555921262863593,0.0036446346584423557,0.2045770662850812,Barasertib_HQPA,none,0.0,non-responsive,.IYIDSNNNPER.,.IYIDSNNNPER.,sp|Q00610|CLH1_HUMAN,2,1334.6,0.0,False
507,46,0,0.023880540365482487,0.004053801819694258,0.000703272687196517,0.1266047450563496,BMS-690514,none,0.0,non-responsive,.RGEGAEPQYVDK.,.RGEGAEPQYVDK.,sp|Q9H479|FN3K_HUMAN,2,1348.6,0.0,False
508,46,0,0.029030373607664545,0.0038365925344214275,0.0008537443361429294,0.1385295801739095,AT-9283,none,0.0,non-responsive,.DLKPSNIVVK.,.DLKPSNIVVK.,sp|P45983|MK08_HUMAN,2,1112.6,0.0,False
509,46,0,0.020923817245851902,0.0040053389181232725,0.0009275745855165002,0.1420123349691711,AT-9283,none,0.0,non-responsive,.LTDFGAAR.,.LTDFGAAR.,sp|Q9UHD2|TBK1_HUMAN,2,850.4,0.0,False
510,46,0,0.01648567717120114,0.0032997313441514103,0.0006017353477561754,0.12126031779782964,Apitolisib,none,0.0,non-responsive,.IGPLGLSPK.,.IGPLGLSPK.,sp|P30050|RL12_HUMAN,2,881.5,0.0,False
511,46,0,0.00887530605750063,0.0028096490901186647,0.011001001858392173,0.26430336894089584,Alisertib,none,0.0,non-responsive,.LTLSALVDGK.,.LTLSALVDGK.,sp|P45880|VDAC2_HUMAN,2,1016.6,0.0,False
512,46,0,0.016759125737374498,0.004059746528116948,0.0007816358025424658,0.13320428090099676,Amuvatinib,none,0.0,non-responsive,.VVSQYHELVVQAR.,.VVSQYHELVVQAR.,sp|Q16891|MIC60_HUMAN,2,1527.8,0.0,False
513,46,0,0.014516358778647629,0.0033102939271097676,0.004418199030439955,0.20711811550913553,Alisertib,none,0.0,non-responsive,.ALAAPAAEEKEEAREK.,.ALAAPAAEEKEEAREK.,sp|Q01650|LAT1_HUMAN,3,1712.9,0.0,False
514,46,0,0.01015094260183052,0.0037887514427819885,0.011182276730547815,0.26455839011723475,Apitolisib,none,0.0,non-responsive,.ISSIQSIVPALEIANAHR.,.ISSIQSIVPALEIANAHR.,sp|P10809|CH60_HUMAN,2,1919.1,0.0,False
515,46,0,0.026220978047929992,0.005316152917441139,0.0009783526163901707,0.1420123349691711,AZD-4547,none,0.0,non-responsive,.FLILNPSK.,.FLILNPSK.,sp|Q7KZI7|MARK2_HUMAN,2,931.5,0.0,False
516,46,0,0.01061157257102106,0.0033543096147760697,0.02057731038314846,0.3188912236370898,BI-847325,none,0.0,non-responsive,.LEEGPPVTTVLTR.,.LEEGPPVTTVLTR.,sp|P08559|ODPA_HUMAN,2,1411.8,0.0,False
517,46,0,0.01779829502495697,0.0036387990136884274,0.0005231862810459164,0.11484098053424714,Alisertib,none,0.0,non-responsive,.FESVIHEFDPYFNYR.,.FESVIHEFDPYFNYR.,sp|P46977|STT3A_HUMAN,2,1962.9,0.0,False
518,46,0,0.024435136395774888,0.005434681877561572,0.00030203373738610807,0.08703180266041,Barasertib_HQPA,none,0.0,non-responsive,.VPVASPSAHNISSSGGAPDR.,.VPVASPSAHNISSSGGAPDR.,sp|Q7KZI7|MARK2_HUMAN,3,1905.9,0.0,False
519,46,0,0.0235893777437921,0.005007251341762462,0.00044132634742277997,0.10671232299276767,Barasertib_HQPA,none,0.0,non-responsive,.LTFDSSFSPNTGKK.,.LTFDSSFSPNTGKK.,sp|P21796|VDAC1_HUMAN,2,1528.7,0.0,False
520,46,0,0.013546846988381253,0.0038236813401844915,0.00039323106763095874,0.10224466972192815,AV-412,none,0.0,non-responsive,.LQSVSSAIHLC+57.021DK.,.LQSVSSAIHLCDK.,sp|O43353|RIPK2_HUMAN,2,1514.7,0.0,False
521,46,0,0.01386389173429345,0.003153719554190046,0.003309808778436482,0.20101827682360715,Alectinib,none,0.0,non-responsive,.VLIDLIQR.,.VLIDLIQR.,sp|Q9H2K8|TAOK3_HUMAN,2,969.6,0.0,False
522,46,0,0.022659736941649095,0.004759725630950115,0.003422067532685846,0.20276292294681048,Alvocidib,none,0.0,non-responsive,.QLEEEQAVRPK.,.QLEEEQAVRPK.,sp|P14635|CCNB1_HUMAN,2,1326.7,0.0,False
523,46,1,0.041006112430586106,0.0075443838180060604,1.035429013112513e-05,0.038637569191024346,AZD-5363,decreasing,0.0075443838180060604,drug-specific responsive (decreasing),.DLKVENILLHDR.,.DLKVENILLHDR.,sp|Q2M2I8|AAK1_HUMAN,3,1464.8,0.0,False
524,46,0,0.01662150151910263,0.0036612755975710533,0.0003588229104503048,0.09683297070917639,Alisertib,none,0.0,non-responsive,.VYEGERPLTK.,.VYEGERPLTK.,sp|P11021|BIP_HUMAN,3,1191.6,0.0,False
525,46,0,0.025703103128635253,0.004064170378331948,0.0005424858924426877,0.11633369632647997,AZD-1208,none,0.0,non-responsive,.EIITSILLSGR.,.EIITSILLSGR.,sp|Q14289|FAK2_HUMAN,2,1201.7,0.0,False
526,46,0,0.01383924421199698,0.00439317194091028,0.018302912580748,0.30679208254734275,AZD-1208,none,0.0,non-responsive,.DIKEHAFFR.,.DIKEHAFFR.,sp|P05771|KPCB_HUMAN,3,1162.6,0.0,False
527,46,0,0.019552897335383512,0.003527450743477362,4.271565592592502e-05,0.06650735231147029,AT-9283,none,0.0,non-responsive,.ADPSQFELLK.,.ADPSQFELLK.,sp|P51812|KS6A3_HUMAN,2,1147.6,0.0,False
528,46,0,0.0158498795888801,0.0037532120690629703,0.0011199798034080269,0.14383210415304723,Barasertib_HQPA,none,0.0,non-responsive,.DKLPQSQLSHQDLQLVK.,.DKLPQSQLSHQDLQLVK.,sp|Q15418|KS6A1_HUMAN,3,1977.1,0.0,False
529,46,0,0.012112854376029707,0.0034812572209771287,0.011942442434079284,0.2686878850099154,Barasertib_HQPA,none,0.0,non-responsive,.SSELEGDTITLKPR.,.SSELEGDTITLKPR.,sp|Q7KZI7|MARK2_HUMAN,2,1545.8,0.0,False
530,46,0,0.010825085774459503,0.004690629191954066,0.0038705852686595666,0.2045770662850812,Alectinib,none,0.0,non-responsive,.ATYDGNHDTFR.,.ATYDGNHDTFR.,sp|P24390|ERD21_HUMAN,3,1296.5,0.0,False
531,46,0,0.019368740332602174,0.004335285240293954,0.0013282490215054377,0.1523285785712029,AZD-1480,none,0.0,non-responsive,.SLFLDLVELQR.,.SLFLDLVELQR.,sp|O15254|ACOX3_HUMAN,2,1332.7,0.0,False
532,46,0,0.031111884296204925,0.004865336650957762,0.0017090411624919057,0.1681308085446014,Baricitinib,none,0.0,non-responsive,.DQQNLPYGVTPASPSGHSQGR.,.DQQNLPYGVTPASPSGHSQGR.,sp|Q7KZI7|MARK2_HUMAN,2,2196.0,0.0,False
533,46,0,0.026966838098071114,0.005179983429572156,0.0028398684338854837,0.19274421767348654,BI-847325,none,0.0,non-responsive,.SVNELIYKR.,.SVNELIYKR.,sp|P18124|RL7_HUMAN,2,1121.6,0.0,False
534,46,0,0.017213786623033044,0.0036441085187920844,0.00948636408386193,0.25235174270774796,Barasertib_HQPA,none,0.0,non-responsive,.LSPGGSLADAWAHQEGTHPK.,.LSPGGSLADAWAHQEGTHPK.,sp|Q9UHD2|TBK1_HUMAN,4,2059.0,0.0,False
535,46,0,0.022438220691927812,0.005077884329888204,0.0038543401566341184,0.2045770662850812,ASP-3026,none,0.0,non-responsive,.EVGLDLFFPK.,.EVGLDLFFPK.,sp|Q14289|FAK2_HUMAN,2,1164.6,0.0,False
536,46,0,0.01789374076944614,0.0036848068797676755,0.0007708249196460857,0.1321159658826293,Barasertib_HQPA,none,0.0,non-responsive,.RDPSEEIEILLR.,.RDPSEEIEILLR.,sp|Q15418|KS6A1_HUMAN,2,1469.8,0.0,False
537,46,0,0.013244967878480745,0.003933034125412316,0.002835081608604553,0.19274421767348654,AZD-1208,none,0.0,non-responsive,.IADFGLSK.,.IADFGLSK.,sp|O43353|RIPK2_HUMAN,2,850.4,0.0,False
538,46,0,0.014766774207563829,0.0034015233128542603,0.0033376315681192333,0.20101827682360715,Barasertib_HQPA,none,0.0,non-responsive,.DVPLGTPLC+57.021IIVEK.,.DVPLGTPLCIIVEK.,sp|P10515|ODP2_HUMAN,2,1610.9,0.0,False
539,46,0,0.03791490527499827,0.0074904500666775125,0.004837667756921827,0.21055423250528593,Barasertib_HQPA,none,0.0,non-responsive,.NLINQMLTINPAK.,.NLINQMLTINPAK.,sp|Q13555|KCC2G_HUMAN,2,1469.8,0.0,False
540,46,0,0.01853870220896351,0.005298730895834325,0.015601748254198139,0.2937518324128296,BMS-690514,none,0.0,non-responsive,.IDSEGGVSANHTSR.,.IDSEGGVSANHTSR.,sp|P51659|DHB4_HUMAN,2,1429.6,0.0,False
541,46,0,0.016353398718813986,0.00448839004363321,0.00030791498229364064,0.08703180266041,BMS-387032,none,0.0,non-responsive,.GAGATLEHQQEISK.,.GAGATLEHQQEISK.,sp|Q9Y5S2|MRCKB_HUMAN,2,1468.7,0.0,False
542,46,0,0.04125017610362248,0.007272425730554391,0.016072686761976502,0.29627713452033233,Alectinib,none,0.0,non-responsive,.ALLSTLHTVLWDGESR.,.ALLSTLHTVLWDGESR.,sp|O14976|GAK_HUMAN,3,1797.9,0.0,False
543,46,0,0.03506537336714959,0.006854329970837718,0.015053642954788747,0.28993228975530966,AMG-208,none,0.0,non-responsive,.TATPQQAQEVHEK.,.TATPQQAQEVHEK.,sp|P60174|TPIS_HUMAN,2,1466.7,0.0,False
544,46,0,0.011327506001870064,0.0038181924653213485,0.003779855607105148,0.2045770662850812,Barasertib_HQPA,none,0.0,non-responsive,.LYSLALHPNAFK.,.LYSLALHPNAFK.,sp|P78527|PRKDC_HUMAN,3,1373.7,0.0,False
545,46,0,0.017583815220136224,0.005849138528322984,0.0133501696825426,0.27934561248529766,AZD-4547,none,0.0,non-responsive,.IVADKDYSVTANSK.,.IVADKDYSVTANSK.,sp|P07195|LDHB_HUMAN,2,1510.8,0.0,False
546,46,0,0.015008065077753074,0.003958703256501576,0.0023478955704146717,0.1847836502926718,Barasertib,none,0.0,non-responsive,.RTEDDSLVVWK.,.RTEDDSLVVWK.,sp|Q8TD19|NEK9_HUMAN,2,1347.7,0.0,False
547,46,0,0.029504605210020282,0.006207279587243235,0.00178800752401379,0.16886405473672586,AZD-1208,none,0.0,non-responsive,.RNPQQDYELVQR.,.RNPQQDYELVQR.,sp|Q9Y4K4|M4K5_HUMAN,3,1545.8,0.0,False
548,46,0,0.02430608268243901,0.004189285126957922,2.8430238866109296e-05,0.06265386055594918,AT-9283,none,0.0,non-responsive,.YVTTLLYKPI.,.YVTTLLYKPI.,sp|Q9Y478|AAKB1_HUMAN,2,1210.7,0.0,False
549,46,0,0.017329283497073043,0.004001432409184826,0.0007638177142841811,0.1321159658826293,ARRY-380,none,0.0,non-responsive,.YSQVLANGLDNK.,.YSQVLANGLDNK.,sp|P62269|RS18_HUMAN,2,1321.7,0.0,False
550,46,0,0.00863401447929552,0.0024792829488902582,0.01561211997157783,0.2937518324128296,AMG-208_withCAKI,none,0.0,non-responsive,.TTHFVEGGDAGNREDQINR.,.TTHFVEGGDAGNREDQINR.,sp|P18124|RL7_HUMAN,4,2116.0,0.0,False
551,46,0,0.011309500820445646,0.0027427676165650452,0.017861042894192245,0.304359129990969,Alisertib,none,0.0,non-responsive,.ITPSYVAFTPEGER.,.ITPSYVAFTPEGER.,sp|P11021|BIP_HUMAN,2,1566.8,0.0,False
552,46,0,0.013486807980397232,0.0036188935927510793,0.007267569353291016,0.23298696365153637,Barasertib_HQPA,none,0.0,non-responsive,.ISSPQVEEGDSR.,.ISSPQVEEGDSR.,sp|P30291|WEE1_HUMAN,2,1303.6,0.0,False
553,46,0,0.011604642531640688,0.002304938086872492,0.003315777629377392,0.20101827682360715,BMS-754807,none,0.0,non-responsive,.TVTNAVVTVPAYFNDSQR.,.TVTNAVVTVPAYFNDSQR.,sp|P11142|HSP7C_HUMAN,2,1982.0,0.0,False
554,46,0,0.01118364697397698,0.002796138415829945,0.0014711555205462882,0.15809443362057257,Barasertib_HQPA,none,0.0,non-responsive,.SLGPPQGEEDSVPR.,.SLGPPQGEEDSVPR.,sp|P78527|PRKDC_HUMAN,2,1467.7,0.0,False
555,46,0,0.04727503526182894,0.007924423070852482,0.0027951502265964796,0.19271615938223435,BMS-777607_withCAKI,none,0.0,non-responsive,.EHEWFKQDLPK.,.EHEWFKQDLPK.,sp|Q13131|AAPK1_HUMAN,2,1456.7,0.0,False
556,46,0,0.029782030518196657,0.004934157008342659,0.006377331646331112,0.226079240353958,AZD-1480,none,0.0,non-responsive,.ATATQLLQHPFVR.,.ATATQLLQHPFVR.,sp|Q13043|STK4_HUMAN,2,1481.8,0.0,False
557,46,0,0.02062451532575308,0.0039027574260158044,0.000155359718254584,0.07472111960408803,AT-9283,none,0.0,non-responsive,.TGDLFAIK.,.TGDLFAIK.,sp|Q9UHD2|TBK1_HUMAN,2,864.5,0.0,False
558,46,0,0.02551217841128619,0.005267274197129994,0.007551584210666133,0.23563860592769195,Abemaciclib,none,0.0,non-responsive,.SDSFENPVLQQHFR.,.SDSFENPVLQQHFR.,sp|P12956|XRCC6_HUMAN,2,1703.8,0.0,False
559,46,0,0.015603900515162838,0.003367813460738645,0.004626145089024832,0.20935167678346378,BMS-690514,none,0.0,non-responsive,.GAFGEATLYR.,.GAFGEATLYR.,sp|Q8TD19|NEK9_HUMAN,2,1084.5,0.0,False
560,46,0,0.02299052153878896,0.004442042880804968,0.0009696584180136521,0.1420123349691711,Alisertib,none,0.0,non-responsive,.PVASQLPR.,.PVASQLPR.,sp|P35232|PHB_HUMAN,2,867.5,0.0,False
561,46,0,0.03578761915642297,0.004837383094032273,0.0028127560956063076,0.19271615938223435,Barasertib_HQPA,none,0.0,non-responsive,.IIDKTQLNSSSLQK.,.IIDKTQLNSSSLQK.,sp|Q7KZI7|MARK2_HUMAN,3,1574.9,0.0,False
562,46,0,0.058207867204420505,0.005606485231919191,0.00020229015490264138,0.07868361650189579,AT-9283,none,0.0,non-responsive,.TSSFAEPGGGGGGGGGGPGGSASGPGGTGGGK.,.TSSFAEPGGGGGGGGGGPGGSASGPGGTGGGK.,sp|P49840|GSK3A_HUMAN,2,2433.0,0.0,False
563,46,0,0.021525814762509712,0.0037631135929521125,0.0008234012461780148,0.13729486264276405,AEW-541,none,0.0,non-responsive,.KLDSGGFYITSR.,.KLDSGGFYITSR.,sp|P12931|SRC_HUMAN,2,1343.7,0.0,False
564,46,0,0.009222409778909174,0.0027894799792748948,0.005436229387262262,0.21743551782603704,BMS-754807,none,0.0,non-responsive,.NVPVITGSK.,.NVPVITGSK.,sp|P35232|PHB_HUMAN,2,914.5,0.0,False
565,46,0,0.017039612155903872,0.0033336515867848954,0.002222411946338864,0.18082579606997007,Alectinib,none,0.0,non-responsive,.FLANEVLQENYTHLPK.,.FLANEVLQENYTHLPK.,sp|P30291|WEE1_HUMAN,3,1916.0,0.0,False
566,46,0,0.026132177698926656,0.004474204171963727,0.00038607357692546044,0.10165195164717446,ASP-3026,none,0.0,non-responsive,.YTVSVFAK.,.YTVSVFAK.,sp|Q06187|BTK_HUMAN,2,914.5,0.0,False
567,46,0,0.011711066174620921,0.004527329400460591,0.010373426133943079,0.2611820170043393,BMS-690514,none,0.0,non-responsive,.YLYTLVITDKEK.,.YLYTLVITDKEK.,sp|P63173|RL38_HUMAN,3,1485.8,0.0,False
568,46,0,0.01998904210010493,0.0038852025031575472,0.005150670007218659,0.21463621382298953,AZD-1208,none,0.0,non-responsive,.LLEFELAQLTK.,.LLEFELAQLTK.,sp|Q13464|ROCK1_HUMAN,2,1304.7,0.0,False
569,46,0,0.008641932101046737,0.0038848183244554286,0.013800720828837683,0.281478004835818,Alisertib,none,0.0,non-responsive,.TADDPSLSLIK.,.TADDPSLSLIK.,sp|P39656|OST48_HUMAN,2,1159.6,0.0,False
570,46,0,0.04948712722899781,0.0049509254611692245,0.0013622219952193469,0.1523285785712029,Barasertib,none,0.0,non-responsive,.AGAYDFPSPEW+31.983DTVTPEAK.,.AGAYDFPSPEWDTVTPEAK.,sp|Q13557|KCC2D_HUMAN,2,2112.9,0.0,False
571,46,0,0.03522505238549648,0.00720108437493081,0.0006373892548939455,0.12170830371361625,AZD-7762,none,0.0,non-responsive,.LTTVC+57.021PTSKPQTQGLAK.,.LTTVCPTSKPQTQGLAK.,sp|P12931|SRC_HUMAN,2,1887.0,0.0,False
572,46,0,0.01629851736956806,0.0035871070796817156,0.0015499800282480565,0.1612798930354456,Barasertib_HQPA,none,0.0,non-responsive,.LAQFEPSQR.,.LAQFEPSQR.,sp|Q08211|DHX9_HUMAN,2,1075.5,0.0,False
573,46,0,0.02076034731015979,0.0037607151324077315,0.0006980267867503382,0.12633041597884614,AT-9283,none,0.0,non-responsive,.HFSESEASQILR.,.HFSESEASQILR.,sp|O75676|KS6A4_HUMAN,2,1403.7,0.0,False
574,46,0,0.023424165029774045,0.0045842450205753685,0.012178470114693984,0.2704480080980114,Alisertib,none,0.0,non-responsive,.QSGVVVEEPPPSK.,.QSGVVVEEPPPSK.,sp|Q9NYV4|CDK12_HUMAN,2,1352.7,0.0,False
575,46,0,0.010071770513479968,0.003187493383530291,0.031277696972201945,0.36874561257727784,AMG-208_withCAKI,none,0.0,non-responsive,.APQLHLEYR.,.APQLHLEYR.,sp|Q9Y6M4|KC1G3_HUMAN,3,1126.6,0.0,False
576,46,0,0.016505133922527445,0.004080931597887849,0.0028245231351705443,0.19271615938223435,AT-9283,none,0.0,non-responsive,.LIEDNEY+79.963TAR.,.LIEDNEYTAR.,sp|P06239|LCK_HUMAN,2,1303.5,0.0,False
577,46,0,0.014156207155169461,0.004185580242654009,0.0010013752553423077,0.1420123349691711,BMS-690514,none,0.0,non-responsive,.AANILVSASLVC+57.021K.,.AANILVSASLVCK.,sp|P08631|HCK_HUMAN,2,1402.8,0.0,False
578,46,0,0.008741035562867058,0.0030586461238177784,0.00017440285550372305,0.07863752086806414,Barasertib_HQPA,none,0.0,non-responsive,.SPTNTVTVQGLK.,.SPTNTVTVQGLK.,sp|P29323|EPHB2_HUMAN,2,1244.7,0.0,False
579,46,0,0.014252297992919922,0.004026198703596145,0.004306647357181727,0.2063967421423475,Apatinib,none,0.0,non-responsive,.GNLANVIR.,.GNLANVIR.,sp|P05141|ADT2_HUMAN,2,856.5,0.0,False
580,46,0,0.0460682362746649,0.008376785625267998,0.0005218178180281433,0.11477340483316165,BMS-777607_withCAKI,none,0.0,non-responsive,.QQQELDGSLKK.,.QQQELDGSLKK.,sp|Q9H2G2|SLK_HUMAN,3,1273.7,0.0,False
581,46,0,0.010803271505079192,0.003947147093247722,0.0065134970303496395,0.22775812087690717,BI-847325,none,0.0,non-responsive,.NFGSYVTHETK.,.NFGSYVTHETK.,sp|P63167|DYL1_HUMAN,3,1282.6,0.0,False
582,46,0,0.014014609314529997,0.0035527190057926617,0.0078078103471704305,0.23901369572330627,Alisertib,none,0.0,non-responsive,.GYFEYIEENKYSR.,.GYFEYIEENKYSR.,sp|Q00839|HNRPU_HUMAN,2,1697.8,0.0,False
583,46,0,0.012721746732419865,0.003097053550032332,0.005160868903270515,0.21463621382298953,AT-9283,none,0.0,non-responsive,.GPLQSVQVFGR.,.GPLQSVQVFGR.,sp|P62249|RS16_HUMAN,2,1187.6,0.0,False
584,46,0,0.020162911183859003,0.004566073246266192,0.003756501112615783,0.2045770662850812,Barasertib_HQPA,none,0.0,non-responsive,.VSFYQLSHFLQC+57.021K.,.VSFYQLSHFLQCK.,sp|P16615|AT2A2_HUMAN,3,1713.8,0.0,False
585,46,0,0.050235176329270846,0.006505485064867499,0.0057800719343732605,0.22157730728684213,AT-9283,none,0.0,non-responsive,.LC+57.021DSGELVAIKK.,.LCDSGELVAIKK.,sp|P49841|GSK3B_HUMAN,2,1389.7,0.0,False
586,46,0,0.015266768648283262,0.004020523953942061,0.0018875502408056209,0.16886405473672586,Apitolisib,none,0.0,non-responsive,.HC+57.021DSINSDFGSESGGC+57.021GDSSPGPSASQGPR.,.HCDSINSDFGSESGGCGDSSPGPSASQGPR.,sp|Q8TD19|NEK9_HUMAN,3,3123.2,0.0,False
587,46,0,0.04512632100530896,0.0038349198026264384,0.009164563173706173,0.2505522462702218,AMG-208,none,0.0,non-responsive,.FGQIVNTLDK.,.FGQIVNTLDK.,sp|P29323|EPHB2_HUMAN,2,1134.6,0.0,False
588,46,0,0.014961179748845482,0.0032752357399483322,0.000546395681628373,0.11639411158939839,AT-9283,none,0.0,non-responsive,.DFLAGGVAAAISK.,.DFLAGGVAAAISK.,sp|P05141|ADT2_HUMAN,2,1219.7,0.0,False
589,46,0,0.010112126334081898,0.003400503827172818,0.005849712609445731,0.22157730728684213,BMS-777607,none,0.0,non-responsive,.LLEPVLLLGK.,.LLEPVLLLGK.,sp|P62249|RS16_HUMAN,2,1094.7,0.0,False
590,46,0,0.011777645422093861,0.003197190319338724,0.0016168408049581657,0.16354192809179247,BI-847325,none,0.0,non-responsive,.EIQLLLR.,.EIQLLLR.,sp|P27361|MK03_HUMAN,2,884.5,0.0,False
591,46,0,0.02883723008707291,0.0034635389866390577,0.00428110376181993,0.20563971052041657,BMS-777607,none,0.0,non-responsive,.ILEDNSIPQVK.,.ILEDNSIPQVK.,sp|P11177|ODPB_HUMAN,2,1255.7,0.0,False
592,46,0,0.01245147307881028,0.003553805587818519,0.004884738397139892,0.21055423250528593,Alisertib,none,0.0,non-responsive,.EAELKDLLLQVGR.,.EAELKDLLLQVGR.,sp|P30291|WEE1_HUMAN,2,1483.8,0.0,False
593,46,0,0.023290366449451375,0.003922219686261497,0.0013880265319380614,0.1530152722083769,Barasertib_HQPA,none,0.0,non-responsive,.ILVPEGTR.,.ILVPEGTR.,sp|P10515|ODP2_HUMAN,2,884.5,0.0,False
594,46,0,0.0120450049887533,0.0044382012540592755,0.026221322502808453,0.3454937799392934,BMS-911543,none,0.0,non-responsive,.GDVLTIVAVTKDPNWYK.,.GDVLTIVAVTKDPNWYK.,sp|P41240|CSK_HUMAN,2,1919.0,0.0,False
595,46,0,0.03729801195442356,0.006726699947958238,0.0033417906945032508,0.20101827682360715,Baricitinib,none,0.0,non-responsive,.ESTESSNTTIEDEDVK+42.01AR.,.ESTESSNTTIEDEDVKAR.,sp|Q13557|KCC2D_HUMAN,3,2052.9,0.0,False
596,46,0,0.012199451914100611,0.0042269072534190065,0.0006232290564602184,0.12129708246412342,Barasertib_HQPA,none,0.0,non-responsive,.WLNVHYHC+57.021SGAPAAPLQ.,.WLNVHYHCSGAPAAPLQ.,sp|Q13555|KCC2G_HUMAN,2,1977.9,0.0,False
597,46,0,0.017919230266980925,0.004165744024590417,0.0001950467459011536,0.07868361650189579,Apitolisib,none,0.0,non-responsive,.LGQNGIEDFKK.,.LGQNGIEDFKK.,sp|Q9Y5S2|MRCKB_HUMAN,2,1248.6,0.0,False
598,46,0,0.011329234676521036,0.002690807204885961,0.0014453052020746138,0.15640370244250434,Alvocidib,none,0.0,non-responsive,.DAGTIAGLNVLR.,.DAGTIAGLNVLR.,sp|P11142|HSP7C_HUMAN,2,1199.7,0.0,False
599,46,0,0.05309326784623419,0.006288680796539425,0.00010987146462493028,0.07233141364851868,BMS-387032,none,0.0,non-responsive,.NPATTNQTEFER.,.NPATTNQTEFER.,sp|P50750|CDK9_HUMAN,2,1407.6,0.0,False
600,46,0,0.018087658515094907,0.004911771254838075,0.046704003858100786,0.4153706541706864,BI-2536,none,0.0,non-responsive,.AVFPSIVGR.,.AVFPSIVGR.,sp|P60709|ACTB_HUMAN,2,945.5,0.0,False
601,46,0,0.02249690208146724,0.005141860788372005,0.0026753387155397917,0.19122310376627383,ASP-3026,none,0.0,non-responsive,.LLNKDLAELINK.,.LLNKDLAELINK.,sp|Q14289|FAK2_HUMAN,3,1383.8,0.0,False
602,46,0,0.008960790335368755,0.0029630505689438673,0.017209376016693204,0.3012418087183199,Barasertib_HQPA,none,0.0,non-responsive,.SSEAPPLINEDVKR.,.SSEAPPLINEDVKR.,sp|P04843|RPN1_HUMAN,2,1554.8,0.0,False
603,46,0,0.030172912041452293,0.005408658247499944,0.001666553713492184,0.16637095028187887,BI-2536,none,0.0,non-responsive,.VSENDFEDLLSNQGFSSR.,.VSENDFEDLLSNQGFSSR.,sp|O14976|GAK_HUMAN,2,2043.9,0.0,False
604,46,0,0.017485920412381905,0.00470614809215804,0.0006143042226883677,0.12129708246412342,Alisertib,none,0.0,non-responsive,.IPWFQYPIIYDIR.,.IPWFQYPIIYDIR.,sp|Q99623|PHB2_HUMAN,2,1723.9,0.0,False
605,46,0,0.03993166526347123,0.005034799968398391,0.005234454596300369,0.2150399287695821,Barasertib_HQPA,none,0.0,non-responsive,.LEENLPTR.,.LEENLPTR.,sp|Q86YS7|C2CD5_HUMAN,2,971.5,0.0,False
606,46,0,0.02209580136461924,0.0038804617408914697,0.004996954356943292,0.21297047303163205,BMS-387032,none,0.0,non-responsive,.DLKPENILLDEIGHIK.,.DLKPENILLDEIGHIK.,sp|Q9UK32|KS6A6_HUMAN,3,1847.0,0.0,False
607,46,0,0.012822577396292067,0.0032023476600197046,0.0010920840578226702,0.1427293192237684,AT-9283,none,0.0,non-responsive,.LGHGSYGEVFK.,.LGHGSYGEVFK.,sp|Q99640|PMYT1_HUMAN,2,1193.6,0.0,False
608,46,0,0.015231289176230949,0.00452239518492986,0.012054590135077673,0.2696893676798492,AMG-208,none,0.0,non-responsive,.LKVPPAINQFTQALDR.,.LKVPPAINQFTQALDR.,sp|P62424|RL7A_HUMAN,3,1811.0,0.0,False
609,46,0,0.024733772582067205,0.0054824022532822285,0.0008033010035135781,0.13498325791183519,AT-9283,none,0.0,non-responsive,.VLGTEELYGYLK.,.VLGTEELYGYLK.,sp|P19784|CSK22_HUMAN,2,1384.7,0.0,False
610,46,0,0.01775915893436448,0.004186837005488842,0.0023147196730700184,0.18332154895103706,Barasertib_HQPA,none,0.0,non-responsive,.QFVVFEGNHYFYSPYPTK.,.QFVVFEGNHYFYSPYPTK.,sp|P04843|RPN1_HUMAN,2,2223.0,0.0,False
611,46,0,0.023002205557371726,0.005508236869503925,0.010052807631733728,0.2577669117466313,AT-13148,none,0.0,non-responsive,.LEVQATDREENK.,.LEVQATDREENK.,sp|P11387|TOP1_HUMAN,2,1431.7,0.0,False
612,46,0,0.009541777261913824,0.003409544597889819,0.011232655383226226,0.26494439794648283,Barasertib_HQPA,none,0.0,non-responsive,.DSGGREDLVYNIIC+57.021K.,.DSGGREDLVYNIICK.,sp|P29323|EPHB2_HUMAN,3,1795.8,0.0,False
613,46,0,0.02728899158083294,0.0054820012307722574,0.0015946544238931973,0.16157821018876625,AZD-5363,none,0.0,non-responsive,.NLLQVDLTKR.,.NLLQVDLTKR.,sp|P17612|KAPCA_HUMAN,2,1199.7,0.0,False
614,46,0,0.022574584026210105,0.004826961596758295,0.01673339302172389,0.29876326115259044,ASP-3026,none,0.0,non-responsive,.YHTINGHNAEVR.,.YHTINGHNAEVR.,sp|P22626|ROA2_HUMAN,3,1410.7,0.0,False
615,46,0,0.01267819709227774,0.0032881700980461077,0.004947910136525451,0.21197074244817962,Apitolisib,none,0.0,non-responsive,.AGLQFPVGR.,.AGLQFPVGR.,sp|P04908|H2A1B_HUMAN,2,944.5,0.0,False
616,46,0,0.020081099345597726,0.004037276665627203,0.0023757083323604905,0.18629512839593515,AZD-7762,none,0.0,non-responsive,.QQRPVPESQLLPGQR.,.QQRPVPESQLLPGQR.,sp|P07948|LYN_HUMAN,3,1732.9,0.0,False
617,46,0,0.013282818503385408,0.004409652380253669,0.006793296114239349,0.22782522851644013,Alisertib,none,0.0,non-responsive,.HLEINPDHPIVETLR.,.HLEINPDHPIVETLR.,sp|P08238|HS90B_HUMAN,3,1782.9,0.0,False
618,46,0,0.014217346639024471,0.004391182126532945,0.011163508308164172,0.26455839011723475,AMG-900,none,0.0,non-responsive,.YKPESEELTAER.,.YKPESEELTAER.,sp|P07237|PDIA1_HUMAN,2,1451.7,0.0,False
619,46,0,0.01508943691872925,0.004212432285574297,0.006796706012816027,0.22782522851644013,BMS-777607_withCAKI,none,0.0,non-responsive,.SLQAEPWFFGAIGR.,.SLQAEPWFFGAIGR.,sp|P42685|FRK_HUMAN,2,1578.8,0.0,False
620,46,0,0.013448448818291832,0.0032136060806536018,0.0011196404080646807,0.14383210415304723,AZD-4547,none,0.0,non-responsive,.LLEEALLR.,.LLEEALLR.,sp|P78527|PRKDC_HUMAN,2,956.6,0.0,False
621,46,1,0.022327857338205987,0.005095615732516965,1.086604933064175e-07,0.01175869528315397,BMS-690514,decreasing,0.005095615732516965,drug-specific responsive (decreasing),.AASSSSVVPYLPR.,.AASSSSVVPYLPR.,sp|P42684|ABL2_HUMAN,2,1333.7,0.0,False
622,46,0,0.020386180678836418,0.0032932796244540445,0.027309949907505817,0.3513668088504033,AT-9283,none,0.0,non-responsive,.GLLEEQYFELTQESK.,.GLLEEQYFELTQESK.,sp|Q13464|ROCK1_HUMAN,2,1813.9,0.0,False
623,46,0,0.05607856749557069,0.004934654589821055,0.0012539168368055006,0.14832072656499468,Alvocidib,none,0.0,non-responsive,.IRLDTETEGVPSTAIR.,.IRLDTETEGVPSTAIR.,sp|P24941|CDK2_HUMAN,3,1757.9,0.0,False
624,46,0,0.022842122391988247,0.004275999178401181,0.0012668008202734457,0.14913095475443822,AZD-5363,none,0.0,non-responsive,.NLLQVDLTK.,.NLLQVDLTK.,sp|P17612|KAPCA_HUMAN,2,1043.6,0.0,False
625,46,0,0.017311800537918767,0.003781242180895572,0.004340037882916963,0.2065993973052694,Apitolisib,none,0.0,non-responsive,.VLGTGAYGK.,.VLGTGAYGK.,sp|O75676|KS6A4_HUMAN,2,865.5,0.0,False
626,46,0,0.02131320713350189,0.004443395843586838,0.000933432440353573,0.1420123349691711,Barasertib_HQPA,none,0.0,non-responsive,.TQAFEADNLKGLEK.,.TQAFEADNLKGLEK.,sp|Q13464|ROCK1_HUMAN,2,1563.8,0.0,False
627,46,0,0.027686394701955306,0.003117483497570492,0.00436286037838382,0.2065993973052694,AZD-7762,none,0.0,non-responsive,.EGIIPANYVQK.,.EGIIPANYVQK.,sp|P41240|CSK_HUMAN,2,1231.7,0.0,False
628,46,0,0.024798421381314068,0.005312289280146156,0.0010135787727547413,0.1420123349691711,Apitolisib,none,0.0,non-responsive,.YLKDVTLQK.,.YLKDVTLQK.,sp|P18621|RL17_HUMAN,3,1107.6,0.0,False
629,46,0,0.027214341529118495,0.00483488651270826,0.000566102177673759,0.11687991921302383,Barasertib_HQPA,none,0.0,non-responsive,.C+57.021DTAVGTPDYISPEVLK.,.CDTAVGTPDYISPEVLK.,sp|Q13464|ROCK1_HUMAN,2,1921.9,0.0,False
630,46,0,0.010424234494463834,0.003961921873741073,0.006858992372552898,0.227990863522814,Apitolisib,none,0.0,non-responsive,.TGISDVFAK.,.TGISDVFAK.,sp|P19338|NUCL_HUMAN,2,937.5,0.0,False
631,46,0,0.02653175214022131,0.005036247459695355,0.050204335577265974,0.42226746625286377,AT-13148,none,0.0,non-responsive,.IPQVLSQEFTELLK.,.IPQVLSQEFTELLK.,sp|P30291|WEE1_HUMAN,2,1644.9,0.0,False
632,46,0,0.009142938725769597,0.003444315059090132,0.0037629828862474446,0.2045770662850812,BMS-754807,none,0.0,non-responsive,.FLIPNASQAESK.,.FLIPNASQAESK.,sp|P63104|1433Z_HUMAN,2,1304.7,0.0,False
633,46,0,0.021853244897642995,0.005175301331869846,0.0849195933168161,0.4963465094718842,AZD-5363,none,0.0,non-responsive,.VLDELTLAR.,.VLDELTLAR.,sp|P08727|K1C19_HUMAN,2,1029.6,0.0,False
634,46,0,0.008304008384083553,0.002876271803555079,0.005351946623916078,0.21705532459181073,Alectinib,none,0.0,non-responsive,.ATAEALLALPVLR.,.ATAEALLALPVLR.,sp|Q99640|PMYT1_HUMAN,2,1337.8,0.0,False
635,46,0,0.014599762090738516,0.004148301620390062,0.006434516231028963,0.22695931354002583,AZD-1208,none,0.0,non-responsive,.VAEELALEQAKK.,.VAEELALEQAKK.,sp|Q9NX63|MIC19_HUMAN,2,1328.7,0.0,False
636,46,0,0.009788115411983217,0.002766520918567018,0.008612841938501746,0.2467669288787309,AZD-1480,none,0.0,non-responsive,.VADPDHDHT-18.035GFLTEYVATR.,.VADPDHDHTGFLTEYVATR.,sp|P28482|MK01_HUMAN,3,2126.0,0.0,False
637,46,0,0.008153315102111872,0.003370673752444428,0.01420936987219531,0.28277675214299175,AZD-1480,none,0.0,non-responsive,.SIQFVDWC+57.021PTGFK.,.SIQFVDWCPTGFK.,sp|P68363|TBA1B_HUMAN,2,1641.8,0.0,False
638,46,0,0.022665677957114324,0.003456460836166715,0.004970624492661622,0.2124213840111385,AT-9283,none,0.0,non-responsive,.WHLGIR.,.WHLGIR.,sp|Q13131|AAPK1_HUMAN,2,781.4,0.0,False
639,46,0,0.018517650690926698,0.00411735497877546,0.0037686365580635187,0.2045770662850812,BI-847325,none,0.0,non-responsive,.LQAQLDLIEKDYADR.,.LQAQLDLIEKDYADR.,sp|Q9H479|FN3K_HUMAN,2,1790.9,0.0,False
640,46,0,0.022933857807223484,0.0049384317232811165,0.003705637897911448,0.2045770662850812,AMG-208_withCAKI,none,0.0,non-responsive,.LIDTVKDPVSK.,.LIDTVKDPVSK.,sp|P19784|CSK22_HUMAN,2,1214.7,0.0,False
641,46,0,0.02099644544915304,0.004046013283043965,0.0009418064188012012,0.1420123349691711,Amuvatinib,none,0.0,non-responsive,.APELLFGAR.,.APELLFGAR.,sp|P50613|CDK7_HUMAN,2,973.5,0.0,False
642,46,0,0.012122715857926684,0.002730142477246047,0.0038073311501462892,0.2045770662850812,Apitolisib,none,0.0,non-responsive,.LPSNTLDR.,.LPSNTLDR.,sp|P78527|PRKDC_HUMAN,2,915.5,0.0,False
643,46,0,0.02057113469060287,0.005561458205191247,0.011072431019483176,0.2643289483285621,Alisertib,none,0.0,non-responsive,.DNIQGITKPAIR.,.DNIQGITKPAIR.,sp|P62805|H4_HUMAN,2,1325.7,0.0,False
644,46,0,0.011567538717509537,0.003095761710089784,0.023638248374716085,0.3325021286180798,Barasertib_HQPA,none,0.0,non-responsive,.LSKEDIER.,.LSKEDIER.,sp|P11142|HSP7C_HUMAN,2,989.5,0.0,False
645,46,0,0.030494939756627735,0.005858810014753457,0.011584179623027173,0.2662663546953878,BMS-777607,none,0.0,non-responsive,.LAVNMVPFPR.,.LAVNMVPFPR.,sp|P07437|TBB5_HUMAN,2,1143.6,0.0,False
646,46,0,0.021465918441693006,0.005142857019011733,0.005400666141821755,0.21743551782603704,Baricitinib,none,0.0,non-responsive,.DIKSDSILLTHDGR.,.DIKSDSILLTHDGR.,sp|O96013|PAK4_HUMAN,2,1569.8,0.0,False
647,46,0,0.011274710744828463,0.003182880066784584,0.014455112941398708,0.28452654912064074,Alectinib,none,0.0,non-responsive,.VDLPLAVLSK.,.VDLPLAVLSK.,sp|Q9H773|DCTP1_HUMAN,2,1054.6,0.0,False
648,46,0,0.024686454626467753,0.003859282335292188,0.005968319089285192,0.22157730728684213,Alectinib,none,0.0,non-responsive,.GISHVIVDEIHER.,.GISHVIVDEIHER.,sp|Q08211|DHX9_HUMAN,3,1503.8,0.0,False
649,46,0,0.038193498120518234,0.006249295224069334,3.064248964873177e-05,0.06265386055594918,BMS-690514,none,0.0,non-responsive,.AGQTQPNPGILPIQPALTPR.,.AGQTQPNPGILPIQPALTPR.,sp|Q2M2I8|AAK1_HUMAN,2,2069.1,0.0,False
650,46,0,0.009566004318257987,0.004089029137165052,0.006584884808531559,0.22775812087690717,Alectinib,none,0.0,non-responsive,.DLIQGLLTVDPNKR.,.DLIQGLLTVDPNKR.,sp|O75582|KS6A5_HUMAN,2,1581.9,0.0,False
651,46,0,0.01839708172417078,0.005130166794493572,0.0022535385789701178,0.18199005770391888,Baricitinib,none,0.0,non-responsive,.GKPLPEYHVR.,.GKPLPEYHVR.,sp|P78527|PRKDC_HUMAN,3,1195.6,0.0,False
652,46,0,0.015864770408435844,0.00479313346193047,0.0013710487042309443,0.1523285785712029,Alectinib,none,0.0,non-responsive,.PFQSIIHAK.,.PFQSIIHAK.,sp|Q16539|MK14_HUMAN,2,1040.6,0.0,False
653,46,0,0.01718034098368109,0.00628160536467659,0.016040099666260917,0.29627713452033233,Alisertib,none,0.0,non-responsive,.LGDVYVNDAFGTAHR.,.LGDVYVNDAFGTAHR.,sp|P00558|PGK1_HUMAN,2,1634.8,0.0,False
654,46,0,0.023376549253936896,0.004520444024473778,0.0005701438419449526,0.1170304801011241,Alisertib,none,0.0,non-responsive,.FADIVSILDK.,.FADIVSILDK.,sp|P29317|EPHA2_HUMAN,2,1120.6,0.0,False
655,46,0,0.021636020870754367,0.004630824810027741,0.0003653185140544233,0.09761220493431956,Barasertib_HQPA,none,0.0,non-responsive,.C+57.021GQLGVGNYK.,.CGQLGVGNYK.,sp|Q8TD19|NEK9_HUMAN,2,1152.5,0.0,False
656,46,0,0.016512283503825897,0.00566221774568337,0.0038037678311280197,0.2045770662850812,Apitolisib,none,0.0,non-responsive,.ITLPVDFVTADKFDENAK.,.ITLPVDFVTADKFDENAK.,sp|P00558|PGK1_HUMAN,2,2023.0,0.0,False
657,46,0,0.012458420472583501,0.003664246687574473,0.0166513818735358,0.298745629835109,Abemaciclib,none,0.0,non-responsive,.YHVPVVVVPEGSASDTHEQAILR.,.YHVPVVVVPEGSASDTHEQAILR.,sp|P04844|RPN2_HUMAN,4,2503.3,0.0,False
658,46,0,0.025842368062442986,0.006126320669571253,0.00013820500470206192,0.07290394674065966,ASP-3026,none,0.0,non-responsive,.RPGGPQYGIAR.,.RPGGPQYGIAR.,sp|Q14289|FAK2_HUMAN,3,1171.6,0.0,False
659,46,1,0.030066687499701424,0.005365838752826669,8.817420552377316e-06,0.038637569191024346,BMS-690514,decreasing,0.005365838752826669,drug-specific responsive (decreasing),.IADFGFGNFFK.,.IADFGFGNFFK.,sp|Q9H0K1|SIK2_HUMAN,2,1262.6,0.0,False
660,46,0,0.02285280956292515,0.0028674749524003748,0.00041937693125438725,0.10508159839106349,AT-9283,none,0.0,non-responsive,.NQSPVLEPVGR.,.NQSPVLEPVGR.,sp|P51812|KS6A3_HUMAN,2,1195.6,0.0,False
661,46,0,0.03048395152126253,0.004257187054511294,0.003093356297379305,0.19777647533638948,Barasertib_HQPA,none,0.0,non-responsive,.GYVNNTTVAVK.,.GYVNNTTVAVK.,sp|Q9NWZ3|IRAK4_HUMAN,2,1165.6,0.0,False
662,46,0,0.012629554539066033,0.0038597039016363627,0.00015222013236041706,0.07472111960408803,BI-2536,none,0.0,non-responsive,.VYIDPFTYEDPNEAVR.,.VYIDPFTYEDPNEAVR.,sp|P54760|EPHB4_HUMAN,2,1927.9,0.0,False
663,46,0,0.024747632661237976,0.005422453968885918,0.00019630187129108061,0.07868361650189579,AZD-5363,none,0.0,non-responsive,.KGSEQESVKEFLAK.,.KGSEQESVKEFLAK.,sp|P17612|KAPCA_HUMAN,3,1579.8,0.0,False
664,46,0,0.018155496488404015,0.004695720265153616,0.010484694600902157,0.26173038667511583,BGT-226,none,0.0,non-responsive,.VHLVGIDIFTGK.,.VHLVGIDIFTGK.,sp|P63241|IF5A1_HUMAN,2,1298.7,0.0,False
665,46,0,0.01607240452291374,0.004230876104278437,0.014756394111302104,0.2868814934367403,Apitolisib,none,0.0,non-responsive,.TPVEPEVAIHR.,.TPVEPEVAIHR.,sp|P60866|RS20_HUMAN,3,1247.7,0.0,False
666,46,0,0.017403242258597174,0.0034947712351045754,0.00023940732050205097,0.08330374015475707,BMS-690514,none,0.0,non-responsive,.QLLAPGNSAGAFLIR.,.QLLAPGNSAGAFLIR.,sp|P07948|LYN_HUMAN,2,1527.8,0.0,False
667,46,0,0.02200890669709687,0.005901980492843225,0.0030691945507367413,0.19776384089732849,Abemaciclib,none,0.0,non-responsive,.KVPQVSTPTLVEVSR.,.KVPQVSTPTLVEVSR.,sp|P02768|ALBU_HUMAN,3,1639.9,0.0,False
668,46,0,0.01987957019242314,0.003845681161964476,0.006982941917039868,0.23017539013153407,Baricitinib,none,0.0,non-responsive,.ASDLTDAFVEVK.,.ASDLTDAFVEVK.,sp|Q86YS7|C2CD5_HUMAN,2,1294.6,0.0,False
669,46,0,0.02489652290185343,0.004409607389975253,0.019117658496853977,0.31166781783735215,BMS-777607,none,0.0,non-responsive,.LELQGPR.,.LELQGPR.,sp|P19338|NUCL_HUMAN,2,812.4,0.0,False
670,46,0,0.012900555733713787,0.004240341338259007,0.016844860268857686,0.2989329431212177,BMS-777607_withCAKI,none,0.0,non-responsive,.ERHPGSFDVVHVK.,.ERHPGSFDVVHVK.,sp|P62701|RS4X_HUMAN,4,1506.8,0.0,False
671,46,0,0.012999282868704616,0.004296152489125459,0.0029980068539138434,0.19710164744610362,Barasertib_HQPA,none,0.0,non-responsive,.AAGVNVEPFWPGLFAK.,.AAGVNVEPFWPGLFAK.,sp|P05386|RLA1_HUMAN,2,1702.9,0.0,False
672,46,0,0.025638869411161346,0.004773421528975501,0.002043254973921265,0.17287790226965571,ASP-3026,none,0.0,non-responsive,.NVLVSSNDC+57.021VK.,.NVLVSSNDCVK.,sp|Q05397|FAK1_HUMAN,2,1291.6,0.0,False
673,46,0,0.011141606716366074,0.0037444943322041775,0.0004080825427663624,0.10342073153503958,BMS-777607,none,0.0,non-responsive,.NDLAVVDVR.,.NDLAVVDVR.,sp|P19338|NUCL_HUMAN,2,1000.5,0.0,False
674,46,0,0.013146024646991735,0.0025680287865172784,0.005714170342376872,0.22157730728684213,BMS-777607,none,0.0,non-responsive,.QAQIEVVPSASALIIK.,.QAQIEVVPSASALIIK.,sp|P30050|RL12_HUMAN,2,1667.0,0.0,False
675,46,0,0.011464662833192415,0.004130447559262156,0.005830322713581,0.22157730728684213,Alvocidib,none,0.0,non-responsive,.HVVQSISTQQEK.,.HVVQSISTQQEK.,sp|P24539|AT5F1_HUMAN,2,1383.7,0.0,False
676,46,0,0.016835682852638967,0.004304425859169282,0.0026273316319420288,0.19094677198099427,AT-9283,none,0.0,non-responsive,.AFLSTHPNTETVFEAFLK.,.AFLSTHPNTETVFEAFLK.,sp|Q96S44|PRPK_HUMAN,3,2052.0,0.0,False
677,46,0,0.027511589223200357,0.005140761988179687,0.004641729527910803,0.20935167678346378,BMS-387032,none,0.0,non-responsive,.YTQLQYIGEGAYGMVSSAYDHVR.,.YTQLQYIGEGAYGMVSSAYDHVR.,sp|P27361|MK03_HUMAN,3,2608.2,0.0,False
678,46,0,0.022431198435759546,0.0038504567950883744,9.13120120718367e-05,0.06738139431726822,AT-9283,none,0.0,non-responsive,.YAGYSFEK.,.YAGYSFEK.,sp|P45983|MK08_HUMAN,2,964.4,0.0,False
679,46,0,0.018530055962817996,0.00488747737532673,0.00012058088725635878,0.07290394674065966,ASP-3026,none,0.0,non-responsive,.TYVDPHTYEDPNQAVLK.,.TYVDPHTYEDPNQAVLK.,sp|P29317|EPHA2_HUMAN,3,1989.9,0.0,False
680,46,0,0.021896938371455496,0.004588065267545098,0.006736096838470945,0.22782522851644013,Baricitinib,none,0.0,non-responsive,.IFQILYANEGESK.,.IFQILYANEGESK.,sp|O75116|ROCK2_HUMAN,2,1511.8,0.0,False
681,46,0,0.00986104507895876,0.003089917340883139,0.010042673642999203,0.2577450148056386,BI-2536,none,0.0,non-responsive,.FTPGTFTNQIQAAFR.,.FTPGTFTNQIQAAFR.,sp|P08865|RSSA_HUMAN,2,1698.8,0.0,False
682,46,0,0.00850373409426937,0.003216263196593453,0.0011465583910965815,0.14410547769165688,BI-2536,none,0.0,non-responsive,.EAFEQPQTSSTPPR.,.EAFEQPQTSSTPPR.,sp|P52564|MP2K6_HUMAN,2,1574.7,0.0,False
683,46,0,0.011608135273223887,0.003945282129078485,0.000937010108547245,0.1420123349691711,AZD-5438,none,0.0,non-responsive,.ISSLLEEQFQQGK.,.ISSLLEEQFQQGK.,sp|P62241|RS8_HUMAN,2,1506.8,0.0,False
684,46,0,0.021676775092691322,0.0037392671295947773,0.006678534250643091,0.22775812087690717,BMS-387032,none,0.0,non-responsive,.LDTETEGVPSTAIR.,.LDTETEGVPSTAIR.,sp|P24941|CDK2_HUMAN,2,1488.7,0.0,False
685,46,0,0.018001534214306232,0.004656659405009502,0.0074622729242727085,0.23563860592769195,Barasertib_HQPA,none,0.0,non-responsive,.GAILTTMLVSR.,.GAILTTMLVSR.,sp|Q13555|KCC2G_HUMAN,2,1161.6,0.0,False
686,46,0,0.008006342733368907,0.002649764900712031,0.010400815935972228,0.2617143469325767,Alectinib,none,0.0,non-responsive,.EIFNFVLK.,.EIFNFVLK.,sp|P78527|PRKDC_HUMAN,2,1009.6,0.000489422,False
687,46,0,0.011015818117751475,0.004110205030884078,0.008027238776742458,0.2423984100325921,AT-9283,none,0.0,non-responsive,.VALTGLTVAEYFR.,.VALTGLTVAEYFR.,sp|P06576|ATPB_HUMAN,2,1439.8,0.0,False
688,46,0,0.014599939276222275,0.004292397429255922,0.023242529812470672,0.33153680175118544,AT-9283,none,0.0,non-responsive,.IFVGGLSPDTPEEK.,.IFVGGLSPDTPEEK.,sp|Q14103|HNRPD_HUMAN,2,1488.7,0.0,False
689,46,0,0.009119212533827336,0.002977900056849311,0.016405138842653984,0.29827500893368575,AMG-208,none,0.0,non-responsive,.VTELALTASDR.,.VTELALTASDR.,sp|P78527|PRKDC_HUMAN,2,1175.6,0.0,False
690,46,0,0.011776555703513235,0.004572416224713538,0.0040143064750353535,0.2045770662850812,AT-13148,none,0.0,non-responsive,.LTAEELLNKDFAK.,.LTAEELLNKDFAK.,sp|Q2M2I8|AAK1_HUMAN,2,1491.8,0.0,False
691,46,0,0.013807221418914679,0.004146696654015747,0.0006571346140585003,0.1230308343604509,Afatinib,none,0.0,non-responsive,.AAYFGIYDTAK.,.AAYFGIYDTAK.,sp|P05141|ADT2_HUMAN,2,1219.6,0.0,False
692,46,0,0.009054127620893608,0.0027590385726572863,0.03575550011213302,0.38464818275405505,AMG-208,none,0.0,non-responsive,.VLEQLTGQTPVFSK.,.VLEQLTGQTPVFSK.,sp|P62913|RL11_HUMAN,2,1546.8,0.0,False
693,46,0,0.01995801154405298,0.005796375692582347,0.019023021862342792,0.31135177828760635,Alisertib,none,0.0,non-responsive,.SNVSDAVAQSTR.,.SNVSDAVAQSTR.,sp|P60174|TPIS_HUMAN,2,1234.6,0.0,False
694,46,0,0.020799688719987,0.004299647687431987,0.000723269175072779,0.1285198255837451,AT-9283,none,0.0,non-responsive,.LGAGPDGVEEIKR.,.LGAGPDGVEEIKR.,sp|P51812|KS6A3_HUMAN,2,1340.7,0.0,False
695,46,0,0.016111747828487347,0.003908745566155584,0.026386551015975136,0.34644367796465714,Alisertib,none,0.0,non-responsive,.AVTEQGAELSNEER.,.AVTEQGAELSNEER.,sp|P27348|1433T_HUMAN,2,1532.7,0.0,False
696,46,0,0.026605386459657966,0.0059229040601946805,0.006804581567786245,0.22783347597710038,Alvocidib,none,0.0,non-responsive,.YQQGDFGYC+57.021PR.,.YQQGDFGYCPR.,sp|P67870|CSK2B_HUMAN,2,1447.6,0.0,False
697,46,0,0.05039639517346679,0.007924064582628258,0.011979259297144518,0.2692285659066446,AZD-8186,none,0.0,non-responsive,.PSADLTNSSAPSPSHK.,.PSADLTNSSAPSPSHK.,sp|Q7KZI7|MARK2_HUMAN,2,1595.7,0.0,False
698,46,0,0.011323753448960173,0.003367023151928326,0.0024224659358145105,0.1879191048345285,AMG-208,none,0.0,non-responsive,.LGLPGDEVDNKVK.,.LGLPGDEVDNKVK.,sp|P78527|PRKDC_HUMAN,2,1383.7,0.0,False
699,46,1,0.03592872466966335,0.005799270161962143,1.7293317228657907e-06,0.025722670251548944,BMS-690514,decreasing,0.005799270161962143,drug-specific responsive (decreasing),.GAQASSGSPALPR.,.GAQASSGSPALPR.,sp|P42684|ABL2_HUMAN,2,1198.6,0.0,False
700,46,0,0.012585034864032747,0.004115735770753255,0.0003517556233987097,0.09516308696522842,Alisertib,none,0.0,non-responsive,.VNTLIRPDGEK.,.VNTLIRPDGEK.,sp|P62750|RL23A_HUMAN,2,1241.7,0.0,False
701,46,0,0.01988573878029001,0.004706275989521187,0.0018389084779765784,0.16886405473672586,Apitolisib,none,0.0,non-responsive,.NVAVDELSR.,.NVAVDELSR.,sp|P16083|NQO2_HUMAN,2,1002.5,0.0,False
702,46,0,0.030781105015141884,0.0043334421824293866,0.01299674076708865,0.2779513666810219,Alvocidib,none,0.0,non-responsive,.DFLAGGIAAAISK.,.DFLAGGIAAAISK.,sp|P12236|ADT3_HUMAN,2,1233.7,0.0,False
703,46,0,0.009435579442219415,0.0029210379829589634,0.006051803700888647,0.22157730728684213,BMS-777607_withCAKI,none,0.0,non-responsive,.SGPFGQIFRPDNFVFGQSGAGNN+31.984WAK.,.SGPFGQIFRPDNFVFGQSGAGNNWAK.,sp|P07437|TBB5_HUMAN,3,2830.3,0.0,False
704,46,0,0.008109027348194497,0.0029727936383174957,0.0018146750854413658,0.16886405473672586,Alectinib,none,0.0,non-responsive,.LPLISGFYK.,.LPLISGFYK.,sp|P78527|PRKDC_HUMAN,2,1037.6,0.0,False
705,46,0,0.009990046530575931,0.0033702644667045908,0.011433829120080478,0.2654605917677556,BMS-387032,none,0.0,non-responsive,.KASGPPVSELITK.,.KASGPPVSELITK.,sp|P16403|H12_HUMAN,2,1326.7,0.0,False
706,46,0,0.029805070227491844,0.004548437798873565,0.0009998331852916307,0.1420123349691711,Barasertib_HQPA,none,0.0,non-responsive,.LLTFGC+57.021NK.,.LLTFGCNK.,sp|Q8TD19|NEK9_HUMAN,2,1009.5,0.0,False
707,46,0,0.018775398334274534,0.005025368991392838,0.0028650106629445997,0.19316955071062297,Alisertib,none,0.0,non-responsive,.IISSIEQKEENKGGEDKLK.,.IISSIEQKEENKGGEDKLK.,sp|P62258|1433E_HUMAN,4,2145.1,0.0,False
708,46,0,0.024046754177889193,0.003418135260432794,0.0039244837713448815,0.2045770662850812,AZD-7762,none,0.0,non-responsive,.GPSAAFAPAAAEPK.,.GPSAAFAPAAAEPK.,sp|P12931|SRC_HUMAN,2,1284.6,0.0,False
709,46,0,0.010450751393750153,0.0021383670596664232,0.021956894276219587,0.3251320900521487,AZD-1208,none,0.0,non-responsive,.IQTQPGYANTLR.,.IQTQPGYANTLR.,sp|Q00325|MPCP_HUMAN,2,1361.7,0.0,False
710,46,0,0.025409479260814317,0.004159727119094943,0.014605223148275679,0.28603089426486794,Alectinib,none,0.0,non-responsive,.EDITQSAQHALR.,.EDITQSAQHALR.,sp|Q12906|ILF3_HUMAN,2,1368.7,0.0,False
711,46,0,0.016265896670375573,0.004416172999463755,0.00543219581073964,0.21743551782603704,BGT-226,none,0.0,non-responsive,.DLQMVNISLR.,.DLQMVNISLR.,sp|Q99623|PHB2_HUMAN,2,1188.6,0.0,False
712,46,0,0.014423201962637707,0.0046391244726140535,0.024806416549672805,0.33887970927040756,Alisertib,none,0.0,non-responsive,.VPTANVSVVDLTC+57.021R.,.VPTANVSVVDLTCR.,sp|P04406|G3P_HUMAN,2,1587.8,0.0,False
713,46,0,0.02352591231473334,0.0055403882738371876,0.0004645938930970545,0.10856108234576504,ASP-3026,none,0.0,non-responsive,.LADFGVSAK.,.LADFGVSAK.,sp|Q9H2G2|SLK_HUMAN,2,907.5,0.0,False
714,46,0,0.013323632434581076,0.0033790393216582277,0.04878119057550159,0.42100896664316206,BGT-226,none,0.0,non-responsive,.FEELNADLFR.,.FEELNADLFR.,sp|P11142|HSP7C_HUMAN,2,1253.6,0.0,False
715,46,0,0.01399986585708714,0.004628428822341318,0.0009992094806586685,0.1420123349691711,Alisertib,none,0.0,non-responsive,.ESESQKGEFSLSVLDGAVVK.,.ESESQKGEFSLSVLDGAVVK.,sp|P42685|FRK_HUMAN,2,2109.1,0.0,False
716,46,0,0.011069030283316194,0.0038534908353482695,0.007929370409453513,0.24029034412181796,AT-9283,none,0.0,non-responsive,.QASIQHIQNAIDTEK.,.QASIQHIQNAIDTEK.,sp|P24539|AT5F1_HUMAN,2,1695.8,0.0,False
717,46,0,0.009135177746492364,0.003530326964755792,0.010662263714075297,0.2637489915600143,BI-847325,none,0.0,non-responsive,.NNFAVGYR.,.NNFAVGYR.,sp|P45880|VDAC2_HUMAN,2,940.4,0.0,False
718,46,1,0.053943231113951835,0.010194390059831322,3.1865097383723424e-06,0.028735679278163586,Alvocidib,decreasing,0.010194390059831322,drug-specific responsive (decreasing),.GSQITQQSTNQSR.,.GSQITQQSTNQSR.,sp|P50750|CDK9_HUMAN,2,1434.7,0.0,False
719,46,0,0.012710985122451732,0.0038941856079984616,0.003274411870872566,0.1997984626431936,Alisertib,none,0.0,non-responsive,.TIQFVDWC+57.021PTGFK.,.TIQFVDWCPTGFK.,sp|Q9BQE3|TBA1C_HUMAN,2,1655.8,0.0,False
720,46,0,0.017639583926139644,0.004337921847301621,0.020171015316220973,0.3171733675021877,ASP-3026,none,0.0,non-responsive,.GSEQESVKEFLAK.,.GSEQESVKEFLAK.,sp|P17612|KAPCA_HUMAN,2,1451.7,0.0,False
721,46,0,0.03826340919341242,0.005384345729049127,0.00184625044765894,0.16886405473672586,Axitinib,none,0.0,non-responsive,.TNLFSALIK.,.TNLFSALIK.,sp|P00519|ABL1_HUMAN,2,1006.6,0.0,False
722,46,1,0.021106659616120224,0.0042954698882434516,8.661833781423021e-06,0.038637569191024346,AT-9283,decreasing,0.0042954698882434516,drug-specific responsive (decreasing),.EVYLSGSFNNWSK.,.EVYLSGSFNNWSK.,sp|Q9Y478|AAKB1_HUMAN,2,1530.7,0.0,False
723,46,0,0.010402370350950154,0.003282961556984941,0.0010785130667195237,0.1420123349691711,Barasertib_HQPA,none,0.0,non-responsive,.LAGANPAVITC+57.021DELLLGHEK.,.LAGANPAVITCDELLLGHEK.,sp|P78527|PRKDC_HUMAN,3,2178.1,0.0,False
724,46,0,0.016825273425606507,0.003434649213215584,0.013301801016753085,0.27928878483273867,BI-847325,none,0.0,non-responsive,.GEASETLQSPGYDPSRPESFFQQSFQR.,.GEASETLQSPGYDPSRPESFFQQSFQR.,sp|Q99640|PMYT1_HUMAN,3,3075.4,0.0,False
725,46,0,0.013804115709322426,0.0040467263574595624,0.006672690866031493,0.22775812087690717,Afatinib,none,0.0,non-responsive,.TPLHEIALSIK.,.TPLHEIALSIK.,sp|Q08211|DHX9_HUMAN,2,1221.7,0.0,False
726,46,0,0.022449508594184802,0.004084160653578449,0.003235078149030218,0.1994367753577562,AT-9283,none,0.0,non-responsive,.QVLQHPWVTQK.,.QVLQHPWVTQK.,sp|Q15418|KS6A1_HUMAN,2,1363.7,0.0,False
727,46,0,0.015229903321007723,0.004139738041894555,0.007171116549385532,0.23194448281190033,Alvocidib,none,0.0,non-responsive,.IITGKPSGAISGVQK.,.IITGKPSGAISGVQK.,sp|Q9UHD2|TBK1_HUMAN,2,1455.8,0.0,False
728,46,0,0.03333975608624141,0.00576874101979342,0.008344505607152653,0.2444158936921539,AT-7519,none,0.0,non-responsive,.YFFYSSGEK.,.YFFYSSGEK.,sp|P49841|GSK3B_HUMAN,2,1127.5,0.0,False
729,46,0,0.009297479446802826,0.0030756046805731634,0.03327180696537064,0.37701660636205064,Alisertib,none,0.0,non-responsive,.KIEEIKDFLLTAR.,.KIEEIKDFLLTAR.,sp|P63173|RL38_HUMAN,3,1575.9,0.0,False
730,46,0,0.024279317614507804,0.005701003956458035,0.006750135147468179,0.22782522851644013,BMS-690514,none,0.0,non-responsive,.EAEILSVLSHR.,.EAEILSVLSHR.,sp|Q9NYL2|M3K20_HUMAN,2,1253.7,0.0,False
731,46,0,0.015040540260195804,0.003231145811618266,0.0019145827773321788,0.16886405473672586,Abemaciclib,none,0.0,non-responsive,.IVVNLTGR.,.IVVNLTGR.,sp|P62244|RS15A_HUMAN,2,871.5,0.0,False
732,46,0,0.02684437201808979,0.004730007943181179,0.005444487009685633,0.21743551782603704,AZD-5363,none,0.0,non-responsive,.LLLQNELK.,.LLLQNELK.,sp|Q13464|ROCK1_HUMAN,2,970.6,0.0,False
733,46,0,0.024072301545877025,0.0037254068102701298,6.866652685287389e-05,0.06650735231147029,AT-9283,none,0.0,non-responsive,.VVNPYYLR.,.VVNPYYLR.,sp|Q13131|AAPK1_HUMAN,2,1023.5,0.0,False
734,46,0,0.026771662916650563,0.006249462028493724,0.007752592237801007,0.23857305865555528,AEW-541,none,0.0,non-responsive,.ETLQGLAYLHTK.,.ETLQGLAYLHTK.,sp|Q9Y4K4|M4K5_HUMAN,2,1373.7,0.0,False
735,46,0,0.0316670615400122,0.006917964292937812,0.001839758411809562,0.16886405473672586,ASP-3026,none,0.0,non-responsive,.THAEDLNSGPLHR.,.THAEDLNSGPLHR.,sp|P16591|FER_HUMAN,3,1446.7,0.0,False
736,46,0,0.011227352778063025,0.002381998593886144,0.009774975488404019,0.2552903352181224,Alectinib,none,0.0,non-responsive,.TLSDYNIQK.,.TLSDYNIQK.,sp|P62979|RS27A_HUMAN,2,1081.5,0.0,False
737,46,0,0.02188832501064664,0.003569794951468255,0.004338010291767469,0.2065993973052694,Alisertib,none,0.0,non-responsive,.IPEQILGK.,.IPEQILGK.,sp|Q02750|MP2K1_HUMAN,2,897.5,0.0,False
738,46,0,0.01880046020029313,0.0035750859932138835,0.004610961782314532,0.20918660144560025,Apitolisib,none,0.0,non-responsive,.AFGGPGAGC+57.021ISEGR.,.AFGGPGAGCISEGR.,sp|Q9H479|FN3K_HUMAN,2,1392.6,0.0,False
739,46,0,0.019167833258412766,0.005060922595335643,0.018103395890000117,0.3061360583777414,Afatinib,none,0.0,non-responsive,.GIVDQSQQAYQEAFEISKK.,.GIVDQSQQAYQEAFEISKK.,sp|P63104|1433Z_HUMAN,2,2169.1,0.0,False
740,46,0,0.02737487611224174,0.005324972878178478,0.0004664871163034768,0.10856108234576504,Apitolisib,none,0.0,non-responsive,.AGGKPSQSPSQEAAGEAVLGAK.,.AGGKPSQSPSQEAAGEAVLGAK.,sp|P00519|ABL1_HUMAN,3,2040.0,0.0,False
741,46,0,0.019423755154259457,0.003782813465158221,0.0028044640087307514,0.19271615938223435,Barasertib_HQPA,none,0.0,non-responsive,.ADPSHFELLK.,.ADPSHFELLK.,sp|Q15418|KS6A1_HUMAN,2,1156.6,0.0,False
742,46,0,0.014162430746679963,0.003603479048648864,0.009375992630310213,0.2507323979046073,ARRY-380,none,0.0,non-responsive,.RPTPQDSPIFLPVDDTSFR.,.RPTPQDSPIFLPVDDTSFR.,sp|P49327|FAS_HUMAN,3,2188.1,0.0,False
743,46,0,0.015971275773863387,0.005335184153687298,0.011326354882881483,0.265185491451852,AZD-5438,none,0.0,non-responsive,.IEDVTPIPSDSTRR.,.IEDVTPIPSDSTRR.,sp|P62263|RS14_HUMAN,3,1585.8,0.0,False
744,46,0,0.026917787149815152,0.0038994284661336602,0.033716251824707236,0.379023105966983,Alisertib,none,0.0,non-responsive,.HSGPNSADSANDGFVR.,.HSGPNSADSANDGFVR.,sp|P52597|HNRPF_HUMAN,3,1630.7,0.0,False
745,46,0,0.04207040209260256,0.004738187281585044,0.0009346844234815663,0.1420123349691711,Barasertib_HQPA,none,0.0,non-responsive,.KPPAPDPFAR.,.KPPAPDPFAR.,sp|O75116|ROCK2_HUMAN,2,1095.6,0.0,False
746,46,0,0.010687567807689697,0.0038646537857774514,0.00765305870709246,0.2375741061297094,AXL-1717,none,0.0,non-responsive,.GNKPWISLPR.,.GNKPWISLPR.,sp|P62701|RS4X_HUMAN,2,1167.6,0.0,False
747,46,0,0.015072641999475448,0.003983119589786321,0.0014323697143488483,0.15517910385886982,Barasertib_HQPA,none,0.0,non-responsive,.DIKPDNVLLDVNGHIR.,.DIKPDNVLLDVNGHIR.,sp|Q9Y5S2|MRCKB_HUMAN,3,1818.0,0.0,False
748,46,0,0.06367342683254741,0.005999268735164762,0.0008697476482830141,0.1385295801739095,Alvocidib,none,0.0,non-responsive,.AANVLITR.,.AANVLITR.,sp|P50750|CDK9_HUMAN,2,857.5,0.0,False
749,46,0,0.020193575081558186,0.004766921062225622,0.00523954476212019,0.2150399287695821,ASP-3026,none,0.0,non-responsive,.YNSDLVQK.,.YNSDLVQK.,sp|Q06187|BTK_HUMAN,2,966.5,0.0,False
750,46,0,0.021649107470842654,0.004639188860262754,0.001328196103333622,0.1523285785712029,Apitolisib,none,0.0,non-responsive,.FYSAEISLALNYLHER.,.FYSAEISLALNYLHER.,sp|P41743|KPCI_HUMAN,3,1926.0,0.0,False
751,46,0,0.018529061352676526,0.0037207585702910733,0.0008827738577431656,0.1385295801739095,AT-9283,none,0.0,non-responsive,.FSLSGGYWNSVSDTAK.,.FSLSGGYWNSVSDTAK.,sp|P51812|KS6A3_HUMAN,2,1718.8,0.0,False
752,46,0,0.009803422496416173,0.0034447827871858586,0.01684173946585537,0.2989329431212177,AT-13148,none,0.0,non-responsive,.FSVC+57.021VLGDQQHC+57.021DEAK.,.FSVCVLGDQQHCDEAK.,sp|P62906|RL10A_HUMAN,2,2006.9,0.0,False
753,46,0,0.013079555052649006,0.004418610862836805,0.005941328457807312,0.22157730728684213,BMS-777607_withCAKI,none,0.0,non-responsive,.VRPSSDLNNSTGQSPHHK.,.VRPSSDLNNSTGQSPHHK.,sp|P27448|MARK3_HUMAN,3,1960.9,0.0,False
754,46,0,0.020940844023315818,0.005920015531995541,2.470086105809122e-05,0.06265386055594918,Alectinib,none,0.0,non-responsive,.ESESSPGQLSISLR.,.ESESSPGQLSISLR.,sp|P42684|ABL2_HUMAN,2,1489.7,0.0,False
755,46,0,0.0104907050808702,0.0033924271708310723,0.0190261100696639,0.31135177828760635,Apitolisib,none,0.0,non-responsive,.IAFAITAIK.,.IAFAITAIK.,sp|P62269|RS18_HUMAN,2,947.6,0.0,False
756,46,0,0.026756711278975998,0.0041618279716198366,0.003656958949854867,0.2045770662850812,Baricitinib,none,0.0,non-responsive,.SQGGDGFYGR.,.SQGGDGFYGR.,sp|O75116|ROCK2_HUMAN,2,1043.4,0.0,False
757,46,0,0.01117278803228111,0.0035490345013462266,0.014026521271468917,0.28270699174486585,AMG-208,none,0.0,non-responsive,.QTVAVGVIK.,.QTVAVGVIK.,sp|P68104|EF1A1_HUMAN,2,914.5,0.0,False
758,46,0,0.029141601245504453,0.0049069063063990805,6.406316290984914e-05,0.06650735231147029,AT-9283,none,0.0,non-responsive,.ITDTIGPTETSIAPR.,.ITDTIGPTETSIAPR.,sp|Q9NSY1|BMP2K_HUMAN,2,1571.8,0.0,False
759,46,0,0.023524175001241848,0.003795396065556672,0.001873544061904683,0.16886405473672586,AZD-5363,none,0.0,non-responsive,.GAFGEVQLVR.,.GAFGEVQLVR.,sp|Q13464|ROCK1_HUMAN,2,1075.6,0.0,False
760,46,0,0.06334510770001628,0.008026588516456969,0.00028309788429795794,0.08703180266041,BMS-387032,none,0.0,non-responsive,.VVTLWYRPPELLLGER.,.VVTLWYRPPELLLGER.,sp|P50750|CDK9_HUMAN,3,1941.1,0.0,False
761,46,0,0.013239461765658968,0.0043701696550368825,0.003441995004881863,0.20276292294681048,BI-2536,none,0.0,non-responsive,.TEYPDVAWPLR.,.TEYPDVAWPLR.,sp|O43353|RIPK2_HUMAN,2,1346.7,0.0,False
762,46,0,0.022978929564904414,0.006362963460757433,0.004144077530957863,0.20522078595871698,AT-9283,none,0.0,non-responsive,.LVEAEVHR.,.LVEAEVHR.,sp|P54619|AAKG1_HUMAN,2,952.5,0.0,False
763,46,0,0.015756899886025813,0.0035076739649876607,0.0015337332677735742,0.1601637003661837,AT-9283,none,0.0,non-responsive,.LDGFILTER.,.LDGFILTER.,sp|Q6PHR2|ULK3_HUMAN,2,1063.6,0.0,False
764,46,0,0.01130211509049889,0.0033723355557031248,0.0011870605341114794,0.1446991877256131,BI-2536,none,0.0,non-responsive,.IPDWFLNR.,.IPDWFLNR.,sp|P62269|RS18_HUMAN,2,1060.5,0.0,False
765,46,0,0.015175880767620107,0.005677548488679071,0.003453365700195932,0.20276756164634047,BMS-777607,none,0.0,non-responsive,.FLQDYFDGNLKR.,.FLQDYFDGNLKR.,sp|P30101|PDIA3_HUMAN,3,1515.7,0.0,False
766,46,0,0.02326368595085494,0.0051730903847311376,0.00200787529769544,0.17095375715193709,Alisertib,none,0.0,non-responsive,.LFLIDFGLAK.,.LFLIDFGLAK.,sp|P48729|KC1A_HUMAN,2,1136.7,0.0,False
767,46,0,0.03009006077328931,0.004386761129238989,0.00611334970295884,0.2231218003729143,AZD-1208,none,0.0,non-responsive,.GANILLTDHGDVK.,.GANILLTDHGDVK.,sp|Q9Y4K4|M4K5_HUMAN,2,1352.7,0.0,False
768,46,0,0.01785065125058224,0.0042009633743603,0.0014178132273937347,0.15466598629275502,Alvocidib,none,0.0,non-responsive,.VYGGEIVLALEHLHK.,.VYGGEIVLALEHLHK.,sp|O75676|KS6A4_HUMAN,3,1677.9,0.0,False
769,46,0,0.010967722489348741,0.002643714569196061,0.00031069274727536333,0.08732887180884011,Alvocidib,none,0.0,non-responsive,.AVDSLVPIGR.,.AVDSLVPIGR.,sp|P25705|ATPA_HUMAN,2,1026.6,0.0,False
770,46,0,0.014305473647518913,0.0029003944630023445,0.0008133720154776923,0.13604181244964214,Barasertib_HQPA,none,0.0,non-responsive,.YPSPFFVFGEK.,.YPSPFFVFGEK.,sp|Q08211|DHX9_HUMAN,2,1317.6,0.0,False
771,46,0,0.020006453909946043,0.003768001830604197,0.00041949129515260757,0.10508159839106349,AT-9283,none,0.0,non-responsive,.VIELPLRPLLSR.,.VIELPLRPLLSR.,sp|Q6PHR2|ULK3_HUMAN,3,1405.9,0.0,False
772,46,0,0.011806614769929679,0.00368169487151581,0.009408794487071943,0.25129730411776446,Alvocidib,none,0.0,non-responsive,.SKRDPTEEIEILLR.,.SKRDPTEEIEILLR.,sp|P51812|KS6A3_HUMAN,3,1698.9,0.0,False
773,46,0,0.016573494146080562,0.004282244053505829,0.01212723593416114,0.2699750743911227,AMG-900,none,0.0,non-responsive,.IIDFGFAR.,.IIDFGFAR.,sp|O75676|KS6A4_HUMAN,2,938.5,0.0,False
774,46,0,0.007609917396763629,0.002588902418771366,0.017711965910842096,0.304359129990969,Alisertib,none,0.0,non-responsive,.QQSEEDLLLQDFSR.,.QQSEEDLLLQDFSR.,sp|Q9UNL2|SSRG_HUMAN,2,1707.8,0.0,False
775,46,0,0.011165595987801442,0.0031974007170268715,0.0020193785699147157,0.17152829822866636,AZD-4547,none,0.0,non-responsive,.AALSALESFLK.,.AALSALESFLK.,sp|P78527|PRKDC_HUMAN,2,1149.6,0.0,False
776,46,0,0.012016927089307732,0.003140341658154365,0.002091106422599711,0.1748756425978576,ARRY-380,none,0.0,non-responsive,.IQPEAEYQGFLR.,.IQPEAEYQGFLR.,sp|P07332|FES_HUMAN,2,1450.7,0.0,False
777,46,0,0.012771989209104108,0.0038575611964947847,0.011770731364868758,0.2666815530197026,Apitolisib,none,0.0,non-responsive,.YSVDIPLDK.,.YSVDIPLDK.,sp|P61353|RL27_HUMAN,2,1049.5,0.0,False
778,46,0,0.011390134043204379,0.002847999897267918,0.004318758588893695,0.2065993973052694,Barasertib_HQPA,none,0.0,non-responsive,.SQIHDIVLVGGSTR.,.SQIHDIVLVGGSTR.,sp|P11142|HSP7C_HUMAN,2,1481.8,0.0,False
779,46,0,0.013558539970035286,0.004558234833212574,0.005650714048417235,0.22157730728684213,AMG-208,none,0.0,non-responsive,.ILQGGVGIPHIR.,.ILQGGVGIPHIR.,sp|P48729|KC1A_HUMAN,2,1259.7,0.0,False
780,46,0,0.013936613772721937,0.00423720935826314,0.02323337772844085,0.33153680175118544,ASP-3026,none,0.0,non-responsive,.LVINGNPITIFQER.,.LVINGNPITIFQER.,sp|P04406|G3P_HUMAN,2,1613.9,0.0,False
781,46,0,0.04016073407744111,0.00561122323182186,7.90965620154052e-05,0.06650735231147029,ASP-3026,none,0.0,non-responsive,.RPSTIAEQTVAK.,.RPSTIAEQTVAK.,sp|Q9H0K1|SIK2_HUMAN,2,1300.7,0.0,False
782,46,0,0.01506176973420849,0.0036432250968277268,0.005032973318753032,0.21297047303163205,AZD-8186,none,0.0,non-responsive,.NSLC+57.021FPEDAEISK.,.NSLCFPEDAEISK.,sp|O75116|ROCK2_HUMAN,2,1566.7,0.0,False
783,46,0,0.02933545737840723,0.0059820982715696625,0.00021992871644231608,0.08032372570101826,BI-847325,none,0.0,non-responsive,.LNTLETEEW+31.986FFKDITR.,.LNTLETEEWFFKDITR.,sp|P07948|LYN_HUMAN,2,2074.0,0.0,False
784,46,0,0.015131597150865926,0.0033498424640766764,0.018915479149921824,0.3106279236160339,Alisertib,none,0.0,non-responsive,.QLIVGVNK.,.QLIVGVNK.,sp|P68104|EF1A1_HUMAN,2,870.5,0.0,False
785,46,0,0.009760577271284845,0.0032290245059363345,0.014663385115199604,0.2864256715237049,AMG-208_withCAKI,none,0.0,non-responsive,.NAGVEGSLIVEK.,.NAGVEGSLIVEK.,sp|P10809|CH60_HUMAN,2,1215.6,0.0,False
786,46,0,0.02759400104364414,0.00461890008550782,0.003025954324338603,0.19734967938184805,AZD-1480,none,0.0,non-responsive,.NRETHEIVALK.,.NRETHEIVALK.,sp|Q00535|CDK5_HUMAN,3,1309.7,0.0,False
787,46,0,0.019621632705716437,0.003578883391189201,0.0019145751949908244,0.16886405473672586,AT-13148,none,0.0,non-responsive,.C+57.021GDNVQYAPR.,.CGDNVQYAPR.,sp|P29323|EPHB2_HUMAN,2,1236.5,0.0,False
788,46,0,0.011056280144574417,0.003878704217558884,0.01703335782765498,0.29954215510976545,Barasertib_HQPA,none,0.0,non-responsive,.STGEAFVQFASQEIAEK.,.STGEAFVQFASQEIAEK.,sp|P31943|HNRH1_HUMAN,2,1841.9,0.0,False
789,46,0,0.016230058294107227,0.003578722638115286,0.012845101577017907,0.27695410782167623,BI-847325,none,0.0,non-responsive,.RFEALLQTGK.,.RFEALLQTGK.,sp|Q9NWZ3|IRAK4_HUMAN,2,1162.6,0.0,False
790,46,0,0.010691956763074786,0.0030971235514003917,0.0005017632181153359,0.11455338955348329,Alectinib,none,0.0,non-responsive,.NLDISRPDKK.,.NLDISRPDKK.,sp|P46977|STT3A_HUMAN,3,1185.6,0.0,False
791,46,0,0.02045964995540315,0.0049055068318504085,0.03446594784995293,0.38212242273475194,BI-847325,none,0.0,non-responsive,.IHEGC+57.021EEPATHNALAK.,.IHEGCEEPATHNALAK.,sp|Q00610|CLH1_HUMAN,3,1833.8,0.0,False
792,46,0,0.04799999979781441,0.005025831614920135,0.00016843656572642051,0.07626511698780165,AT-9283,none,0.0,non-responsive,.HDSATDTIDIAPNHR.,.HDSATDTIDIAPNHR.,sp|P36897|TGFR1_HUMAN,3,1662.8,0.0,False
793,46,0,0.02619338101599717,0.0075879519305816975,0.00707838565224322,0.2306985162313932,AZD-6482,none,0.0,non-responsive,.C+57.021DSSPDSAEDVRK.,.CDSSPDSAEDVRK.,sp|P02765|FETUA_HUMAN,2,1522.6,0.0,False
794,46,0,0.01742551830525198,0.005142312023792169,0.0470233285164452,0.41632981906154787,AZD-4547,none,0.0,non-responsive,.VIPELNGK.,.VIPELNGK.,sp|P04406|G3P_HUMAN,2,869.5,0.0,False
795,46,0,0.04859095867278977,0.005606349853993284,0.00018624553878687455,0.07868361650189579,BMS-387032,none,0.0,non-responsive,.VGVTLAGHQK.,.VGVTLAGHQK.,sp|P29323|EPHB2_HUMAN,2,1009.6,0.0,False
796,46,0,0.041959713591904396,0.006087665731698518,0.00039819073460411146,0.10224466972192815,ASP-3026,none,0.0,non-responsive,.PQAPPSQPLPQTQAK.,.PQAPPSQPLPQTQAK.,sp|Q2M2I8|AAK1_HUMAN,2,1587.8,0.0,False
797,46,0,0.01190327019841522,0.004845778987360402,0.03991466360110577,0.39810637617039835,AT-13148,none,0.0,non-responsive,.EALQLWSALQLK.,.EALQLWSALQLK.,sp|Q9HA64|KT3K_HUMAN,2,1399.8,0.0,False
798,46,0,0.08108538145493766,0.007269490240542517,0.0033051827926865378,0.20101827682360715,AT-9283,none,0.0,non-responsive,.EVEIQSHLR.,.EVEIQSHLR.,sp|O14965|AURKA_HUMAN,2,1110.6,0.0,False
799,46,0,0.014233880705867147,0.004447764374009133,0.005066992909508014,0.21312941214583786,Alisertib,none,0.0,non-responsive,.LTFDTTFSPNTGKK.,.LTFDTTFSPNTGKK.,sp|P45880|VDAC2_HUMAN,2,1556.8,0.0,False
800,46,0,0.012636662789985195,0.004341867743313762,0.0020069581278945384,0.17095375715193709,AT-9283,none,0.0,non-responsive,.DKYGNEGYIPSNYVTGK.,.DKYGNEGYIPSNYVTGK.,sp|P42680|TEC_HUMAN,2,1904.9,0.0,False
801,46,0,0.016001697352601544,0.0043217214862195435,0.0015282152118500276,0.16008053685272214,BMS-387032,none,0.0,non-responsive,.TEALEQGGLPK.,.TEALEQGGLPK.,sp|P50613|CDK7_HUMAN,2,1142.6,0.0,False
802,46,0,0.022489535257208714,0.004908862356368623,0.0062093088815258525,0.22412953989803874,BMS-754807,none,0.0,non-responsive,.EDSQRPGAHLTVK.,.EDSQRPGAHLTVK.,sp|P09651|ROA1_HUMAN,3,1437.7,0.0,False
803,46,0,0.023580272788066094,0.004162685831945691,0.0009764136753040351,0.1420123349691711,AZD-5363,none,0.0,non-responsive,.QKVENLLLEAEKR.,.QKVENLLLEAEKR.,sp|O75116|ROCK2_HUMAN,3,1569.9,0.0,False
804,46,0,0.015379511702024182,0.004501825389719236,0.015980765612507344,0.29627713452033233,Barasertib,none,0.0,non-responsive,.KVVNPLFEK.,.KVVNPLFEK.,sp|P62424|RL7A_HUMAN,2,1073.6,0.0,False
805,46,0,0.02089618995356025,0.004828827899892378,0.025371400316987362,0.3414971702386163,AMG-208_withCAKI,none,0.0,non-responsive,.KHLEINPDHPIVETLR.,.KHLEINPDHPIVETLR.,sp|P08238|HS90B_HUMAN,4,1911.0,0.0,False
806,46,0,0.01614309065502922,0.004166324535499761,0.014708441519899109,0.2866994475127542,Apitolisib,none,0.0,non-responsive,.ALEHFTDLYDIKR.,.ALEHFTDLYDIKR.,sp|Q00610|CLH1_HUMAN,3,1620.8,0.0,False
807,46,0,0.019932959964743556,0.0037998573725580853,0.002285794650245395,0.18201417812826007,Amuvatinib,none,0.0,non-responsive,.VPQIEVETHK.,.VPQIEVETHK.,sp|Q14204|DYHC1_HUMAN,3,1179.6,0.0,False
808,46,0,0.026707386167034556,0.005926667102943445,0.005028049152827309,0.21297047303163205,Alvocidib,none,0.0,non-responsive,.VLGTEELYGYLKK.,.VLGTEELYGYLKK.,sp|P19784|CSK22_HUMAN,2,1512.8,0.0,False
809,46,0,0.02836297409395162,0.004667254713722086,0.0010355846903828088,0.1420123349691711,Alisertib,none,0.0,non-responsive,.VIGAGEFGEVYK.,.VIGAGEFGEVYK.,sp|P29317|EPHA2_HUMAN,2,1268.6,0.0,False
810,46,0,0.015162084050389414,0.0031743078983457,0.010700102994780927,0.26381594566897626,Barasertib,none,0.0,non-responsive,.NQGGYGGSSSSSSYGSGR.,.NQGGYGGSSSSSSYGSGR.,sp|P09651|ROA1_HUMAN,2,1694.7,0.0,False
811,46,0,0.022864763282236935,0.004093620306496803,0.005938206360793072,0.22157730728684213,AT-13148,none,0.0,non-responsive,.LLGQGAFGR.,.LLGQGAFGR.,sp|Q9Y2U5|M3K2_HUMAN,2,918.5,0.0,False
812,46,0,0.017340751264101912,0.004849644063558144,0.0024521388021992952,0.1880639266335909,BMS-777607_withCAKI,none,0.0,non-responsive,.LKDDEVAQLKK.,.LKDDEVAQLKK.,sp|P07195|LDHB_HUMAN,3,1286.7,0.0,False
813,46,0,0.011606160872105285,0.0040224913595414006,0.003235038692157077,0.1994367753577562,AEW-541,none,0.0,non-responsive,.SPSLNLLQNK.,.SPSLNLLQNK.,sp|O43353|RIPK2_HUMAN,2,1113.6,0.0,False
814,46,0,0.038282868666350243,0.006445495476257857,5.267889098459265e-05,0.06650735231147029,AT-7519,none,0.0,non-responsive,.NRQEITDKDHTVSR.,.NRQEITDKDHTVSR.,sp|Q13464|ROCK1_HUMAN,3,1698.8,0.0,False
815,46,0,0.01046754786769431,0.0033902067483603648,7.510164595841589e-05,0.06650735231147029,BMS-690514,none,0.0,non-responsive,.AELNEFLTR.,.AELNEFLTR.,sp|P23396|RS3_HUMAN,2,1092.6,0.0,False
816,46,0,0.01890570732411308,0.0049087889208751945,0.004937319850830638,0.21160081887431184,AT-7519,none,0.0,non-responsive,.VGGTSDVEVNEK.,.VGGTSDVEVNEK.,sp|P10809|CH60_HUMAN,2,1233.6,0.0,False
817,46,0,0.011229810846834838,0.003300329919709987,0.0036183488948924826,0.20446977841294517,Barasertib_HQPA,none,0.0,non-responsive,.NQVALNPQNTVFDAK.,.NQVALNPQNTVFDAK.,sp|P0DMV8|HS71A_HUMAN,2,1658.8,0.0,False
818,46,0,0.012732314309934947,0.0037781683735417532,0.006540768972386734,0.22775812087690717,AXL-1717,none,0.0,non-responsive,.NLLSVAYK.,.NLLSVAYK.,sp|P31946|1433B_HUMAN,2,907.5,0.0,False
819,46,0,0.03426509010442209,0.005204478062689369,0.010447775065829428,0.2617143469325767,BMS-754807,none,0.0,non-responsive,.LISWYDNEFGYSNR.,.LISWYDNEFGYSNR.,sp|P04406|G3P_HUMAN,2,1763.8,0.0,False
820,46,0,0.018779516169816136,0.003959525811346943,0.001920577316078042,0.16886405473672586,AMG-900,none,0.0,non-responsive,.DPNWYK.,.DPNWYK.,sp|P41240|CSK_HUMAN,2,822.4,0.0,False
821,46,0,0.029960499987850803,0.006078761494307693,0.0050212043921355,0.21297047303163205,Barasertib_HQPA,none,0.0,non-responsive,.TKDSGSISLQETR.,.TKDSGSISLQETR.,sp|Q9H2G2|SLK_HUMAN,3,1421.7,0.0,False
822,46,0,0.02375296115676267,0.0043370487305421064,0.025537581830648026,0.34245399484705263,Barasertib_HQPA,none,0.0,non-responsive,.NDQWHWDNIR.,.NDQWHWDNIR.,sp|O75116|ROCK2_HUMAN,3,1383.6,0.0,False
823,46,0,0.008379559980927988,0.002969160510606698,0.004035268765978783,0.2045770662850812,Alisertib,none,0.0,non-responsive,.DFSPSGIFGAFQR.,.DFSPSGIFGAFQR.,sp|P56134|ATPK_HUMAN,2,1428.7,0.0,False
824,46,0,0.018096148917623536,0.0039027493306449273,0.004045131343727662,0.2045770662850812,Barasertib_HQPA,none,0.0,non-responsive,.LEGWLSLPVR.,.LEGWLSLPVR.,sp|O75116|ROCK2_HUMAN,2,1169.6,0.0,False
825,46,0,0.025018068784576398,0.004629272666726274,0.0008847717198402697,0.1385295801739095,BMS-777607_withCAKI,none,0.0,non-responsive,.TNNVSEHEDTDKYR.,.TNNVSEHEDTDKYR.,sp|P53618|COPB_HUMAN,3,1707.7,0.0,False
826,46,0,0.0474975064062329,0.00556241539737253,0.00011846222254709077,0.07290394674065966,Alvocidib,none,0.0,non-responsive,.NPATTNQTEFERVF.,.NPATTNQTEFERVF.,sp|P50750|CDK9_HUMAN,2,1653.8,0.0,False
827,46,0,0.045566817581021435,0.005999301750736226,0.013076243972053285,0.2783135864772756,AMG-208,none,0.0,non-responsive,.LLTHTFVAQPGLSR.,.LLTHTFVAQPGLSR.,sp|Q9Y4K4|M4K5_HUMAN,2,1539.8,0.0,False
828,46,0,0.006732214841461924,0.002422373274865146,0.016838352050880624,0.2989329431212177,Baricitinib,none,0.0,non-responsive,.TPGPGAQSALR.,.TPGPGAQSALR.,sp|P62263|RS14_HUMAN,2,1054.5,0.0,False
829,46,0,0.05263520623804329,0.004889940774737431,0.012052045449870416,0.2696893676798492,AT-9283,none,0.0,non-responsive,.DVFRDPALK.,.DVFRDPALK.,sp|P61353|RL27_HUMAN,2,1060.6,0.0,False
830,46,0,0.008654405547401944,0.003027363273837508,0.0033801793035933996,0.2022034844324819,AT-9283,none,0.0,non-responsive,.GQSEDPGSLLSLFR.,.GQSEDPGSLLSLFR.,sp|P08195|4F2_HUMAN,2,1505.7,0.0,False
831,46,0,0.016904657431179762,0.004434778230514738,0.014510465198431919,0.2849818496276425,BMS-690514,none,0.0,non-responsive,.YVDIAIPC+57.021NNK.,.YVDIAIPCNNK.,sp|P08865|RSSA_HUMAN,2,1363.6,0.0,False
832,46,0,0.01720914675732164,0.003975446527789563,0.0019910457352833497,0.17095375715193709,AT-9283,none,0.0,non-responsive,.LITPAVVSER.,.LITPAVVSER.,sp|P62851|RS25_HUMAN,2,1084.6,0.0,False
833,46,0,0.01584401999801039,0.004466244153273762,6.171834750434692e-05,0.06650735231147029,Barasertib_HQPA,none,0.0,non-responsive,.AFVGNQLPFVGFTYYSNR.,.AFVGNQLPFVGFTYYSNR.,sp|Q13464|ROCK1_HUMAN,2,2080.0,0.0,False
834,46,0,0.012260120894585991,0.004051374738373905,0.01563768214206043,0.2937518324128296,Barasertib_HQPA,none,0.0,non-responsive,.TTSEGATNC+57.021VC+57.021R.,.TTSEGATNCVCR.,sp|P29323|EPHB2_HUMAN,2,1469.6,0.0,False
835,46,0,0.02349468721335879,0.00417674547729938,0.0005681175207323433,0.11687991921302383,Barasertib_HQPA,none,0.0,non-responsive,.QIQQLESNNR.,.QIQQLESNNR.,sp|O75116|ROCK2_HUMAN,2,1229.6,0.0,False
836,46,0,0.010546247799580856,0.003054400521140012,0.021936585004451357,0.3251320900521487,ARRY-380,none,0.0,non-responsive,.IINEPTAAAIAYGLDR.,.IINEPTAAAIAYGLDR.,sp|P0DMV8|HS71A_HUMAN,2,1687.9,0.0,False
837,46,0,0.009014399015362025,0.00254193059789571,0.011178369336174493,0.26455839011723475,AT-9283,none,0.0,non-responsive,.YFEGVSPK.,.YFEGVSPK.,sp|P78527|PRKDC_HUMAN,2,926.4,0.0,False
838,46,0,0.011961670552148798,0.0034626453000821214,0.004029563756754557,0.2045770662850812,Alisertib,none,0.0,non-responsive,.FGFYEVFK.,.FGFYEVFK.,sp|Q00325|MPCP_HUMAN,2,1036.5,0.0,False
839,46,0,0.029494942673382336,0.007353787247999963,0.0027642401863249002,0.19271615938223435,Apitolisib,none,0.0,non-responsive,.LKPAPPPPPAASAGK.,.LKPAPPPPPAASAGK.,sp|P00519|ABL1_HUMAN,3,1398.8,0.0,False
840,46,0,0.010711889345210189,0.003764769779864707,0.0067592920729236125,0.22782522851644013,Alisertib,none,0.0,non-responsive,.DGSSQQLQGYIPSNYVAEDR.,.DGSSQQLQGYIPSNYVAEDR.,sp|P42685|FRK_HUMAN,2,2227.0,0.0,False
841,46,0,0.01339775251971399,0.0033471347516072936,0.002218688950969823,0.18082579606997007,AT-9283,none,0.0,non-responsive,.YQEYTNELQETLPQK.,.YQEYTNELQETLPQK.,sp|Q9UHD2|TBK1_HUMAN,2,1883.9,0.0,False
842,46,0,0.011936344750208376,0.0030913401459893835,0.003229043850829397,0.1994367753577562,BMS-777607,none,0.0,non-responsive,.YSTSGSSGLTTGK.,.YSTSGSSGLTTGK.,sp|Q16891|MIC60_HUMAN,2,1245.6,0.0,False
843,46,0,0.019208135600868436,0.0036097040900256124,0.0036726521300905254,0.2045770662850812,Barasertib_HQPA,none,0.0,non-responsive,.NNRPSEGPLQTR.,.NNRPSEGPLQTR.,sp|Q00610|CLH1_HUMAN,3,1368.7,0.0,False
844,46,0,0.016087502011556506,0.003258680876665232,0.015214877810865546,0.29028173524379675,Alvocidib,none,0.0,non-responsive,.ELAENNHILER.,.ELAENNHILER.,sp|Q9UHD2|TBK1_HUMAN,2,1337.7,0.0,False
845,46,0,0.020426695637754823,0.004052576525645503,0.01086472484653649,0.2640348153647719,AZD-5363,none,0.0,non-responsive,.IVEPYIAWGYPNLK.,.IVEPYIAWGYPNLK.,sp|P18124|RL7_HUMAN,2,1662.9,0.0,False
846,46,0,0.03909905567892166,0.006224949475939604,0.005099936282074123,0.21362777839720845,AEW-541,none,0.0,non-responsive,.ALPGQLKPFETLLSQNQGGK.,.ALPGQLKPFETLLSQNQGGK.,sp|P09211|GSTP1_HUMAN,2,2126.1,0.0,False
847,46,0,0.011026611123474037,0.0029635049523298596,0.028626381000450833,0.35687332455351706,Alectinib,none,0.0,non-responsive,.ETPDTLLNILK.,.ETPDTLLNILK.,sp|P51956|NEK3_HUMAN,2,1256.7,0.0,False
848,46,0,0.013283547344522242,0.005076719910363804,0.008945085031938636,0.2501362727827684,AZD-2014,none,0.0,non-responsive,.YISPDQLADLYK.,.YISPDQLADLYK.,sp|P06733|ENOA_HUMAN,2,1425.7,0.0,False
849,46,1,0.03532997086075737,0.00548520177825351,4.342868394809793e-06,0.034347499453436965,BMS-690514,decreasing,0.00548520177825351,drug-specific responsive (decreasing),.VGEAPGLQQPQPR.,.VGEAPGLQQPQPR.,sp|P42684|ABL2_HUMAN,2,1376.7,0.0,False
850,46,0,0.011146615636935728,0.0039845176512907044,0.016096737172091504,0.2963941488987378,BI-2536,none,0.0,non-responsive,.VDEFNVSSPQFVGNLR.,.VDEFNVSSPQFVGNLR.,sp|P51946|CCNH_HUMAN,2,1807.9,0.0,False
851,46,0,0.010225087683728817,0.002971313665071322,0.00369906676471098,0.2045770662850812,Apitolisib,none,0.0,non-responsive,.LSNIFVIGK.,.LSNIFVIGK.,sp|P62701|RS4X_HUMAN,2,990.6,0.0,False
852,46,0,0.018388023386084435,0.006660471283581671,0.00015481043565157242,0.07472111960408803,Baricitinib,none,0.0,non-responsive,.ILSDVTHSAVFGVPASK.,.ILSDVTHSAVFGVPASK.,sp|Q2M2I8|AAK1_HUMAN,2,1727.9,0.0,False
853,46,0,0.026010179754231387,0.004494257778447392,0.00016096928896307342,0.07563961281441405,Barasertib_HQPA,none,0.0,non-responsive,.GAPSPGVLGPHASEPQLAPPAC+57.021TPAAPAVPGPPGPR.,.GAPSPGVLGPHASEPQLAPPACTPAAPAVPGPPGPR.,sp|O96013|PAK4_HUMAN,3,3432.7,0.0,False
854,46,0,0.011777341419389773,0.004181977959480013,0.0129623302662235,0.2779513666810219,AEW-541,none,0.0,non-responsive,.DATIASLEETNR.,.DATIASLEETNR.,sp|O75116|ROCK2_HUMAN,2,1319.6,0.0,False
855,46,0,0.01396460265363116,0.004740202711838316,0.026010892495367546,0.34361197422585305,Bafetinib,none,0.0,non-responsive,.YALYDATYETK.,.YALYDATYETK.,sp|P23528|COF1_HUMAN,2,1337.6,0.0,False
856,46,0,0.007823712746949566,0.002547123316044898,0.015343371639121951,0.291244161011679,Amuvatinib,none,0.0,non-responsive,.QPAIISQLDPVNER.,.QPAIISQLDPVNER.,sp|Q08211|DHX9_HUMAN,2,1579.8,0.0,False
857,46,0,0.00813664137710583,0.0025582548522316163,0.0042106568099611625,0.20522078595871698,AZD-4547,none,0.0,non-responsive,.LGNPIVPLNIR.,.LGNPIVPLNIR.,sp|P78527|PRKDC_HUMAN,2,1205.7,0.0,False
858,46,0,0.012008606932850795,0.0033378478040355314,0.004283250080977859,0.20563971052041657,AV-412,none,0.0,non-responsive,.ESVVINYTEQLLR.,.ESVVINYTEQLLR.,sp|Q13233|M3K1_HUMAN,2,1563.8,0.0,False
859,46,0,0.013906834973644405,0.003449859082852705,0.0010030516559942518,0.1420123349691711,AT-9283,none,0.0,non-responsive,.FQTEIQTVNK.,.FQTEIQTVNK.,sp|P14868|SYDC_HUMAN,2,1207.6,0.0,False
860,46,0,0.015004193625527532,0.004081243116812003,0.0015310572068804457,0.16008053685272214,Apitolisib,none,0.0,non-responsive,.QIFNGTFVK.,.QIFNGTFVK.,sp|P18124|RL7_HUMAN,2,1053.6,0.0,False
861,46,0,0.013014860823319497,0.00391654658857933,0.0010829272854403933,0.1420123349691711,AZD-1208,none,0.0,non-responsive,.VLEDDPEATYTTSGGK.,.VLEDDPEATYTTSGGK.,sp|P29317|EPHA2_HUMAN,2,1682.8,0.0,False
862,46,0,0.008718301652815787,0.0025688068903582835,0.017485252705573488,0.30298905068593035,AZD-2014,none,0.0,non-responsive,.LSSLNLTNQALNK.,.LSSLNLTNQALNK.,sp|Q86YS7|C2CD5_HUMAN,2,1415.8,0.0,False
863,46,0,0.01348276373956729,0.00300933366049482,0.0022939252737356262,0.18252341053228816,AT-9283,none,0.0,non-responsive,.YDGIILPGK.,.YDGIILPGK.,sp|P62913|RL11_HUMAN,2,975.5,0.0,False
864,46,0,0.011547058379719493,0.0036804463900005384,0.0018709672692045327,0.16886405473672586,AZD-1208,none,0.0,non-responsive,.QHAEDLNSGPLSK.,.QHAEDLNSGPLSK.,sp|P07332|FES_HUMAN,2,1395.7,0.0,False
865,46,0,0.01351665900878719,0.0033481018710576583,0.02890814371875289,0.3583384619157897,AEE-788,none,0.0,non-responsive,.LLQDFFNGR.,.LLQDFFNGR.,sp|P0DMV8|HS71A_HUMAN,2,1109.6,0.0,False
866,46,0,0.009859817833390266,0.0026508157616080474,0.003180815978629058,0.19897691771579754,AT-9283,none,0.0,non-responsive,.SSGPTSLFAVTVAPPGAR.,.SSGPTSLFAVTVAPPGAR.,sp|Q00839|HNRPU_HUMAN,2,1714.9,0.0,False
867,46,0,0.010797299272667855,0.0033817627690729793,0.005850769678882751,0.22157730728684213,AXL-1717,none,0.0,non-responsive,.EILAELTGR.,.EILAELTGR.,sp|P08559|ODPA_HUMAN,2,1001.5,0.0,False
868,46,0,0.05359711432514846,0.005956317627246719,0.009817869336404581,0.2554660802722126,Alisertib,none,0.0,non-responsive,.QYDSVEC+57.021PFC+57.021DEVSKYEK.,.QYDSVECPFCDEVSKYEK.,sp|P50750|CDK9_HUMAN,3,2397.0,0.0,False
869,46,0,0.01881605126033626,0.0043436719494182995,3.7665987687899e-05,0.06650735231147029,Alectinib,none,0.0,non-responsive,.PSIVNEVLK.,.PSIVNEVLK.,sp|Q99623|PHB2_HUMAN,2,998.6,0.0,False
870,46,0,0.03537121975919236,0.005853503712525206,0.0003453581209911051,0.09366648887983066,Apitolisib,none,0.0,non-responsive,.LADFGVAAK.,.LADFGVAAK.,sp|Q9Y4K4|M4K5_HUMAN,2,891.5,0.0,False
871,46,0,0.012614184404324283,0.0038838451824290392,0.008928637624531248,0.2501362727827684,AZD-5438,none,0.0,non-responsive,.GAYC+57.021LSVSDFDNAK.,.GAYCLSVSDFDNAK.,sp|P12931|SRC_HUMAN,2,1603.7,0.0,False
872,46,0,0.014483298101127763,0.002589441377542118,0.009351694022659366,0.2507323979046073,BMS-777607,none,0.0,non-responsive,.ILPTLEAVAALGNK.,.ILPTLEAVAALGNK.,sp|Q12905|ILF2_HUMAN,2,1409.8,0.0,False
873,46,0,0.037234261099464885,0.005690054741774566,0.002001392377418825,0.17095375715193709,AXL-1717,none,0.0,non-responsive,.IFAPNHVVAK.,.IFAPNHVVAK.,sp|Q02543|RL18A_HUMAN,3,1095.6,0.0,False
874,46,0,0.013052816547518246,0.003902060752977011,0.017108030262573327,0.29986159618794506,AMG-208_withCAKI,none,0.0,non-responsive,.GGGHVAQIYAIR.,.GGGHVAQIYAIR.,sp|P62249|RS16_HUMAN,2,1241.7,0.0,False
875,46,0,0.009633451549368538,0.002495517632996817,0.012524750074377105,0.2741990348571148,Alisertib,none,0.0,non-responsive,.SADGSAPAGEGEGVTLQR.,.SADGSAPAGEGEGVTLQR.,sp|Q01650|LAT1_HUMAN,2,1701.8,0.0,False
876,46,0,0.019880194767980378,0.003840337686861565,0.0005839023979781357,0.11794736483976948,AT-9283,none,0.0,non-responsive,.LTAALVLR.,.LTAALVLR.,sp|P51812|KS6A3_HUMAN,2,856.5,0.0,False
877,46,0,0.025465674304309096,0.005508369627555649,0.0028695601991972452,0.19335582624914688,Barasertib_HQPA,none,0.0,non-responsive,.IASATTAPSIPSHLSPGLR.,.IASATTAPSIPSHLSPGLR.,sp|Q13233|M3K1_HUMAN,2,1876.0,0.0,False
878,46,0,0.01152397898587291,0.0028087289212451127,0.01921939047870216,0.31205912586639245,AZD-2014,none,0.0,non-responsive,.IGGIGTVPVGR.,.IGGIGTVPVGR.,sp|P68104|EF1A1_HUMAN,2,1025.6,0.0,False
879,46,0,0.013559081046812726,0.0032274306018375497,0.0012658477804876867,0.14913095475443822,AZD-4547,none,0.0,non-responsive,.LSFAVPFR.,.LSFAVPFR.,sp|P78527|PRKDC_HUMAN,2,936.5,0.0,False
880,46,0,0.011555682972647948,0.0030339126215721984,0.0025168901908017385,0.18867064869927044,BMS-690514,none,0.0,non-responsive,.DLKLDNVLLDSEGHIK.,.DLKLDNVLLDSEGHIK.,sp|P41743|KPCI_HUMAN,3,1809.0,0.0,False
881,46,0,0.02435118887511926,0.0035531345800049598,0.006836755729278524,0.227990863522814,Apitolisib,none,0.0,non-responsive,.VLGQGSFGK.,.VLGQGSFGK.,sp|Q15418|KS6A1_HUMAN,2,892.5,0.0,False
882,46,0,0.016924291247518305,0.002844951091585333,0.007539067295727432,0.23563860592769195,AT-9283,none,0.0,non-responsive,.IGLFGGAGVGK.,.IGLFGGAGVGK.,sp|P06576|ATPB_HUMAN,2,975.5,0.0,False
883,46,0,0.017316883951898634,0.00407626270542503,0.0031739436999413395,0.19897691771579754,Barasertib_HQPA,none,0.0,non-responsive,.HLEIIYEINQK.,.HLEIIYEINQK.,sp|P06737|PYGL_HUMAN,2,1399.7,0.0,False
884,46,0,0.022317230432278665,0.005112934261088642,0.007700880487446849,0.23775309889200763,ARRY-380,none,0.0,non-responsive,.GILAADESTGSIAK.,.GILAADESTGSIAK.,sp|P04075|ALDOA_HUMAN,2,1332.7,0.0,False
885,46,0,0.025009107110605427,0.0038962329368247835,0.007293224345608484,0.23329478940585932,BMS-690514,none,0.0,non-responsive,.TPLSDSGVTQR.,.TPLSDSGVTQR.,sp|Q9NPF4|OSGEP_HUMAN,2,1160.6,0.0,False
886,46,0,0.019815317962605383,0.004986632316175077,0.01623156210493362,0.29735881042583234,ARRY-380,none,0.0,non-responsive,.GDPYPQEVSATVQK.,.GDPYPQEVSATVQK.,sp|P22830|HEMH_HUMAN,2,1518.7,0.0,False
887,46,0,0.03781138085226595,0.004587617387509583,0.013632208828206314,0.28036558104060855,AZD-1480,none,0.0,non-responsive,.VGQHLGALDYLLPEEYTSTLK.,.VGQHLGALDYLLPEEYTSTLK.,sp|Q86TW2|ADCK1_HUMAN,3,2347.2,0.0,False
888,46,0,0.017346478587567535,0.004448182736431549,0.0283915730586051,0.35576587291998046,AEW-541,none,0.0,non-responsive,.EEASGSSVTAEEAKK.,.EEASGSSVTAEEAKK.,sp|P13010|XRCC5_HUMAN,2,1522.7,0.0,False
889,46,0,0.020818114902910002,0.00474825887970235,0.004234259311676628,0.20522078595871698,Bafetinib,none,0.0,non-responsive,.WTAPEAINYGTFTIK.,.WTAPEAINYGTFTIK.,sp|P06239|LCK_HUMAN,2,1711.9,0.0,False
890,46,0,0.0135235025460304,0.004332487833789364,0.029824504593118934,0.361944461651269,AZD-2014,none,0.0,non-responsive,.DRPFFPGLVK.,.DRPFFPGLVK.,sp|P22392|NDKB_HUMAN,2,1175.6,0.0,False
891,46,0,0.01851037289113531,0.0039623209258014686,0.002842259975758805,0.19274421767348654,Barasertib_HQPA,none,0.0,non-responsive,.QLDYEWK.,.QLDYEWK.,sp|Q13131|AAPK1_HUMAN,2,981.4,0.0,False
892,46,0,0.011881233403308064,0.004261987541065804,0.013763328434990051,0.28134004138667024,Alisertib,none,0.0,non-responsive,.KPLAGSVDEQNALR.,.KPLAGSVDEQNALR.,sp|P30291|WEE1_HUMAN,3,1497.8,0.0,False
893,46,0,0.018081505782978183,0.004228650009683419,0.00019002376307037877,0.07868361650189579,ARRY-380,none,0.0,non-responsive,.SLASDITDEQK.,.SLASDITDEQK.,sp|P16083|NQO2_HUMAN,2,1206.6,0.0,False
894,46,0,0.022931574819976406,0.004880703042990311,0.00806274041820681,0.2427821789282616,AZD-1208,none,0.0,non-responsive,.APEILLGC+57.021K.,.APEILLGCK.,sp|P24941|CDK2_HUMAN,2,1057.6,0.0,False
895,46,0,0.010096600038626544,0.00280636978755122,0.0045912356245430995,0.20918660144560025,BMS-777607,none,0.0,non-responsive,.AIVAIENPADVSVISSR.,.AIVAIENPADVSVISSR.,sp|P08865|RSSA_HUMAN,2,1740.9,0.0,False
896,46,0,0.012542921919988294,0.00420485030768218,0.0021260995222402283,0.17670956973826907,BI-847325,none,0.0,non-responsive,.VLVADKDLLDLHK.,.VLVADKDLLDLHK.,sp|O43427|FIBP_HUMAN,3,1478.8,0.0,False
897,46,0,0.007506196885631544,0.002698206148423625,0.013666788969932448,0.28036558104060855,BMS-754807,none,0.0,non-responsive,.SQIFSTASDNQPTVTIK.,.SQIFSTASDNQPTVTIK.,sp|P11021|BIP_HUMAN,2,1836.9,0.0,False
898,46,0,0.017511810870152546,0.003351025961165099,0.004382294270163824,0.20690662061334128,Abemaciclib,none,0.0,non-responsive,.LLVVTDPR.,.LLVVTDPR.,sp|P08865|RSSA_HUMAN,2,912.5,0.0,False
899,46,0,0.02852098797178401,0.005431401503737704,0.0017940294818556387,0.16886405473672586,BMS-690514,none,0.0,non-responsive,.ATSLVDAVNSDAAKPSQPGEGLK.,.ATSLVDAVNSDAAKPSQPGEGLK.,sp|P00519|ABL1_HUMAN,2,2255.1,0.0,False
900,46,0,0.01557632158217787,0.0042743106334162135,0.007670106687557073,0.23760260538501735,Alisertib,none,0.0,non-responsive,.RAPFDLFENKK.,.RAPFDLFENKK.,sp|P08238|HS90B_HUMAN,3,1364.7,0.0,False
901,46,0,0.03292260669345204,0.005269460063592594,0.017431502771593797,0.3024147562110257,BGT-226,none,0.0,non-responsive,.GNLVYIIDFGLAK.,.GNLVYIIDFGLAK.,sp|P48730|KC1D_HUMAN,2,1422.8,0.0,False
902,46,0,0.04443097171651087,0.005252972708355153,0.002694970178329967,0.1912818123811847,Alvocidib,none,0.0,non-responsive,.TYSLSSSFSSSSSTR.,.TYSLSSSFSSSSSTR.,sp|O60563|CCNT1_HUMAN,2,1583.7,0.0,False
903,46,0,0.0310952387526538,0.005176250224476969,0.0018672719230088586,0.16886405473672586,BMS-690514,none,0.0,non-responsive,.RPPSSSSSSSASSYTGRPIELDK.,.RPPSSSSSSSASSYTGRPIELDK.,sp|Q9BZL6|KPCD2_HUMAN,4,2396.2,0.0,False
904,46,0,0.013259590770199628,0.004133837637500945,0.0018578405060761193,0.16886405473672586,BI-2536,none,0.0,non-responsive,.TEIIILATR.,.TEIIILATR.,sp|P23396|RS3_HUMAN,2,1029.6,0.0,False
905,46,0,0.02261160439715499,0.004886274151843652,0.0006780843679067213,0.12543401687696726,ASP-3026,none,0.0,non-responsive,.SQAEQLLKQEGK.,.SQAEQLLKQEGK.,sp|Q06187|BTK_HUMAN,2,1358.7,0.0,False
906,46,0,0.01774223889474632,0.003663083186777818,0.0033612605244067915,0.2014057628176528,Barasertib_HQPA,none,0.0,non-responsive,.QSPEDVYFSK.,.QSPEDVYFSK.,sp|P29317|EPHA2_HUMAN,2,1199.5,0.0,False
907,46,0,0.02716937655173938,0.004805008206378374,9.343974493335325e-05,0.06738139431726822,Alvocidib,none,0.0,non-responsive,.ISTLPQLNSALVQDLAK.,.ISTLPQLNSALVQDLAK.,sp|P14635|CCNB1_HUMAN,2,1811.0,0.0,False
908,46,0,0.022242349856033686,0.004578605558992327,0.0053622686827427156,0.21705532459181073,Apitolisib,none,0.0,non-responsive,.VPASPLPGLER.,.VPASPLPGLER.,sp|Q7KZI7|MARK2_HUMAN,2,1135.6,0.0,False
909,46,0,0.02375211020448554,0.006197555765237252,0.0013673984119207973,0.1523285785712029,BI-847325,none,0.0,non-responsive,.HTDDEMTGYVATR.,.HTDDEMTGYVATR.,sp|Q16539|MK14_HUMAN,2,1495.6,0.0,False
910,46,0,0.025554052926862504,0.005109368231576665,0.00022177079949739658,0.08032372570101826,BMS-690514,none,0.0,non-responsive,.EQSQPC+57.021ADNAVLSSGLTAAR.,.EQSQPCADNAVLSSGLTAAR.,sp|P19784|CSK22_HUMAN,2,2132.0,0.0,False
911,46,0,0.021550580287837493,0.004653248971052893,0.008462549202402565,0.24540373235572985,Alvocidib,none,0.0,non-responsive,.AC+57.021QSIYPLHDVFVR.,.ACQSIYPLHDVFVR.,sp|P61247|RS3A_HUMAN,2,1761.9,0.0,False
912,46,0,0.02242177418769832,0.004040481371223304,0.040852189326209765,0.39985880787897243,AZD-5438,none,0.0,non-responsive,.VIEC+57.021SYTSADGQR.,.VIECSYTSADGQR.,sp|Q9UBM7|DHCR7_HUMAN,2,1542.7,0.0,False
913,46,0,0.013910572885675026,0.0036111265361346333,0.0005842054017845626,0.11794736483976948,BMS-690514,none,0.0,non-responsive,.VFESIGK.,.VFESIGK.,sp|P35232|PHB_HUMAN,2,779.4,0.0,False
914,46,0,0.03536824103960697,0.008204319994090633,1.6896769620997044e-05,0.05377893895694691,BMS-690514,none,0.0,non-responsive,.GSIVGGHEPGEPR.,.GSIVGGHEPGEPR.,sp|P07949|RET_HUMAN,2,1291.6,0.0,False
915,46,0,0.0175404783354204,0.003883937582673199,0.0098617401799851,0.2556139433717575,Alisertib,none,0.0,non-responsive,.TTPC+57.021SSAIINPLSTAGNSER.,.TTPCSSAIINPLSTAGNSER.,sp|O43353|RIPK2_HUMAN,2,2133.0,0.0,False
916,46,0,0.0498387134289197,0.006595323720298786,0.0010782774907970851,0.1420123349691711,BMS-387032,none,0.0,non-responsive,.SQEVAYTDIK.,.SQEVAYTDIK.,sp|P49840|GSK3A_HUMAN,2,1153.6,0.0,False
917,46,0,0.012976414116072737,0.0033141593431501373,0.0005567101523813086,0.11656864519566643,Barasertib_HQPA,none,0.0,non-responsive,.QLGLTEPR.,.QLGLTEPR.,sp|P29323|EPHB2_HUMAN,2,913.5,0.0,False
918,46,0,0.009811149840363194,0.003512697056275572,0.0010099535186450562,0.1420123349691711,Alvocidib,none,0.0,non-responsive,.QKVPDVLFTTIDLPTDATVIGK.,.QKVPDVLFTTIDLPTDATVIGK.,sp|Q86YS7|C2CD5_HUMAN,3,2371.3,0.0,False
919,46,0,0.015317086981043084,0.004036674120944954,0.0015047036480024456,0.15901514186385218,Barasertib_HQPA,none,0.0,non-responsive,.KLQESTQTVQSLHGSSR.,.KLQESTQTVQSLHGSSR.,sp|Q9Y5S2|MRCKB_HUMAN,3,1886.0,0.0,False
920,46,0,0.022550829090786453,0.0039694806169829734,8.6294013856696e-05,0.06738139431726822,AT-9283,none,0.0,non-responsive,.I+41.987GHYILGDTLGVGTFGK.,.IGHYILGDTLGVGTFGK.,sp|Q13131|AAPK1_HUMAN,3,1789.9,0.0,False
921,46,0,0.01527877257662962,0.004774324173727596,0.010956608634473371,0.26417426799430715,AZD-2014,none,0.0,non-responsive,.IKGEHPGLSIGDVAK.,.IKGEHPGLSIGDVAK.,sp|P09429|HMGB1_HUMAN,2,1520.8,0.0,False
922,46,0,0.020450302120446066,0.005460701008109196,0.00447565020661349,0.20711811550913553,BMS-690514,none,0.0,non-responsive,.LSRPFQNQTHAK.,.LSRPFQNQTHAK.,sp|P45983|MK08_HUMAN,3,1426.7,0.0,False
923,46,0,0.014443515014816553,0.0050989554483037835,0.005159933056177527,0.21463621382298953,BMS-777607,none,0.0,non-responsive,.VLAPQISFAPEIASEEERK.,.VLAPQISFAPEIASEEERK.,sp|P16083|NQO2_HUMAN,3,2114.1,0.0,False
924,46,0,0.010189116045030802,0.003071371985744232,0.003870116565596135,0.2045770662850812,BI-847325,none,0.0,non-responsive,.TSSAETPTIPLGSAVEAIK.,.TSSAETPTIPLGSAVEAIK.,sp|Q16891|MIC60_HUMAN,2,1872.0,0.0,False
925,46,1,0.027498889524877144,0.005452998468490419,1.2682211771263116e-05,0.04427114667184639,BMS-690514,decreasing,0.005452998468490419,drug-specific responsive (decreasing),.TVSTSSQPEENVDR.,.TVSTSSQPEENVDR.,sp|P42684|ABL2_HUMAN,2,1548.7,0.0,False
926,46,0,0.013806764775327694,0.003826554273860309,0.0027010611923708244,0.1912818123811847,Alisertib,none,0.0,non-responsive,.QITVNDLPVGR.,.QITVNDLPVGR.,sp|Q06830|PRDX1_HUMAN,2,1211.7,0.0,False
927,46,0,0.02091507998149394,0.0033476435670929273,0.0010010967531663105,0.1420123349691711,Apitolisib,none,0.0,non-responsive,.ILGPGLNK.,.ILGPGLNK.,sp|P62906|RL10A_HUMAN,2,811.5,0.0,False
928,46,0,0.01790932914472436,0.003750103572178814,0.00046287464398379175,0.10841986926126844,BMS-690514,none,0.0,non-responsive,.HTDPVPDPR.,.HTDPVPDPR.,sp|P16615|AT2A2_HUMAN,2,1033.5,0.0,False
929,46,0,0.011748192818277074,0.0035338815460521644,0.012915735192524038,0.27784901153096275,AT-9283,none,0.0,non-responsive,.EVIIAKDEVAHTVTESR.,.EVIIAKDEVAHTVTESR.,sp|P31751|AKT2_HUMAN,3,1897.0,0.0,False
930,46,0,0.018557427060475903,0.005212570707275105,0.00138875459913743,0.1530152722083769,AZD-4547,none,0.0,non-responsive,.DTEQPTLGHLDSKPSSK.,.DTEQPTLGHLDSKPSSK.,sp|Q7KZI7|MARK2_HUMAN,3,1839.9,0.0,False
931,46,0,0.017485920412381905,0.00470614809215804,0.0006143042226883677,0.12129708246412342,Alisertib,none,0.0,non-responsive,.IPW+31.982FQYPIIYDIR.,.IPWFQYPIIYDIR.,sp|Q99623|PHB2_HUMAN,2,1755.9,0.0,False
932,46,0,0.025604346635358072,0.004875587523342897,0.00015351010636979325,0.07472111960408803,ASP-3026,none,0.0,non-responsive,.FLQVGGNTFSK.,.FLQVGGNTFSK.,sp|P08631|HCK_HUMAN,2,1197.6,0.0,False
933,46,0,0.008466026393280592,0.002419670113897268,0.005324064365182429,0.21632548158000803,ARRY-380,none,0.0,non-responsive,.TGYTLDVTTGQR.,.TGYTLDVTTGQR.,sp|O60506|HNRPQ_HUMAN,2,1311.6,0.0,False
934,46,0,0.013020291605995098,0.0034977009919682825,0.008103567426039666,0.24297535814768625,AZD-1480,none,0.0,non-responsive,.YQLDPTASISAK.,.YQLDPTASISAK.,sp|P45880|VDAC2_HUMAN,2,1293.7,0.0,False
935,46,0,0.03091211878066894,0.004685140590842763,0.0006848303492866423,0.12556024548275993,AT-7519,none,0.0,non-responsive,.DPQQPAQQQQPAQQPK.,.DPQQPAQQQQPAQQPK.,sp|O75909|CCNK_HUMAN,2,1816.9,0.0,False
936,46,0,0.009980305742661764,0.0029784472391290373,0.0007676379755213698,0.1321159658826293,AZD-1208,none,0.0,non-responsive,.YSGAYGASVSDEELK.,.YSGAYGASVSDEELK.,sp|Q9NX63|MIC19_HUMAN,2,1575.7,0.0,False
937,46,0,0.012464323824706717,0.003648939982040991,0.004087152119298202,0.20466967449785048,Alectinib,none,0.0,non-responsive,.QLVQEELRK.,.QLVQEELRK.,sp|Q9Y5S2|MRCKB_HUMAN,3,1142.6,0.0,False
938,46,0,0.012864482263945773,0.004139869772934699,0.0480444379259521,0.42004533072075795,AMG-900,none,0.0,non-responsive,.HTGPNSPDTANDGFVR.,.HTGPNSPDTANDGFVR.,sp|P31943|HNRH1_HUMAN,3,1684.7,0.0,False
939,46,0,0.012307932679800045,0.0037453119717031904,0.012339116967029471,0.27248035351908567,AZD-4547,none,0.0,non-responsive,.APGLGAFR.,.APGLGAFR.,sp|P78527|PRKDC_HUMAN,2,788.4,0.0,False
940,46,1,0.016357664510514406,0.003672263126660629,1.4763789295102017e-05,0.04992698308029577,AZD-4547,decreasing,0.003672263126660629,drug-specific responsive (decreasing),.VFVSPLAK.,.VFVSPLAK.,sp|P10515|ODP2_HUMAN,2,860.5,0.0,False
941,46,0,0.015191422048971505,0.003430378676736534,0.0036027527972803336,0.20402209745229014,BMS-754807,none,0.0,non-responsive,.LAATNALLNSLEFTK.,.LAATNALLNSLEFTK.,sp|Q14974|IMB1_HUMAN,2,1605.9,0.0,False
942,46,0,0.014510579783844403,0.004223078323584589,0.01602918787022011,0.29627713452033233,Baricitinib,none,0.0,non-responsive,.SVVGTPAYLAPEVLLNQGYNR.,.SVVGTPAYLAPEVLLNQGYNR.,sp|Q9BZL6|KPCD2_HUMAN,2,2261.2,0.0,False
943,46,0,0.039851307217971636,0.0059151890316853665,0.00025530135231111245,0.08346657353579164,ASP-3026,none,0.0,non-responsive,.SNYEVLEKDVGLKR.,.SNYEVLEKDVGLKR.,sp|Q05397|FAK1_HUMAN,3,1649.9,0.0,False
944,46,0,0.031178398077836407,0.006237137795038736,0.0006981064432412328,0.12633041597884614,BI-847325,none,0.0,non-responsive,.LKQIEHTLNEK.,.LKQIEHTLNEK.,sp|P17612|KAPCA_HUMAN,2,1352.7,0.0,False
945,46,0,0.02207773395120618,0.005264977046759854,0.005989070307161458,0.22157730728684213,AT-9283,none,0.0,non-responsive,.PM+27.989FIVNTNVPR.,.PMFIVNTNVPR.,sp|P14174|MIF_HUMAN,2,1315.7,0.0,False
946,46,0,0.021194133490140196,0.00412151276193741,0.0010573044745355495,0.1420123349691711,Apitolisib,none,0.0,non-responsive,.LESEEEGVPSTAIR.,.LESEEEGVPSTAIR.,sp|P06493|CDK1_HUMAN,2,1516.7,0.0,False
947,46,0,0.029972094238875778,0.004836971139691233,0.008629808277238832,0.2469677913664995,Afatinib,none,0.0,non-responsive,.KEGGLGPLNIPLLADVTR.,.KEGGLGPLNIPLLADVTR.,sp|P32119|PRDX2_HUMAN,3,1863.1,0.0,False
948,46,0,0.011545709204755058,0.0032114679528270707,0.005534199136177908,0.2195320232850045,Alisertib,none,0.0,non-responsive,.AGTGVDNVDLEAATR.,.AGTGVDNVDLEAATR.,sp|O43175|SERA_HUMAN,2,1488.7,0.0,False
949,46,1,0.01833148925032662,0.004223979424405321,6.278358318601179e-06,0.038637569191024346,Apitolisib,decreasing,0.004223979424405321,drug-specific responsive (decreasing),.DAWEIPR.,.DAWEIPR.,sp|P07948|LYN_HUMAN,2,886.4,0.0,False
950,46,0,0.03142273305203237,0.0038872738625143196,0.0016979124545608688,0.1673402516122991,Barasertib_HQPA,none,0.0,non-responsive,.TTINNEYNYR.,.TTINNEYNYR.,sp|P08069|IGF1R_HUMAN,2,1287.6,0.0,False
951,46,0,0.00936482956586753,0.003033757304989931,0.006232432509248773,0.2244729575702263,AT-9283,none,0.0,non-responsive,.SSLNPILFR.,.SSLNPILFR.,sp|P39656|OST48_HUMAN,2,1046.6,0.0,False
952,46,0,0.021956584517877478,0.006133168598828795,0.0007969036808113474,0.13429309868325437,AMG-208,none,0.0,non-responsive,.LQSIGTENTEENRR.,.LQSIGTENTEENRR.,sp|P04075|ALDOA_HUMAN,2,1646.8,0.0,False
953,46,0,0.009643292936766683,0.0029030499949098546,0.009534133400020172,0.25324895578870465,BMS-754807,none,0.0,non-responsive,.YLTVATVFR.,.YLTVATVFR.,sp|Q13509|TBB3_HUMAN,2,1069.6,0.0,False
954,46,0,0.017639567305324132,0.004490696664215579,7.348086873589466e-05,0.06650735231147029,AV-412,none,0.0,non-responsive,.HAFGSIPEIIEYHK.,.HAFGSIPEIIEYHK.,sp|P42680|TEC_HUMAN,3,1640.8,0.0,False
955,46,0,0.06313298238299732,0.005897689896683227,6.134332172960231e-05,0.06650735231147029,AT-7519,none,0.0,non-responsive,.QTLPVIYVK.,.QTLPVIYVK.,sp|P49841|GSK3B_HUMAN,2,1060.6,0.0,False
956,46,0,0.011515583918584066,0.003314920411354437,0.00011028677403322629,0.07233141364851868,Apitolisib,none,0.0,non-responsive,.GIRPAINVGLSVSR.,.GIRPAINVGLSVSR.,sp|P25705|ATPA_HUMAN,3,1438.8,0.0,False
957,46,0,0.012873328498385161,0.0036376769137345757,0.026840162660590305,0.34954530956773483,Apitolisib,none,0.0,non-responsive,.IPGLLSPHPLLQLSYTATDR.,.IPGLLSPHPLLQLSYTATDR.,sp|P49327|FAS_HUMAN,3,2192.2,0.0,False
958,46,0,0.020365939817501462,0.0034833895398011603,0.00484312573561555,0.21055423250528593,ARRY-380,none,0.0,non-responsive,.ESQSPDTTIQR.,.ESQSPDTTIQR.,sp|Q92973|TNPO1_HUMAN,2,1261.6,0.0,False
959,46,0,0.013741504273227878,0.004524039707768371,0.005996943505568801,0.22157730728684213,BMS-690514,none,0.0,non-responsive,.QGNLSSQVPLKR.,.QGNLSSQVPLKR.,sp|P78527|PRKDC_HUMAN,2,1326.7,0.0,False
960,46,0,0.01682439658991687,0.004865310121369855,0.012341938207993935,0.27248035351908567,AZD-5438,none,0.0,non-responsive,.KLDPGSEETQTLVR.,.KLDPGSEETQTLVR.,sp|P26641|EF1G_HUMAN,2,1572.8,0.0,False
961,46,0,0.034751452630552924,0.004935389336309043,0.0005720937390703197,0.1170304801011241,Barasertib_HQPA,none,0.0,non-responsive,.RVEISAPSNFEHR.,.RVEISAPSNFEHR.,sp|O96013|PAK4_HUMAN,3,1541.8,0.0,False
962,46,0,0.016748591292486396,0.003639556240601613,0.007752978466820886,0.23857305865555528,Alisertib,none,0.0,non-responsive,.FLSGLELVK.,.FLSGLELVK.,sp|Q96S44|PRPK_HUMAN,2,1005.6,0.0,False
963,46,0,0.014104321678755,0.004055922606116944,0.0032753543661139897,0.1997984626431936,BMS-754807,none,0.0,non-responsive,.ELSDFISYLQR.,.ELSDFISYLQR.,sp|P30101|PDIA3_HUMAN,2,1370.7,0.0,False
964,46,0,0.029505522192193132,0.005127895735555792,0.0010068379914653534,0.1420123349691711,BMS-754807,none,0.0,non-responsive,.NLLDAVDQAK.,.NLLDAVDQAK.,sp|Q14289|FAK2_HUMAN,2,1086.6,0.0,False
965,46,0,0.020184382842769813,0.005416436987346156,0.004081853256147881,0.20466967449785048,Alectinib,none,0.0,non-responsive,.AAPLWDSKK.,.AAPLWDSKK.,sp|P54619|AAKG1_HUMAN,2,1015.5,0.0,False
966,46,0,0.02170854309850021,0.0036494451737162543,0.008048308460466039,0.2427821789282616,Apitolisib,none,0.0,non-responsive,.LHLSGIDANPNALFPPVEFPAPR.,.LHLSGIDANPNALFPPVEFPAPR.,sp|P49327|FAS_HUMAN,3,2472.3,0.0,False
967,46,0,0.05203194390516015,0.006767453528721105,0.003928717725303734,0.2045770662850812,AT-7519,none,0.0,non-responsive,.LC+57.021DFGSAK.,.LCDFGSAK.,sp|P49841|GSK3B_HUMAN,2,954.4,0.0,False
968,46,0,0.02690309290904514,0.005562420563871573,0.0008120457230653851,0.13603022898068212,AV-412,none,0.0,non-responsive,.STQLLQAAAAEASLNK.,.STQLLQAAAAEASLNK.,sp|Q2M2I8|AAK1_HUMAN,2,1615.8,0.0,False
969,46,0,0.010186631981481818,0.0029852389605490655,0.010076590680972544,0.2578477797449619,AEW-541,none,0.0,non-responsive,.VTDFGDKVEDPTFLNQLQSGVNR.,.VTDFGDKVEDPTFLNQLQSGVNR.,sp|Q14204|DYHC1_HUMAN,3,2579.3,0.0,False
970,46,0,0.011865932908385602,0.0036200737481075847,0.00664725192607049,0.22775812087690717,Alisertib,none,0.0,non-responsive,.FIIPNVVK.,.FIIPNVVK.,sp|P00338|LDHA_HUMAN,2,929.6,0.0,False
971,46,0,0.018198376866288515,0.0041998656243955,0.0043476490057576325,0.2065993973052694,Abemaciclib,none,0.0,non-responsive,.APIRPDIVNFVHTNLR.,.APIRPDIVNFVHTNLR.,sp|P36578|RL4_HUMAN,4,1862.0,0.0,False
972,46,0,0.010201744318934966,0.0032439525283547016,0.011653586414856504,0.26666904823519444,BI-2536,none,0.0,non-responsive,.VQQTVQDLFGR.,.VQQTVQDLFGR.,sp|P38646|GRP75_HUMAN,2,1290.7,0.0,False
973,46,0,0.018446274172436494,0.004050961370255609,0.01287062848955684,0.27733872202257936,BGT-226,none,0.0,non-responsive,.IFGVTTLDIVR.,.IFGVTTLDIVR.,sp|P40926|MDHM_HUMAN,2,1233.7,0.0,False
974,46,0,0.009331957102209298,0.002341551602648867,0.00342119483071691,0.20276292294681048,Amuvatinib,none,0.0,non-responsive,.ALTSEIALLQSR.,.ALTSEIALLQSR.,sp|P04843|RPN1_HUMAN,2,1301.7,0.0,False
975,46,0,0.011943474628610019,0.0037917207825271166,0.005386002757447493,0.21731778090871753,Alisertib,none,0.0,non-responsive,.VALLDFGATR.,.VALLDFGATR.,sp|Q8NI60|COQ8A_HUMAN,2,1062.6,0.0,False
976,46,0,0.01081619127814883,0.0037727995541194893,5.355594866921544e-05,0.06650735231147029,Barasertib_HQPA,none,0.0,non-responsive,.ATSTATSGFAGAIGQK.,.ATSTATSGFAGAIGQK.,sp|P51659|DHB4_HUMAN,2,1467.7,0.0,False
977,46,0,0.02898289446750101,0.0049591964113938035,0.04099298731996551,0.3998841676693151,BMS-777607_withCAKI,none,0.0,non-responsive,.ESEQRPPFSQLHR.,.ESEQRPPFSQLHR.,sp|Q08345|DDR1_HUMAN,3,1610.8,0.0,False
978,46,0,0.011854155284669819,0.003109167015061295,0.005407174607129912,0.21743551782603704,Amuvatinib,none,0.0,non-responsive,.TVDLSSHLAK.,.TVDLSSHLAK.,sp|P04843|RPN1_HUMAN,2,1070.6,0.0,False
979,46,0,0.02479415424113774,0.003826378877162812,0.0015348127087717275,0.1601637003661837,Barasertib_HQPA,none,0.0,non-responsive,.TTPTPSTNSVLSTSTNR.,.TTPTPSTNSVLSTSTNR.,sp|Q7KZI7|MARK2_HUMAN,2,1763.9,0.0,False
980,46,0,0.011049352586818002,0.0034632197816741868,0.005679003935427761,0.22157730728684213,AT-9283,none,0.0,non-responsive,.YATALYSAASK.,.YATALYSAASK.,sp|P48047|ATPO_HUMAN,2,1145.6,0.0,False
981,46,0,0.026505225771561287,0.0038881086212015086,0.0007674615738543217,0.1321159658826293,Barasertib_HQPA,none,0.0,non-responsive,.SDSAFFWEER.,.SDSAFFWEER.,sp|Q13464|ROCK1_HUMAN,2,1273.5,0.0,False
982,46,0,0.014198725315271119,0.004104534644161195,0.005266375465406367,0.2150399287695821,Abemaciclib,none,0.0,non-responsive,.VGLQVVAVK.,.VGLQVVAVK.,sp|P10809|CH60_HUMAN,2,912.6,0.0,False
983,46,0,0.0244731870159361,0.004026365444381781,0.0012678508374447455,0.14913095475443822,ASP-3026,none,0.0,non-responsive,.LGLLGLANSLAIEGR.,.LGLLGLANSLAIEGR.,sp|P51659|DHB4_HUMAN,2,1496.9,0.0,False
984,46,0,0.011642518710580328,0.0041102768901469106,0.0041199414544330565,0.20522078595871698,Alisertib,none,0.0,non-responsive,.EHVIEALRR.,.EHVIEALRR.,sp|P27635|RL10_HUMAN,3,1122.6,0.0,False
985,46,0,0.013596668500695594,0.003395846758713339,0.007584084753069104,0.23617603785708577,BI-847325,none,0.0,non-responsive,.KKELEEIVQPIISK.,.KKELEEIVQPIISK.,sp|P11021|BIP_HUMAN,3,1654.0,0.0,False
986,46,0,0.018973646790418963,0.0032533098850014487,0.02170844119519932,0.3251320900521487,AZD-5438,none,0.0,non-responsive,.ISLGLPVGAVINC+57.021ADNTGAK.,.ISLGLPVGAVINCADNTGAK.,sp|P62829|RL23_HUMAN,2,2027.0,0.0,False
987,46,0,0.032255891350466005,0.00415328480006788,0.003702561290090831,0.2045770662850812,AEW-541,none,0.0,non-responsive,.AENGPGPGVLVLR.,.AENGPGPGVLVLR.,sp|P08069|IGF1R_HUMAN,2,1278.7,0.0,False
988,46,0,0.014882924368501506,0.00371950344632873,0.006797509160772809,0.22782522851644013,Apitolisib,none,0.0,non-responsive,.LSVDYGK.,.LSVDYGK.,sp|P68363|TBA1B_HUMAN,2,781.4,0.0,False
989,46,0,0.011426051532875365,0.0036004611620957176,0.0025313235946804757,0.18867852250399797,AXL-1717,none,0.0,non-responsive,.VLQALEGLK.,.VLQALEGLK.,sp|P39019|RS19_HUMAN,2,970.6,0.0,False
990,46,0,0.014191694923284596,0.0051536493337811,0.0028551400538797665,0.19274421767348654,BMS-387032,none,0.0,non-responsive,.SGAAAAAVTTETAQHAQGAKPQVQPQK.,.SGAAAAAVTTETAQHAQGAKPQVQPQK.,sp|P22830|HEMH_HUMAN,3,2646.3,0.0,False
991,46,0,0.0098788291733816,0.002478597389156505,0.05422250894168515,0.4328734603126881,AT-9283,none,0.0,non-responsive,.LTLIDPETLLPR.,.LTLIDPETLLPR.,sp|Q86VP6|CAND1_HUMAN,2,1380.8,0.0,False
992,46,0,0.02361364768220674,0.006579113835542671,0.00163240473928516,0.1643262128946452,Barasertib_HQPA,none,0.0,non-responsive,.LSEEAEC+57.021PNPSTPSK.,.LSEEAECPNPSTPSK.,sp|O94804|STK10_HUMAN,2,1702.7,0.0,False
993,46,0,0.015270984549119706,0.004297735007520341,0.0007928495315859319,0.13385056483708524,AZD-4547,none,0.0,non-responsive,.LQGLVLK.,.LQGLVLK.,sp|Q8TD19|NEK9_HUMAN,2,770.5,0.0,False
994,46,0,0.009817256471722715,0.00289138830709432,0.009355277918885798,0.2507323979046073,Amuvatinib,none,0.0,non-responsive,.EQGVLSFWR.,.EQGVLSFWR.,sp|P05141|ADT2_HUMAN,2,1121.6,0.0,False
995,46,0,0.01104921816829935,0.003923039670160312,0.006573567185290457,0.22775812087690717,AZD-2014,none,0.0,non-responsive,.APPNATLEHFYLTSGK.,.APPNATLEHFYLTSGK.,sp|Q96G23|CERS2_HUMAN,2,1745.9,0.0,False
996,46,0,0.013361719722308771,0.003908594494201333,0.00420932295190416,0.20522078595871698,ARRY-380,none,0.0,non-responsive,.FGGSGSQVDSAR.,.FGGSGSQVDSAR.,sp|Q13200|PSMD2_HUMAN,2,1167.5,0.0,False
997,46,0,0.01523805087219469,0.003821251063818974,0.005614096809536072,0.22144140372087132,Barasertib_HQPA,none,0.0,non-responsive,.AGAIAPC+57.021EVTVPAQNTGLGPEK.,.AGAIAPCEVTVPAQNTGLGPEK.,sp|P05388|RLA0_HUMAN,2,2237.1,0.0,False
998,46,0,0.03135243597032654,0.005640437466744349,0.007014820332080696,0.23017539013153407,AMG-208_withCAKI,none,0.0,non-responsive,.TLIEDEIATILK.,.TLIEDEIATILK.,sp|Q13188|STK3_HUMAN,2,1358.8,0.0,False
999,46,1,0.011991146796552114,0.0035771756101406847,8.69516785959693e-06,0.038637569191024346,AT-9283,increasing,0.0035771756101406847,drug-specific responsive (increasing),.IYGLGSLALYEK.,.IYGLGSLALYEK.,sp|P36542|ATPG_HUMAN,2,1326.7,0.0,False
1000,46,0,0.017843063185803084,0.004009478943553266,6.66375140096048e-05,0.06650735231147029,AT-9283,none,0.0,non-responsive,.DKLNNLVLFDK.,.DKLNNLVLFDK.,sp|P62851|RS25_HUMAN,2,1318.7,0.0,False
1001,46,0,0.021658124803299532,0.004396774077116857,6.425493656992575e-05,0.06650735231147029,AV-412,none,0.0,non-responsive,.LVQLYGVC+57.021TK.,.LVQLYGVCTK.,sp|Q06187|BTK_HUMAN,2,1237.6,0.0,False
1002,46,0,0.010583431898131443,0.0032721951874085387,0.01765441152973908,0.304359129990969,AT-9283,none,0.0,non-responsive,.FPLFGGWK.,.FPLFGGWK.,sp|P04843|RPN1_HUMAN,2,951.5,0.0,False
1003,46,0,0.014317976772384812,0.003615127278432958,0.006384917705769333,0.22615251630146715,Alisertib,none,0.0,non-responsive,.VIGSGC+57.021NLDSAR.,.VIGSGCNLDSAR.,sp|P00338|LDHA_HUMAN,2,1305.6,0.0,False
1004,46,0,0.021253787448220363,0.004342707883699414,0.030100230174086202,0.363109446413658,Baricitinib,none,0.0,non-responsive,.RYDDPEVQKDIK.,.RYDDPEVQKDIK.,sp|P38646|GRP75_HUMAN,3,1505.7,0.0,False
1005,46,0,0.027527304094336215,0.0074442171779383216,0.001469498542453922,0.15809443362057257,Alisertib,none,0.0,non-responsive,.EATNPPVIQEEKPK.,.EATNPPVIQEEKPK.,sp|P30101|PDIA3_HUMAN,2,1579.8,0.0,False
1006,46,0,0.016509484872060408,0.004443869637774007,0.02651378317585668,0.3472753626694905,Amuvatinib,none,0.0,non-responsive,.TILSNQTVDIPENVDITLK.,.TILSNQTVDIPENVDITLK.,sp|P32969|RL9_HUMAN,2,2113.1,0.0,False
1007,46,0,0.011631262206913339,0.0030604851816721027,0.005445340848813416,0.21743551782603704,AZD-1208,none,0.0,non-responsive,.QLEDELQDLAAKK.,.QLEDELQDLAAKK.,sp|Q9Y5S2|MRCKB_HUMAN,3,1500.8,0.0,False
1008,46,0,0.01446169537552091,0.0042253799349402975,0.013552449379414272,0.27990518122749053,Amuvatinib,none,0.0,non-responsive,.IQGLTVEQAEAVVR.,.IQGLTVEQAEAVVR.,sp|Q14204|DYHC1_HUMAN,2,1512.8,0.0,False
1009,46,0,0.03285069463943315,0.005295100458843502,0.00010991125458248804,0.07233141364851868,BMS-690514,none,0.0,non-responsive,.LTDPIPTTETSIAPR.,.LTDPIPTTETSIAPR.,sp|Q2M2I8|AAK1_HUMAN,2,1611.8,0.0,False
1010,46,0,0.00857018914844105,0.003541366675113995,0.027264770379743664,0.3512535841425773,Alvocidib,none,0.0,non-responsive,.TGAAPIIDVVR.,.TGAAPIIDVVR.,sp|P46776|RL27A_HUMAN,2,1111.6,0.0,False
1011,46,0,0.017143500862623555,0.004809287298158902,5.650231969589471e-05,0.06650735231147029,ASP-3026,none,0.0,non-responsive,.QPLALNVAYR.,.QPLALNVAYR.,sp|Q12905|ILF2_HUMAN,2,1144.6,0.0,False
1012,46,0,0.010594253566531207,0.0034063698102941137,0.0032110301451638186,0.1994367753577562,AT-9283,none,0.0,non-responsive,.ANLENPIR.,.ANLENPIR.,sp|O00330|ODPX_HUMAN,2,926.5,0.0,False
1013,46,0,0.008671066105548172,0.00282811933887232,0.0009125982688846493,0.14087991678652256,Alisertib,none,0.0,non-responsive,.AGNLGGGVVTIER.,.AGNLGGGVVTIER.,sp|P35268|RL22_HUMAN,2,1242.7,0.0,False
1014,46,0,0.02537839989838176,0.0035497380625314164,0.0018992800101751352,0.16886405473672586,Baricitinib,none,0.0,non-responsive,.TFQPVLEPVAASSLAQR.,.TFQPVLEPVAASSLAQR.,sp|Q9UK32|KS6A6_HUMAN,2,1814.0,0.0,False
1015,46,0,0.021619915668305296,0.003765275712832021,0.017144617295735628,0.3003569306553393,Amuvatinib,none,0.0,non-responsive,.LHIIEVGTPPTGNQPFPK.,.LHIIEVGTPPTGNQPFPK.,sp|Q00610|CLH1_HUMAN,3,1945.0,0.0,False
1016,46,0,0.024742914354907008,0.005381455637868096,0.0031112129761805035,0.19781428449904417,AZD-4547,none,0.0,non-responsive,.KNNLTLDQPQDK.,.KNNLTLDQPQDK.,sp|Q92844|TANK_HUMAN,2,1413.7,0.0,False
1017,46,0,0.0065532738471704806,0.002232050140653447,0.01984698969290123,0.3153829662255899,AEE-788,none,0.0,non-responsive,.IINEPTAAAIAYGLDK.,.IINEPTAAAIAYGLDK.,sp|P11142|HSP7C_HUMAN,2,1659.9,0.0,False
1018,46,0,0.026034576644008902,0.0052543621616932875,0.0013934552023251588,0.15308909108590565,ASP-3026,none,0.0,non-responsive,.SNYEVLEK.,.SNYEVLEK.,sp|Q05397|FAK1_HUMAN,2,981.5,0.0,False
1019,46,0,0.018570829564450747,0.003697944705909641,0.008136053592200846,0.24297535814768625,AT-9283,none,0.0,non-responsive,.NLYIISVK.,.NLYIISVK.,sp|P62829|RL23_HUMAN,2,949.6,0.000150005,False
1020,46,0,0.029249021103917694,0.004332874453667187,0.00023549039031553953,0.08291757486725032,AT-7519,none,0.0,non-responsive,.LTGEVVALKK.,.LTGEVVALKK.,sp|P24941|CDK2_HUMAN,2,1057.6,0.0,False
1021,46,0,0.014820894864228322,0.0037063350644025114,0.025936345478891877,0.34361197422585305,Alectinib,none,0.0,non-responsive,.SAAEPVASTPASR.,.SAAEPVASTPASR.,sp|P49674|KC1E_HUMAN,2,1243.6,0.0,False
1022,46,0,0.017288087863463017,0.0035014942394258537,0.026836356382871504,0.34954530956773483,AT-7519,none,0.0,non-responsive,.RPDQQLQGEGK.,.RPDQQLQGEGK.,sp|Q8NC51|PAIRB_HUMAN,2,1255.6,0.0,False
1023,46,0,0.02325997314360155,0.003956636581947099,0.010832610583250713,0.2640348153647719,AZD-5438,none,0.0,non-responsive,.ITADQALK.,.ITADQALK.,sp|Q13555|KCC2G_HUMAN,2,859.5,0.0,False
1024,46,0,0.012110250747111145,0.0029803055849074306,0.00955287871493292,0.2533873349929536,Alectinib,none,0.0,non-responsive,.VVLPIEAPIR.,.VVLPIEAPIR.,sp|P00403|COX2_HUMAN,2,1106.7,0.0,False
1025,46,0,0.00915842545858726,0.003361511596294311,0.001798314053545025,0.16886405473672586,Alectinib,none,0.0,non-responsive,.VTLATLK.,.VTLATLK.,sp|P06748|NPM_HUMAN,2,745.5,0.0,False
1026,46,0,0.020454743775217842,0.0032132345217650003,0.010842534434332146,0.2640348153647719,AXL-1717,none,0.0,non-responsive,.AIFFNR.,.AIFFNR.,sp|Q99623|PHB2_HUMAN,2,767.4,0.0,False
1027,46,0,0.007997333560864075,0.0026970244181602483,0.0017953180661650049,0.16886405473672586,Barasertib_HQPA,none,0.0,non-responsive,.LNESTFDTQITK.,.LNESTFDTQITK.,sp|P78527|PRKDC_HUMAN,2,1396.7,0.0,False
1028,46,0,0.011143319223858125,0.0038341944080249875,0.0018898897660689854,0.16886405473672586,AT-9283,none,0.0,non-responsive,.DLKPENLLFDEYHK.,.DLKPENLLFDEYHK.,sp|Q14680|MELK_HUMAN,3,1760.9,0.0,False
1029,46,0,0.007824452321671813,0.0029055987369159654,0.009144467940312602,0.25020562469889635,Apitolisib,none,0.0,non-responsive,.VLNTNIDGR.,.VLNTNIDGR.,sp|P62269|RS18_HUMAN,2,1001.5,0.0,False
1030,46,0,0.015491739554723665,0.004371335286363818,0.004274966093013309,0.20563971052041657,Alisertib,none,0.0,non-responsive,.FIIPQIVK.,.FIIPQIVK.,sp|P07195|LDHB_HUMAN,2,957.6,0.0,False
1031,46,0,0.013846097904931185,0.0034916713147023055,0.00704721001696805,0.2306985162313932,BMS-690514,none,0.0,non-responsive,.VSVNDFIIK.,.VSVNDFIIK.,sp|O00330|ODPX_HUMAN,2,1034.6,0.0,False
1032,46,0,0.010263947037040859,0.002685086714766399,0.0038945584009556864,0.2045770662850812,BMS-387032,none,0.0,non-responsive,.ELEEIVQPIISK.,.ELEEIVQPIISK.,sp|P11021|BIP_HUMAN,2,1397.8,0.0,False
1033,46,0,0.026870352573388583,0.0035965495368738306,0.0005144335796526929,0.11477340483316165,Apitolisib,none,0.0,non-responsive,.LSDPGIPITVLSR.,.LSDPGIPITVLSR.,sp|P23458|JAK1_HUMAN,2,1367.8,0.0,False
1034,46,0,0.012529698156008575,0.0033873743891975356,0.0043783009995170845,0.2068083119435798,ASP-3026,none,0.0,non-responsive,.LQAQQELLQTK.,.LQAQQELLQTK.,sp|P07332|FES_HUMAN,2,1299.7,0.0,False
1035,46,0,0.02756305678606453,0.005132606375372131,0.004457055953343688,0.20711811550913553,AEW-541,none,0.0,non-responsive,.LSRPFQNQTH.,.LSRPFQNQTH.,sp|P45983|MK08_HUMAN,3,1227.6,0.0,False
1036,46,1,0.03259139200303185,0.00745253765321627,2.0622110287759556e-06,0.025722670251548944,BMS-690514,decreasing,0.00745253765321627,drug-specific responsive (decreasing),.DVYEEDSYVKR.,.DVYEEDSYVKR.,sp|P07949|RET_HUMAN,2,1402.6,0.0,False
1037,46,0,0.021913211188161637,0.00450543195733888,0.0001541784805644005,0.07472111960408803,Apitolisib,none,0.0,non-responsive,.VVLVLAGR.,.VVLVLAGR.,sp|P61353|RL27_HUMAN,2,826.5,0.0,False
1038,46,0,0.017808470695082537,0.003363478733110273,0.003098465783839466,0.19777647533638948,AT-9283,none,0.0,non-responsive,.VVDLLAPYAK.,.VVDLLAPYAK.,sp|P06576|ATPB_HUMAN,2,1088.6,0.0,False
1039,46,0,0.020716292162222157,0.00413331286635575,0.0025543706616947773,0.18872809901892154,AT-9283,none,0.0,non-responsive,.SGVVLLNPIPK.,.SGVVLLNPIPK.,sp|P16591|FER_HUMAN,2,1136.7,0.0,False
1040,46,0,0.012764526254095462,0.003366557451865601,0.009879882236416344,0.25602285828874394,Barasertib_HQPA,none,0.0,non-responsive,.VAVQGDVVR.,.VAVQGDVVR.,sp|P07814|SYEP_HUMAN,2,942.5,0.0,False
1041,46,0,0.020017778386077704,0.005169777673388723,0.02199063620497012,0.32536460171190074,AXL-1717,none,0.0,non-responsive,.TIRYPDPLIK.,.TIRYPDPLIK.,sp|P62701|RS4X_HUMAN,3,1215.7,0.0,False
1042,46,0,0.009141416975274161,0.003138086334342504,0.0020019612194995787,0.17095375715193709,Alisertib,none,0.0,non-responsive,.SPDFTNENPLETR.,.SPDFTNENPLETR.,sp|P05023|AT1A1_HUMAN,2,1519.7,0.0,False
1043,46,0,0.02002135589313887,0.004319211632604243,0.013146718435510615,0.2783722416208155,AZD-2014,none,0.0,non-responsive,.SILFVPTSAPR.,.SILFVPTSAPR.,sp|P14625|ENPL_HUMAN,2,1187.7,0.0,False
1044,46,0,0.016164532732624134,0.0034418054737028756,0.021818526709764023,0.3251320900521487,AZD-1208,none,0.0,non-responsive,.SLDHPNVLK.,.SLDHPNVLK.,sp|P53671|LIMK2_HUMAN,2,1022.5,0.0,False
1045,46,0,0.014740354892981937,0.004442806979434276,0.003613616811117446,0.20446977841294517,Barasertib_HQPA,none,0.0,non-responsive,.QVQFDPDSPETSK.,.QVQFDPDSPETSK.,sp|Q9Y2U5|M3K2_HUMAN,2,1477.7,0.0,False
1046,46,0,0.010432253487289591,0.0036426637079751602,0.0005450370469669209,0.11633369632647997,Barasertib_HQPA,none,0.0,non-responsive,.GSC+57.021IANAEEVDVPIK.,.GSCIANAEEVDVPIK.,sp|P29323|EPHB2_HUMAN,2,1658.8,0.0,False
1047,46,0,0.008009074734382863,0.0033468818544742478,0.00034532076123682676,0.09366648887983066,AT-9283,none,0.0,non-responsive,.FGASLGSLSSGR.,.FGASLGSLSSGR.,sp|O15254|ACOX3_HUMAN,2,1138.6,0.0,False
1048,46,0,0.016922499760922288,0.004700095789207772,0.0003627615429523167,0.09716891180837858,Alisertib,none,0.0,non-responsive,.DKLEYFEERPFAAASIGQVHLAR.,.DKLEYFEERPFAAASIGQVHLAR.,sp|Q8NI60|COQ8A_HUMAN,4,2647.3,0.0,False
1049,46,0,0.010757190094601356,0.002561279378982155,0.015249971238175652,0.2904392181519145,Alisertib,none,0.0,non-responsive,.VDNSSLTGESEPQTR.,.VDNSSLTGESEPQTR.,sp|P05023|AT1A1_HUMAN,2,1619.7,0.0,False
1050,46,0,0.011203600296239727,0.0034514906851032187,0.008291070911584944,0.24400822374141007,AMG-208,none,0.0,non-responsive,.AIIIFVPVPQLK.,.AIIIFVPVPQLK.,sp|P62081|RS7_HUMAN,2,1337.8,0.0,False
1051,46,0,0.01482848852610007,0.004111300631223767,0.032094944866944614,0.37152886572702243,AZD-4547,none,0.0,non-responsive,.LEGGSGGDSEVQR.,.LEGGSGGDSEVQR.,sp|P62195|PRS8_HUMAN,2,1290.6,0.0,False
1052,46,0,0.01675164104529826,0.004630282616673215,0.001040579599989125,0.1420123349691711,Barasertib_HQPA,none,0.0,non-responsive,.ATAAELLK.,.ATAAELLK.,sp|O96013|PAK4_HUMAN,2,816.5,0.0,False
1053,46,0,0.018230652390196566,0.0037426575313837546,0.0010222338464367213,0.1420123349691711,AT-13148,none,0.0,non-responsive,.QETVEC+57.021LR.,.QETVECLR.,sp|Q13555|KCC2G_HUMAN,2,1091.5,0.0,False
1054,46,0,0.011660416816292242,0.003166841109592476,0.013411228195504289,0.279639820922361,Barasertib_HQPA,none,0.0,non-responsive,.SLNSIEFR.,.SLNSIEFR.,sp|P78527|PRKDC_HUMAN,2,965.5,0.0,False
1055,46,0,0.027046191618867125,0.0041985921099605625,0.0003844681697370166,0.10165195164717446,ASP-3026,none,0.0,non-responsive,.LGAQSIQPTANLDR.,.LGAQSIQPTANLDR.,sp|Q14289|FAK2_HUMAN,2,1483.8,0.0,False
1056,46,0,0.027848701821599296,0.0032560162024530283,0.006858880230239202,0.227990863522814,Alisertib,none,0.0,non-responsive,.NSSYFVEW+15.99IPNNVK.,.NSSYFVEWIPNNVK.,sp|P07437|TBB5_HUMAN,2,1712.8,0.0,False
1057,46,0,0.03623362519617212,0.006282047864265376,0.004918621921303807,0.21105022649242328,Barasertib_HQPA,none,0.0,non-responsive,.LAQQNAVTSLSEEC+57.021KR.,.LAQQNAVTSLSEECKR.,sp|Q14289|FAK2_HUMAN,2,1890.9,0.0,False
1058,46,0,0.021704966094724516,0.003659919358787069,0.004719386645490332,0.21039387116656552,Apitolisib,none,0.0,non-responsive,.AVGHPFVIQLGR.,.AVGHPFVIQLGR.,sp|O14980|XPO1_HUMAN,3,1293.7,0.0,False
1059,46,0,0.03915452092538597,0.005615568030058155,0.04560520092088139,0.4123964065609598,BMS-754807,none,0.0,non-responsive,.QEYDESGPSIVHRK.,.QEYDESGPSIVHRK.,sp|P60709|ACTB_HUMAN,3,1644.8,0.0,False
1060,46,0,0.07308755628189088,0.008256469307724288,0.009374923587938575,0.2507323979046073,AMG-900,none,0.0,non-responsive,.MLTFNPH.,.MLTFNPH.,sp|P28482|MK01_HUMAN,2,859.4,0.0,False
1061,46,0,0.013656635340966713,0.00437489539748395,0.00474772179908845,0.21039387116656552,Alisertib,none,0.0,non-responsive,.ALIAGGGAPEIELALR.,.ALIAGGGAPEIELALR.,sp|P50991|TCPD_HUMAN,2,1550.9,0.0,False
1062,46,0,0.02503852795181563,0.006377916283450741,0.0005137806924286554,0.11477340483316165,AZD-8055,none,0.0,non-responsive,.WIHQLK.,.WIHQLK.,sp|Q06187|BTK_HUMAN,2,824.5,0.0,False
1063,46,0,0.010822296358420988,0.002677272165235589,0.009820655903779955,0.2554660802722126,AZD-2014,none,0.0,non-responsive,.LGGIGQFLAK.,.LGGIGQFLAK.,sp|Q08211|DHX9_HUMAN,2,1003.6,0.0,False
1064,46,0,0.030005169472105957,0.0040875370049266195,0.020407095812279123,0.3176260094019227,AEW-541,none,0.0,non-responsive,.LATQSNEITIPVTFESR.,.LATQSNEITIPVTFESR.,sp|P04792|HSPB1_HUMAN,2,1906.0,0.0,False
1065,46,0,0.009585262291864668,0.0028398936818151907,0.0018973766111305267,0.16886405473672586,BMS-777607,none,0.0,non-responsive,.LAQVSPELLLASVR.,.LAQVSPELLLASVR.,sp|O43592|XPOT_HUMAN,2,1495.9,0.0,False
1066,46,0,0.009579572868677416,0.0039903805644568675,0.005735316944201631,0.22157730728684213,BMS-777607,none,0.0,non-responsive,.DEVAHTVTESR.,.DEVAHTVTESR.,sp|P31751|AKT2_HUMAN,2,1243.6,0.0,False
1067,46,0,0.008818277054946687,0.0035388626894637693,0.0051904240890449545,0.2150399287695821,Alisertib,none,0.0,non-responsive,.QPTIFQNK.,.QPTIFQNK.,sp|P62280|RS11_HUMAN,2,975.5,0.0,False
1068,46,0,0.008494511782588298,0.002820763859350384,0.010197977245121729,0.25897981752343546,AT-9283,none,0.0,non-responsive,.LLALNSLYSPK.,.LLALNSLYSPK.,sp|P78527|PRKDC_HUMAN,2,1218.7,0.0,False
1069,46,0,0.013957071156840433,0.003884985901307738,0.0017117736064751173,0.16824666741571737,AZD-1208,none,0.0,non-responsive,.ATTPADGEEPAPEAEALAAAR.,.ATTPADGEEPAPEAEALAAAR.,sp|Q96S44|PRPK_HUMAN,2,2038.0,0.0,False
1070,46,0,0.043087296295840405,0.00382849785781116,0.012478576578567569,0.2735201872492788,AMG-900,none,0.0,non-responsive,.LK-1.04ELIFEETAR.,.LKELIFEETAR.,sp|P28482|MK01_HUMAN,2,1347.7,0.0,False
1071,46,0,0.012563032565681986,0.003764942762041609,0.0019244773762547406,0.16886405473672586,BI-2536,none,0.0,non-responsive,.STLNPQWNESFTFK.,.STLNPQWNESFTFK.,sp|P17252|KPCA_HUMAN,2,1698.8,0.0,False
1072,46,0,0.017434901622463344,0.0034275825769153256,0.005701705111963049,0.22157730728684213,AZD-4547,none,0.0,non-responsive,.LLQPVVDTILVK.,.LLQPVVDTILVK.,sp|Q13233|M3K1_HUMAN,2,1337.8,0.0,False
1073,46,0,0.009722337018488868,0.004142175847521304,0.016152925485653363,0.2967443693843067,Alisertib,none,0.0,non-responsive,.ILVATNLFGR.,.ILVATNLFGR.,sp|O00148|DX39A_HUMAN,2,1103.6,0.0,False
1074,46,0,0.04629295645258232,0.005631258735962536,0.001958841856836977,0.170594111985347,BMS-690514,none,0.0,non-responsive,.VPVLISPTLK.,.VPVLISPTLK.,sp|P42684|ABL2_HUMAN,2,1066.7,0.0,False
1075,46,0,0.009935693514303685,0.003349278486670778,0.0013214788890273217,0.1523285785712029,Barasertib_HQPA,none,0.0,non-responsive,.DFEEYPEHR.,.DFEEYPEHR.,sp|O14980|XPO1_HUMAN,2,1221.5,0.0,False
1076,46,0,0.027971543753092666,0.003992731977084458,0.003892295304414164,0.2045770662850812,AT-9283,none,0.0,non-responsive,.STVAQLVK.,.STVAQLVK.,sp|P25705|ATPA_HUMAN,2,845.5,0.0,False
1077,46,0,0.02234979898691465,0.004546778339576968,0.0009445623956157136,0.1420123349691711,BI-847325,none,0.0,non-responsive,.ELGITALHIK.,.ELGITALHIK.,sp|P62263|RS14_HUMAN,2,1094.6,0.0,False
1078,46,0,0.01414603674509174,0.0032324440798285597,0.00401692234911506,0.2045770662850812,Amuvatinib,none,0.0,non-responsive,.LQVTNVLSQPLTQATVK.,.LQVTNVLSQPLTQATVK.,sp|P04844|RPN2_HUMAN,2,1840.0,0.0,False
1079,46,0,0.01232906161598904,0.0034878831963921593,0.00162756700331686,0.1643262128946452,AZD-4547,none,0.0,non-responsive,.IAAYLFK.,.IAAYLFK.,sp|Q00610|CLH1_HUMAN,2,825.5,0.0,False
1080,46,0,0.022630569213280313,0.0029622125513577755,0.0028202670305926725,0.19271615938223435,Barasertib_HQPA,none,0.0,non-responsive,.QAVTNPNNTFYATK.,.QAVTNPNNTFYATK.,sp|P38646|GRP75_HUMAN,2,1568.8,0.0,False
1081,46,0,0.016829735746274787,0.004857550957427593,0.008859649397864044,0.24863769698907093,BI-2536,none,0.0,non-responsive,.YQILPLHSQIPR.,.YQILPLHSQIPR.,sp|Q08211|DHX9_HUMAN,2,1464.8,0.0,False
1082,46,0,0.013403215504710023,0.0032114406334828654,0.015096585036189908,0.29028173524379675,AT-9283,none,0.0,non-responsive,.ITVLEALR.,.ITVLEALR.,sp|Q9NVI7|ATD3A_HUMAN,2,914.5,0.0,False
1083,46,0,0.014670612464030485,0.0032346981679574234,0.003340132896231028,0.20101827682360715,AMG-208_withCAKI,none,0.0,non-responsive,.IGVITNR.,.IGVITNR.,sp|P62701|RS4X_HUMAN,2,772.4,0.0,False
1084,46,0,0.010371806660108496,0.0034830634366081635,0.0022704502476812824,0.18201417812826007,BMS-387032,none,0.0,non-responsive,.TIVLQEIIGK.,.TIVLQEIIGK.,sp|P36896|ACV1B_HUMAN,2,1113.7,0.0,False
1085,46,0,0.030822029698646104,0.006071549725171818,0.0022534350432911487,0.18199005770391888,Alvocidib,none,0.0,non-responsive,.NKLTGEVVALK.,.NKLTGEVVALK.,sp|P24941|CDK2_HUMAN,2,1171.7,0.0,False
1086,46,0,0.014168669361943114,0.0036008607250817555,6.827940456870354e-05,0.06650735231147029,Abemaciclib,none,0.0,non-responsive,.LPVALDPGAK.,.LPVALDPGAK.,sp|P04843|RPN1_HUMAN,2,980.6,0.0,False
1087,46,0,0.017022331510043023,0.0032432262286912375,0.009289234991331542,0.2507323979046073,Alisertib,none,0.0,non-responsive,.EVYQQQQYGSGGR.,.EVYQQQQYGSGGR.,sp|Q99729|ROAA_HUMAN,2,1499.7,0.0,False
1088,46,0,0.009426800039832053,0.002629642528966679,0.03211895567042759,0.37152886572702243,Barasertib_HQPA,none,0.0,non-responsive,.QAASSLQQASLK.,.QAASSLQQASLK.,sp|P38646|GRP75_HUMAN,2,1231.6,0.0,False
1089,46,0,0.012958684414521027,0.0033772878344960917,0.009573904813166712,0.25380698416385,BMS-690514,none,0.0,non-responsive,.IGDFGLATVK.,.IGDFGLATVK.,sp|P15056|BRAF_HUMAN,2,1020.6,0.0,False
1090,46,0,0.01089382512861125,0.0036446097021395033,0.04593073781889443,0.4134759831188471,AT-9283,none,0.0,non-responsive,.ILGLLDAYLK.,.ILGLLDAYLK.,sp|P26641|EF1G_HUMAN,2,1118.7,0.0,False
1091,46,0,0.02685609082250101,0.004182893358449839,0.005107009774186372,0.21362777839720845,Barasertib_HQPA,none,0.0,non-responsive,.VLQQLQQGDWR.,.VLQQLQQGDWR.,sp|Q9NSY1|BMP2K_HUMAN,2,1370.7,0.0,False
1092,46,0,0.02909876948762689,0.0047168395038866325,0.028906247244171002,0.3583384619157897,Barasertib_HQPA,none,0.0,non-responsive,.LASTLVHLGEYQAAVDGAR.,.LASTLVHLGEYQAAVDGAR.,sp|Q00610|CLH1_HUMAN,3,1971.0,0.0,False
1093,46,0,0.01642693025195801,0.0035129637458539776,0.003317319929722086,0.20101827682360715,Alectinib,none,0.0,non-responsive,.ITQDIFQQLLK.,.ITQDIFQQLLK.,sp|P56192|SYMC_HUMAN,2,1346.8,0.0,False
1094,46,0,0.02269900674933089,0.005677476921846261,0.00011097673359421889,0.0723454652162554,Apitolisib,none,0.0,non-responsive,.KQGDFLVR.,.KQGDFLVR.,sp|P16591|FER_HUMAN,2,962.5,0.0,False
1095,46,0,0.014489414709277578,0.003262073191978245,0.0024766968227735824,0.18867064869927044,AT-9283,none,0.0,non-responsive,.SLLAGLLK.,.SLLAGLLK.,sp|P31751|AKT2_HUMAN,2,814.5,0.0,False
1096,46,0,0.04948712722899781,0.0049509254611692245,0.0013622219952193469,0.1523285785712029,Barasertib,none,0.0,non-responsive,.AGAYDFPSPEW+3.991DTVTPEAK.,.AGAYDFPSPEWDTVTPEAK.,sp|Q13557|KCC2D_HUMAN,2,2084.9,0.0,False
1097,46,0,0.025009214818659784,0.004734384634314902,0.005227737554112783,0.2150399287695821,AT-13148,none,0.0,non-responsive,.TLGTGSFGR.,.TLGTGSFGR.,sp|P17612|KAPCA_HUMAN,2,895.4,0.0,False
1098,46,0,0.010738717178706874,0.0033763291779875747,0.013211902665137604,0.2784310354103976,BMS-777607,none,0.0,non-responsive,.QAVDVSPLR.,.QAVDVSPLR.,sp|P46782|RS5_HUMAN,2,984.5,0.0,False
1099,46,0,0.012361006725510448,0.0038133867173759015,0.005374155693530541,0.21705532459181073,Alisertib,none,0.0,non-responsive,.YLNFFTK.,.YLNFFTK.,sp|P12004|PCNA_HUMAN,2,932.5,0.0,False
1100,46,0,0.04366123080834017,0.005916623078245494,0.0007159974227608149,0.12772014843623716,ASP-3026,none,0.0,non-responsive,.REQGGSGLGSGSSGGGGSTSGLGSGYIGR.,.REQGGSGLGSGSSGGGGSTSGLGSGYIGR.,sp|Q2M2I8|AAK1_HUMAN,3,2542.2,0.0,False
1101,46,0,0.01843179007994038,0.003840358710129795,7.928150855407907e-05,0.06650735231147029,AV-412,none,0.0,non-responsive,.DSSQPGLYTVSLYTK.,.DSSQPGLYTVSLYTK.,sp|P42680|TEC_HUMAN,2,1658.8,0.0,False
1102,46,0,0.020059284387906284,0.004858122306495416,0.0014642794509069597,0.1579830516250216,BMS-754807,none,0.0,non-responsive,.AVVGVVAGGGR.,.AVVGVVAGGGR.,sp|P62917|RL8_HUMAN,2,941.5,0.0,False
1103,46,0,0.01440150046038999,0.004222295552931812,0.012667347274792016,0.27557897805125064,AMG-208_withCAKI,none,0.0,non-responsive,.LIINSLYK.,.LIINSLYK.,sp|P14625|ENPL_HUMAN,2,963.6,0.0,False
1104,46,0,0.010614145361509624,0.00351912251425444,0.0028078814427986644,0.19271615938223435,Abemaciclib,none,0.0,non-responsive,.KQELLEALTK.,.KQELLEALTK.,sp|P12956|XRCC6_HUMAN,2,1172.7,0.0,False
1105,46,0,0.020913832818923304,0.00400847376772019,0.009290536958276011,0.2507323979046073,BMS-387032,none,0.0,non-responsive,.ITATQALK.,.ITATQALK.,sp|P50613|CDK7_HUMAN,2,845.5,0.0,False
1106,46,0,0.01280676965905429,0.0025492819955948804,0.014134739972372004,0.28270699174486585,Amuvatinib,none,0.0,non-responsive,.TSIDAYDNFDNISLAQR.,.TSIDAYDNFDNISLAQR.,sp|Q00610|CLH1_HUMAN,2,1942.9,0.0,False
1107,46,0,0.009512999743697813,0.0023645367072558945,0.008749262398840895,0.2470743795351314,ASP-3026,none,0.0,non-responsive,.KLEAAEDIAY+183.027QLSR.,.KLEAAEDIAYQLSR.,sp|P35232|PHB_HUMAN,3,1789.9,0.0,False
1108,46,0,0.02176595381360802,0.003337947604383642,0.013381737229327673,0.27960203589196153,Barasertib_HQPA,none,0.0,non-responsive,.TPDVLESSGPAVR.,.TPDVLESSGPAVR.,sp|O75676|KS6A4_HUMAN,2,1327.7,0.0,False
1109,46,0,0.018888346092471503,0.003484703472406817,0.011061589963806472,0.26430336894089584,Alectinib,none,0.0,non-responsive,.GTLDPVEK.,.GTLDPVEK.,sp|P11142|HSP7C_HUMAN,2,858.4,0.0,False
1110,46,0,0.05966601703053956,0.006241093992218745,0.0026818928785869935,0.1912818123811847,Alectinib,none,0.0,non-responsive,.IQAAASTPTNATAASDANTGDR.,.IQAAASTPTNATAASDANTGDR.,sp|P49841|GSK3B_HUMAN,2,2104.0,0.0,False
1111,46,0,0.008013219180339844,0.003437252186847763,0.0031712806686864116,0.19897691771579754,AXL-1717,none,0.0,non-responsive,.GGNFGFGDSR.,.GGNFGFGDSR.,sp|P22626|ROA2_HUMAN,2,1013.4,0.0,False
1112,46,0,0.01514051950487319,0.0033321567366503373,0.000103750039098658,0.06973484770845513,AT-9283,none,0.0,non-responsive,.FVPLLPGNR.,.FVPLLPGNR.,sp|P78527|PRKDC_HUMAN,2,1012.6,0.0,False
1113,46,0,0.025912013786611628,0.004831373610365622,0.0006868887430189334,0.12556024548275993,BMS-754807,none,0.0,non-responsive,.VC+57.021FYSNSFNPGK.,.VCFYSNSFNPGK.,sp|Q14289|FAK2_HUMAN,2,1476.6,0.0,False
1114,46,0,0.014387389201252841,0.0036403991717167423,0.01068254705916502,0.2637489915600143,AZD-5363,none,0.0,non-responsive,.LQPGIAQQWIQSK.,.LQPGIAQQWIQSK.,sp|O43353|RIPK2_HUMAN,2,1496.8,0.0,False
1115,46,0,0.009714120869034374,0.0032187295739715157,0.019300449864458974,0.31205912586639245,AXL-1717,none,0.0,non-responsive,.DEILPTTPISEQK.,.DEILPTTPISEQK.,sp|P23396|RS3_HUMAN,2,1470.8,0.0,False
1116,46,0,0.02003421908643432,0.005835116961333093,0.00190122974819287,0.16886405473672586,AT-13148,none,0.0,non-responsive,.ILQAVNFPFLVR.,.ILQAVNFPFLVR.,sp|P22694|KAPCB_HUMAN,2,1416.8,0.0,False
1117,46,0,0.01762691198932908,0.004222831821944823,0.003393210552972374,0.20276292294681048,AT-9283,none,0.0,non-responsive,.IREQQEQLSLQQTIIDK.,.IREQQEQLSLQQTIIDK.,sp|Q92844|TANK_HUMAN,3,2070.1,0.0,False
1118,46,0,0.007171350591270962,0.0025445259616002436,0.015740275076263202,0.29489852274546785,Barasertib_HQPA,none,0.0,non-responsive,.GLESLPPLRPQQNPVLPVAGER.,.GLESLPPLRPQQNPVLPVAGER.,sp|P56192|SYMC_HUMAN,3,2367.3,0.0,False
1119,46,0,0.017584400681142642,0.004422722891646664,0.013172170921441542,0.2784310354103976,Alisertib,none,0.0,non-responsive,.APFDLFENK.,.APFDLFENK.,sp|P08238|HS90B_HUMAN,2,1080.5,0.0,False
1120,46,0,0.01645849065814184,0.004408028081006835,0.013138417354205944,0.2783722416208155,AZD-8186,none,0.0,non-responsive,.GPSSVEDIK.,.GPSSVEDIK.,sp|P06748|NPM_HUMAN,2,931.5,0.0,False
1121,46,0,0.011188473265480909,0.0028945636284001004,0.0041915605251423875,0.20522078595871698,AT-9283,none,0.0,non-responsive,.ENDYYTPTGEFR.,.ENDYYTPTGEFR.,sp|P46977|STT3A_HUMAN,2,1491.6,0.0,False
1122,46,0,0.01291898824698731,0.004134029514457373,0.0050735530446744575,0.21312941214583786,AT-7519,none,0.0,non-responsive,.GFGFVLFK.,.GFGFVLFK.,sp|Q14103|HNRPD_HUMAN,2,914.5,0.0,False
1123,46,0,0.06691906577985733,0.005028226220250102,3.042560212776861e-05,0.06265386055594918,Barasertib_HQPA,none,0.0,non-responsive,.TSENLALTGVDHSLPQDGSNAFISQK.,.TSENLALTGVDHSLPQDGSNAFISQK.,sp|O60563|CCNT1_HUMAN,3,2729.3,0.0,False
1124,46,0,0.019609420685587745,0.005096393156650094,0.0007880860274063637,0.13325426477465568,AT-9283,none,0.0,non-responsive,.C+39.985YLHETLETIINR.,.CYLHETLETIINR.,sp|P54619|AAKG1_HUMAN,2,1701.8,0.0,False
1125,46,0,0.04065705531816087,0.005046829178895811,0.008999212646023883,0.25020562469889635,BMS-690514,none,0.0,non-responsive,.ANSATTATPSVLTIQSSATPVK.,.ANSATTATPSVLTIQSSATPVK.,sp|Q9NSY1|BMP2K_HUMAN,2,2145.1,0.0,False
1126,46,0,0.021702086770447562,0.005340646037393354,6.529272567544413e-05,0.06650735231147029,ASP-3026,none,0.0,non-responsive,.SLQTTSPPVVAPGNENGLAVPVPLRK.,.SLQTTSPPVVAPGNENGLAVPVPLRK.,sp|O94804|STK10_HUMAN,3,2641.4,0.0,False
1127,46,0,0.011503118439609317,0.003198011743421704,0.030471815146310127,0.3634307402027956,Alisertib,none,0.0,non-responsive,.DGPVRPQNAEEEKR.,.DGPVRPQNAEEEKR.,sp|Q92504|S39A7_HUMAN,3,1624.8,0.0,False
1128,46,0,0.00885668752197438,0.0038964092491587518,0.00040082550782857384,0.10224466972192815,BMS-690514,none,0.0,non-responsive,.APNDFNLR.,.APNDFNLR.,sp|P06737|PYGL_HUMAN,2,946.5,0.0,False
1129,46,0,0.013616964648777291,0.004919123899554489,0.04575025900385604,0.4128063543937757,ARRY-380,none,0.0,non-responsive,.NSNPALNDNLEK.,.NSNPALNDNLEK.,sp|O00299|CLIC1_HUMAN,2,1328.6,0.0,False
1130,46,0,0.013103793087756293,0.004197254559348159,0.00036128261358446057,0.09701289833509281,Alisertib,none,0.0,non-responsive,.GFGFGLVK.,.GFGFGLVK.,sp|P45880|VDAC2_HUMAN,2,824.4,0.0,False
1131,46,0,0.022604701911459496,0.003960497240220062,0.011056569866615792,0.26430336894089584,Barasertib_HQPA,none,0.0,non-responsive,.NVDILKDPETVK.,.NVDILKDPETVK.,sp|O14980|XPO1_HUMAN,2,1370.7,0.0,False
1132,46,0,0.01266382789249695,0.0036043542977272818,0.019404137883763464,0.3128920847998008,Alectinib,none,0.0,non-responsive,.LLLPWLEAR.,.LLLPWLEAR.,sp|Q00610|CLH1_HUMAN,2,1110.6,0.0,False
1133,46,0,0.022357306206376746,0.005624902473443821,0.006864059819408843,0.227990863522814,Afatinib,none,0.0,non-responsive,.GQLVEFLK.,.GQLVEFLK.,sp|O14976|GAK_HUMAN,2,933.5,0.0,False
1134,46,0,0.020814109473915782,0.0034907328879433355,0.0015833537231036234,0.16137319802404354,AT-9283,none,0.0,non-responsive,.QTDPYQEDNLK.,.QTDPYQEDNLK.,sp|Q9H6S1|AZI2_HUMAN,2,1350.6,0.0,False
1135,46,0,0.012545538985715069,0.004010226433566297,0.009543424637485604,0.2533713682888873,Apitolisib,none,0.0,non-responsive,.ILSGVVTK.,.ILSGVVTK.,sp|P62280|RS11_HUMAN,2,816.5,0.0,False
1136,46,0,0.01463820696556701,0.002926723208179177,0.0015182661282105046,0.15997971671304748,BMS-777607_withCAKI,none,0.0,non-responsive,.DLLHPSPEEEKRK.,.DLLHPSPEEEKRK.,sp|P42677|RS27_HUMAN,3,1577.8,0.0,False
1137,46,0,0.023569370851702284,0.0045437390224930966,0.004115428247933581,0.20522078595871698,Alectinib,none,0.0,non-responsive,.FLVLNPIK.,.FLVLNPIK.,sp|P27448|MARK3_HUMAN,2,943.6,0.0,False
1138,46,0,0.033381183860746635,0.005149463432322207,0.0032062989536376543,0.1994367753577562,Axitinib,none,0.0,non-responsive,.VLAPGEFGNHRPK.,.VLAPGEFGNHRPK.,sp|Q9NSY1|BMP2K_HUMAN,3,1421.7,0.0,False
1139,46,0,0.014147888273773479,0.003840630218673138,0.0010307781532959606,0.1420123349691711,AT-9283,none,0.0,non-responsive,.LVRPPVQVYGIEGR.,.LVRPPVQVYGIEGR.,sp|P48047|ATPO_HUMAN,3,1582.9,0.0,False
1140,46,0,0.012661907204299053,0.0028038117974477743,0.02845398454406353,0.3561767423291885,AT-9283,none,0.0,non-responsive,.YLTVAAIFR.,.YLTVAAIFR.,sp|Q13885|TBB2A_HUMAN,2,1053.6,0.0,False
1141,46,0,0.054274511149450186,0.008048941111297836,0.0018418501721959913,0.16886405473672586,Alisertib,none,0.0,non-responsive,.FDKEC+57.021FK.,.FDKECFK.,sp|Q05397|FAK1_HUMAN,2,1030.4,0.000197847,False
1142,46,0,0.010570778718436593,0.003054490581171238,0.004358127435797771,0.2065993973052694,AT-9283,none,0.0,non-responsive,.NLQNLLILTAIK.,.NLQNLLILTAIK.,sp|Q00610|CLH1_HUMAN,2,1353.8,0.0,False
1143,46,0,0.02226059000865858,0.004250539388935303,0.002472966445288031,0.18867064869927044,Apitolisib,none,0.0,non-responsive,.NVLVESEHQVK.,.NVLVESEHQVK.,sp|P23458|JAK1_HUMAN,2,1281.7,0.0,False
1144,46,0,0.027693301270784437,0.00429997388992094,0.01546574834608905,0.29295045637528905,Barasertib_HQPA,none,0.0,non-responsive,.DNNQFASASLDR.,.DNNQFASASLDR.,sp|P35606|COPB2_HUMAN,2,1337.6,0.0,False
1145,46,0,0.017514057808260854,0.0036714954478903696,0.034983972110605166,0.3836822764910663,BGT-226,none,0.0,non-responsive,.TDYNASVSVPDSSGPER.,.TDYNASVSVPDSSGPER.,sp|P61978|HNRPK_HUMAN,2,1780.8,0.0,False
1146,46,0,0.013575135576702084,0.003504775540218523,0.026531884911742486,0.3473187329311476,BMS-387032,none,0.0,non-responsive,.AVFQANQENLPILK.,.AVFQANQENLPILK.,sp|P05023|AT1A1_HUMAN,2,1584.9,0.0,False
1147,46,0,0.009997002707365865,0.0038207558203568804,0.009855186507256464,0.2556139433717575,BMS-777607,none,0.0,non-responsive,.ALIAAQYSGAQVR.,.ALIAAQYSGAQVR.,sp|P26641|EF1G_HUMAN,2,1347.7,0.0,False
1148,46,0,0.00828211072715617,0.002603767633373872,0.005120175704349412,0.21401306058175806,BMS-777607,none,0.0,non-responsive,.QVNITVQK.,.QVNITVQK.,sp|Q9P035|HACD3_HUMAN,2,929.5,0.0,False
1149,46,0,0.0223263073530215,0.0049216878139658575,0.001217211811874849,0.1461937582930486,Apitolisib,none,0.0,non-responsive,.ALVATPGK.,.ALVATPGK.,sp|P19338|NUCL_HUMAN,2,756.4,0.0,False
1150,46,0,0.026357149382435493,0.0043369794349528284,0.004604653217811077,0.20918660144560025,AZD-4547,none,0.0,non-responsive,.LLQHPFTTQQLPR.,.LLQHPFTTQQLPR.,sp|Q12851|M4K2_HUMAN,2,1578.9,0.0,False
1151,46,0,0.019283871332561896,0.0034218565671169858,0.027958983353641918,0.3547049025001463,BMS-777607,none,0.0,non-responsive,.VLAFLSSVAGDALTR.,.VLAFLSSVAGDALTR.,sp|Q92616|GCN1_HUMAN,2,1519.8,0.0,False
1152,46,0,0.019413387308561483,0.004075897249345069,0.0008433275075387381,0.1385295801739095,AT-9283,none,0.0,non-responsive,.TAVAPIER.,.TAVAPIER.,sp|P05141|ADT2_HUMAN,2,856.5,0.0,False
1153,46,0,0.041886494459156993,0.009236262074255045,0.0001546506302086584,0.07472111960408803,AT-9283,none,0.0,non-responsive,.SNVQPTAAPGQK.,.SNVQPTAAPGQK.,sp|Q96GD4|AURKB_HUMAN,2,1197.6,0.0,False
1154,46,0,0.009985425312146565,0.003257553393460319,0.016612023125966314,0.298745629835109,Alisertib,none,0.0,non-responsive,.SLAGSSGPGASSGTSGDHGELVVR.,.SLAGSSGPGASSGTSGDHGELVVR.,sp|P29692|EF1D_HUMAN,2,2185.0,0.0,False
1155,46,0,0.012901765139995306,0.0042285733403910125,0.013130457807194056,0.2783722416208155,AZD-5363,none,0.0,non-responsive,.KSGAAAAAVTTETAQHAQGAKPQVQPQK.,.KSGAAAAAVTTETAQHAQGAKPQVQPQK.,sp|P22830|HEMH_HUMAN,4,2774.4,0.0,False
1156,46,0,0.025964483566878662,0.0038616395446568518,0.002265554091990741,0.18201417812826007,Alectinib,none,0.0,non-responsive,.VAHSDKPGSTSTASFR.,.VAHSDKPGSTSTASFR.,sp|Q9P0L0|VAPA_HUMAN,2,1647.8,0.0,False
1157,46,0,0.010980501832374494,0.0036293151449442755,0.010006415512661546,0.2571255284690675,BI-2536,none,0.0,non-responsive,.TYVTPPGTGFLPGDTAR.,.TYVTPPGTGFLPGDTAR.,sp|Q9NPF4|OSGEP_HUMAN,2,1749.9,0.0,False
1158,46,0,0.011496628838738917,0.0032688670436200645,0.0038475617601955265,0.2045770662850812,Barasertib_HQPA,none,0.0,non-responsive,.SQAKPGTPGGTGGPAPQY.,.SQAKPGTPGGTGGPAPQY.,sp|P54760|EPHB4_HUMAN,2,1670.8,0.0,False
1159,46,0,0.019691619885356733,0.0036661945311098247,0.01033605931138824,0.2606049996229913,ARRY-380,none,0.0,non-responsive,.AQAVSEDAGGNEGR.,.AQAVSEDAGGNEGR.,sp|P55884|EIF3B_HUMAN,2,1360.6,0.0,False
1160,46,0,0.011079038242170429,0.0032980797564726235,0.05916768047606048,0.44371660032688043,AT-9283,none,0.0,non-responsive,.YFSLPFC+57.021VGSK.,.YFSLPFCVGSK.,sp|Q9HD45|TM9S3_HUMAN,2,1361.6,0.0,False
1161,46,0,0.009435579442219415,0.0029210379829589634,0.006051803700888647,0.22157730728684213,BMS-777607_withCAKI,none,0.0,non-responsive,.SGPFGQIFRPDNFVFGQSGAGNN+3.976WAK.,.SGPFGQIFRPDNFVFGQSGAGNNWAK.,sp|P07437|TBB5_HUMAN,3,2802.3,0.0,False
1162,46,0,0.014929881781778682,0.0044173456197031365,0.003359249210003151,0.20139676080913627,Axitinib,none,0.0,non-responsive,.NGQGWVPSNYITPVNSLEK.,.NGQGWVPSNYITPVNSLEK.,sp|P00519|ABL1_HUMAN,2,2103.0,0.0,False
1163,46,0,0.015557796203806106,0.003994514153170305,0.009828589641913951,0.2554788833292625,Alisertib,none,0.0,non-responsive,.KPTLDKPSPETFVK.,.KPTLDKPSPETFVK.,sp|Q53GQ0|DHB12_HUMAN,3,1586.9,0.0,False
1164,46,0,0.010107440393083278,0.003059786108104709,0.013569315683468506,0.2801762061985393,AT-9283,none,0.0,non-responsive,.AALQELLSK.,.AALQELLSK.,sp|P62851|RS25_HUMAN,2,972.6,0.0,False
1165,46,0,0.019450319769408565,0.004047125835898706,0.0013950138156727339,0.15310488850205364,AZD-8186,none,0.0,non-responsive,.QLDEASGANDEIVQLR.,.QLDEASGANDEIVQLR.,sp|O14578|CTRO_HUMAN,2,1757.8,0.0,False
1166,46,0,0.01743193890831263,0.0033064473243957252,0.0021403497758219316,0.17748501991614585,BI-2536,none,0.0,non-responsive,.GLSQSALPYR.,.GLSQSALPYR.,sp|P62277|RS13_HUMAN,2,1091.6,0.0,False
1167,46,0,0.012530836084200296,0.0035045877180030376,0.04441528297438444,0.4096567694630389,Alectinib,none,0.0,non-responsive,.AKPAEAPAAAAPK.,.AKPAEAPAAAAPK.,sp|P36957|ODO2_HUMAN,2,1192.7,0.0,False
1168,46,0,0.02013045648279631,0.004882314781213461,0.011770509177740016,0.2666815530197026,Alisertib,none,0.0,non-responsive,.AIADTGANVVVTGGK.,.AIADTGANVVVTGGK.,sp|P50990|TCPQ_HUMAN,2,1372.7,0.0,False
1169,46,0,0.020596795844675032,0.004159235092552993,0.005655446001682943,0.22157730728684213,AZD-1208,none,0.0,non-responsive,.NIDNFLSR.,.NIDNFLSR.,sp|Q13464|ROCK1_HUMAN,2,978.5,0.0,False
1170,46,0,0.01444057664205868,0.004346421712252636,0.0006548709172339159,0.1230308343604509,ASP-3026,none,0.0,non-responsive,.LGGAVPFAPPEVSPEQAK.,.LGGAVPFAPPEVSPEQAK.,sp|Q6ZSR9|YJ005_HUMAN,2,1793.9,0.0,False
1171,46,0,0.01281217794917197,0.0031583491499174,0.008287894713995131,0.24400822374141007,Amuvatinib,none,0.0,non-responsive,.DAGQISGLNVLR.,.DAGQISGLNVLR.,sp|P38646|GRP75_HUMAN,2,1242.7,0.0,False
1172,46,0,0.013633298417949146,0.004169107781035666,0.049789797598507275,0.42226746625286377,ARRY-380,none,0.0,non-responsive,.VDATEESDLAQQYGVR.,.VDATEESDLAQQYGVR.,sp|P07237|PDIA1_HUMAN,2,1780.8,0.0,False
1173,46,0,0.01574313809596752,0.0040159251427991,0.0001494070271168385,0.0738268558878935,AV-412,none,0.0,non-responsive,.AAQQQTVQQQPLAGSR.,.AAQQQTVQQQPLAGSR.,sp|Q13233|M3K1_HUMAN,2,1710.9,0.0,False
1174,46,0,0.013318498292359737,0.0026034111180083474,0.012009632615624948,0.2694169395753436,Barasertib_HQPA,none,0.0,non-responsive,.LVGQSIIAYLQK.,.LVGQSIIAYLQK.,sp|P53621|COPA_HUMAN,2,1332.8,0.0,False
1175,46,0,0.012858810535722496,0.0034458381336556353,0.013299867592417067,0.27928878483273867,BMS-754807,none,0.0,non-responsive,.LLIHQSLAGGIIGVK.,.LLIHQSLAGGIIGVK.,sp|P61978|HNRPK_HUMAN,2,1518.9,0.0,False
1176,46,0,0.01838628897812369,0.0035347267624385305,0.0014562348862293282,0.15742902918412263,Alectinib,none,0.0,non-responsive,.APILIATDVASR.,.APILIATDVASR.,sp|Q92841|DDX17_HUMAN,2,1226.7,0.0,False
1177,46,0,0.01628931379278033,0.003722431806140562,0.007227764865012075,0.23252939261688732,BI-2536,none,0.0,non-responsive,.QLPTPVGAVQQDPALSSNR.,.QLPTPVGAVQQDPALSSNR.,sp|Q9Y6M4|KC1G3_HUMAN,2,1978.0,0.0,False
1178,46,0,0.023208539277285205,0.005027293551997569,0.0005207657255280131,0.11477340483316165,AT-9283,none,0.0,non-responsive,.SALVQIYELEEHKIETWR+31.976.,.SALVQIYELEEHKIETWR.,sp|P54619|AAKG1_HUMAN,4,2276.1,0.0,False
1179,46,0,0.028494430702332457,0.004642252680646569,0.0041923578647484906,0.20522078595871698,AXL-1717,none,0.0,non-responsive,.IDKPILK.,.IDKPILK.,sp|P62917|RL8_HUMAN,2,826.5,0.0,False
1180,46,0,0.0114816916391379,0.002894650278319928,0.02816941328865007,0.35503762625567986,Alectinib,none,0.0,non-responsive,.VKLLLQVQHASK.,.VKLLLQVQHASK.,sp|P05141|ADT2_HUMAN,3,1363.8,0.0,False
1181,46,0,0.017260743874927185,0.0036090383720416806,0.002225454985738814,0.18093734882173235,AZD-4547,none,0.0,non-responsive,.VFLALAAK.,.VFLALAAK.,sp|P78527|PRKDC_HUMAN,2,832.5,0.0,False
1182,46,0,0.01870966683793571,0.004572670022632401,0.0032505225232230643,0.1994367753577562,Alisertib,none,0.0,non-responsive,.SESPKEPEQLRK.,.SESPKEPEQLRK.,sp|P09651|ROA1_HUMAN,3,1427.7,0.0,False
1183,46,0,0.010386546662073852,0.0034872273502119383,0.011401664238008376,0.265185491451852,Alectinib,none,0.0,non-responsive,.LALGIPLPELR.,.LALGIPLPELR.,sp|P27708|PYR1_HUMAN,2,1191.7,0.0,False
1184,46,0,0.04948712722899781,0.0049509254611692245,0.0013622219952193469,0.1523285785712029,Barasertib,none,0.0,non-responsive,.AGAYDFPSP+47.981EWDTVTPEAK.,.AGAYDFPSPEWDTVTPEAK.,sp|Q13557|KCC2D_HUMAN,2,2128.9,0.0,False
1185,46,0,0.01975678194839534,0.004719900004275627,0.007002790367768582,0.23017539013153407,ASP-3026,none,0.0,non-responsive,.QVAEQGGDLSPAANR.,.QVAEQGGDLSPAANR.,sp|O94804|STK10_HUMAN,2,1512.7,0.0,False
1186,46,0,0.008189769310181779,0.003123346731192983,0.05002041035752293,0.42226746625286377,BMS-690514,none,0.0,non-responsive,.LPFTPLSYIQGLSHR.,.LPFTPLSYIQGLSHR.,sp|Q9UM00|TMCO1_HUMAN,2,1728.9,0.0,False
1187,46,0,0.008835016353895544,0.0029630527133626826,0.004596720773706093,0.20918660144560025,AT-9283,none,0.0,non-responsive,.FGQVYTEAK.,.FGQVYTEAK.,sp|P46977|STT3A_HUMAN,2,1042.5,0.0,False
1188,46,0,0.01647262458098031,0.004216184400892277,0.005377492262908512,0.21705532459181073,AT-13148,none,0.0,non-responsive,.QK-17.076IVQAEGEAEAAK.,.QKIVQAEGEAEAAK.,sp|Q99623|PHB2_HUMAN,2,1454.7,0.0,False
1189,46,0,0.0206809189331841,0.0034252791507793086,0.014008286525919662,0.28270699174486585,BMS-911543,none,0.0,non-responsive,.AVALYFIDK.,.AVALYFIDK.,sp|P11387|TOP1_HUMAN,2,1039.6,0.0,False
1190,46,0,0.011434886207623124,0.0039264882967752854,0.0020588740768516627,0.17338603753035228,Apitolisib,none,0.0,non-responsive,.GNFGEVFSGR.,.GNFGEVFSGR.,sp|P07332|FES_HUMAN,2,1069.5,0.0,False
1191,46,0,0.016952744476051027,0.00408258455835076,0.0008382772437174324,0.1385295801739095,AXL-1717,none,0.0,non-responsive,.ALAAFLK.,.ALAAFLK.,sp|P39019|RS19_HUMAN,2,733.4,0.000624502,False
1192,46,0,0.008153315102111872,0.003370673752444428,0.01420936987219531,0.28277675214299175,AZD-1480,none,0.0,non-responsive,.SIQFVDW+47.975C+57.021PTGFK.,.SIQFVDWCPTGFK.,sp|P68363|TBA1B_HUMAN,2,1689.7,0.0,False
1193,46,0,0.01803288547817335,0.0048495437415524405,0.00781326945553443,0.23901369572330627,BMS-777607,none,0.0,non-responsive,.AILFVPR.,.AILFVPR.,sp|P07900|HS90A_HUMAN,2,815.5,0.0,False
1194,46,0,0.011675166860950707,0.003744823659685253,0.0015450346479450906,0.1609200427597478,Barasertib_HQPA,none,0.0,non-responsive,.IPSASPQTQR.,.IPSASPQTQR.,sp|Q13233|M3K1_HUMAN,2,1084.6,0.0,False
1195,46,0,0.013520901752016628,0.0032588151879445796,0.004760047896436941,0.21055423250528593,BMS-690514,none,0.0,non-responsive,.FLIQNVLR.,.FLIQNVLR.,sp|P41252|SYIC_HUMAN,2,1002.6,0.0,False
1196,46,0,0.015229007901969786,0.0034188770343752998,0.014861909157108055,0.2879644582697311,BMS-387032,none,0.0,non-responsive,.ATALVVQAVK.,.ATALVVQAVK.,sp|Q6PHR2|ULK3_HUMAN,2,999.6,0.0,False
1197,46,0,0.016551160633319562,0.004442165772887221,0.0025245585114498322,0.18867064869927044,Barasertib_HQPA,none,0.0,non-responsive,.NAPSTAGLG+15.991YGSWEIDPK.,.NAPSTAGLGYGSWEIDPK.,sp|Q06187|BTK_HUMAN,2,1878.9,0.0,False
1198,46,0,0.015975790609412437,0.004864291277296221,0.0031578093901851287,0.19867578090632773,Axitinib,none,0.0,non-responsive,.GSALGTPAAAEPVTPTSK.,.GSALGTPAAAEPVTPTSK.,sp|P00519|ABL1_HUMAN,2,1654.8,0.0,False
1199,46,0,0.02030725363427503,0.0042111116346896455,0.0011827982326655998,0.1446991877256131,Barasertib_HQPA,none,0.0,non-responsive,.ERPTPSLNNNC+57.021TTSEDSLVLYNR.,.ERPTPSLNNNCTTSEDSLVLYNR.,sp|P07814|SYEP_HUMAN,3,2737.3,0.0,False
1200,46,0,0.01683541014257433,0.004583490879345984,0.0009434557996011131,0.1420123349691711,AZD-5438,none,0.0,non-responsive,.LQVVDQPLPVR.,.LQVVDQPLPVR.,sp|P49327|FAS_HUMAN,2,1263.7,0.0,False
1201,46,0,0.012707831229373157,0.003976208398576122,0.013534045774352212,0.2797364283390168,AXL-1717,none,0.0,non-responsive,.ILQDGGLQVVEK.,.ILQDGGLQVVEK.,sp|O43175|SERA_HUMAN,2,1298.7,0.0,False
1202,46,0,0.018759323518892708,0.0037812005218165303,0.0024417471677286784,0.1879964006837231,ARRY-380,none,0.0,non-responsive,.LPSTSGSEGVPFR.,.LPSTSGSEGVPFR.,sp|P29317|EPHA2_HUMAN,2,1333.7,0.0,False
1203,46,0,0.01252131252031413,0.0033689569434988266,0.015824619356964276,0.2956713642135057,Barasertib_HQPA,none,0.0,non-responsive,.RPTELLSNPQFIVDGATR.,.RPTELLSNPQFIVDGATR.,sp|P07384|CAN1_HUMAN,3,2014.1,0.0,False
1204,46,0,0.00998336695478615,0.0034443558733173517,0.0005037917962277792,0.11477340483316165,Barasertib_HQPA,none,0.0,non-responsive,.NQGGGLSSSGAGEGQGPK.,.NQGGGLSSSGAGEGQGPK.,sp|P07814|SYEP_HUMAN,2,1587.7,0.0,False
1205,46,0,0.011809100997537977,0.004198558615985319,0.02971483483085412,0.36153037662716514,BMS-754807,none,0.0,non-responsive,.FQSSHHPTDITSLDQYVER.,.FQSSHHPTDITSLDQYVER.,sp|P14625|ENPL_HUMAN,3,2260.0,0.0,False
1206,46,0,0.009720364189762036,0.003576357208555614,0.0042309248779206984,0.20522078595871698,BI-2536,none,0.0,non-responsive,.GSYGDLGGPIITTQVTIPK.,.GSYGDLGGPIITTQVTIPK.,sp|P61978|HNRPK_HUMAN,2,1917.0,0.0,False
1207,46,0,0.010783012822974834,0.0035216856809181466,0.006492217396939663,0.22775812087690717,AZD-1208,none,0.0,non-responsive,.VFSDEVQQQAQLSTIR.,.VFSDEVQQQAQLSTIR.,sp|Q9Y262|EIF3L_HUMAN,2,1848.9,0.0,False
1208,46,0,0.025837799377236993,0.004194767505378045,0.0008960930196528822,0.1385295801739095,AT-9283,none,0.0,non-responsive,.DKR+42.002PLSGPDVGTPQPAGLASGAK.,.DKRPLSGPDVGTPQPAGLASGAK.,sp|O96013|PAK4_HUMAN,3,2261.2,0.0,False
1209,46,0,0.010736632284927387,0.004028641898213977,0.005050540723270115,0.21312941214583786,Alisertib,none,0.0,non-responsive,.LITTQQWLIK.,.LITTQQWLIK.,sp|P00846|ATP6_HUMAN,2,1243.7,0.0,False
1210,46,0,0.016884733320500462,0.005212844449849441,0.009465530948656181,0.25223157636267635,AZD-4547,none,0.0,non-responsive,.DIKPSNLLVGEDGHIK.,.DIKPSNLLVGEDGHIK.,sp|Q96RR4|KKCC2_HUMAN,3,1734.9,0.0,False
1211,46,0,0.00992054289458084,0.0032192360669753162,0.002333958464996777,0.18435716444498265,AT-9283,none,0.0,non-responsive,.VAASVLNPYVK.,.VAASVLNPYVK.,sp|P48047|ATPO_HUMAN,2,1160.6,0.0,False
1212,46,0,0.016901340311344236,0.004277731654851873,0.03469517060471216,0.3829866613886893,BMS-754807,none,0.0,non-responsive,.VTDALNATR.,.VTDALNATR.,sp|P10809|CH60_HUMAN,2,960.5,0.0,False
1213,46,0,0.009974472829008098,0.003232894375212093,0.0003884127350947611,0.10201962167058148,BMS-387032,none,0.0,non-responsive,.ILDNTSEPQPGEAR.,.ILDNTSEPQPGEAR.,sp|P50416|CPT1A_HUMAN,2,1526.7,0.0,False
1214,46,0,0.015008065077753074,0.003958703256501576,0.0023478955704146717,0.1847836502926718,Barasertib,none,0.0,non-responsive,.RTEDDSLVVW+31.988K.,.RTEDDSLVVWK.,sp|Q8TD19|NEK9_HUMAN,2,1379.7,0.0,False
1215,46,0,0.022112195670520682,0.004853125831809462,0.0019082616290216911,0.16886405473672586,Abemaciclib,none,0.0,non-responsive,.STFVNILK.,.STFVNILK.,sp|P27707|DCK_HUMAN,2,921.5,0.000739565,False
1216,46,0,0.061515332331704774,0.005982856916512856,0.008843804676843038,0.2482574119596808,Barasertib,none,0.0,non-responsive,.LAPEYEAAATR.,.LAPEYEAAATR.,sp|P30101|PDIA3_HUMAN,2,1191.6,0.0,False
1217,46,0,0.017485920412381905,0.00470614809215804,0.0006143042226883677,0.12129708246412342,Alisertib,none,0.0,non-responsive,.IPW+3.99FQYPIIYDIR.,.IPWFQYPIIYDIR.,sp|Q99623|PHB2_HUMAN,2,1727.9,0.0,False
1218,46,0,0.06034536183605757,0.005254098290075402,0.024041738486352736,0.3344115515054362,Barasertib_HQPA,none,0.0,non-responsive,.VSQGSKDPAEGDGAQPEETPR.,.VSQGSKDPAEGDGAQPEETPR.,sp|Q14697|GANAB_HUMAN,3,2155.0,0.0,False
1219,46,0,0.029703197073939903,0.005114699200168884,0.002456464738666051,0.18812903870824255,AZD-4547,none,0.0,non-responsive,.AALGAVPISGK.,.AALGAVPISGK.,sp|P42684|ABL2_HUMAN,2,983.6,0.0,False
1220,46,0,0.03867812196391974,0.005608842997678017,0.004042072408836545,0.2045770662850812,ASP-3026,none,0.0,non-responsive,.EQGGSGLGSGSSGGGGSTSGLGSGYIGR.,.EQGGSGLGSGSSGGGGSTSGLGSGYIGR.,sp|Q2M2I8|AAK1_HUMAN,2,2386.1,0.0,False
1221,46,0,0.007811003081379091,0.0027125247213531075,0.032742934049212344,0.3747790479134945,Alisertib,none,0.0,non-responsive,.EATAGNPGGQTVR.,.EATAGNPGGQTVR.,sp|P27708|PYR1_HUMAN,2,1257.6,0.0,False
1222,46,0,0.013278972731553733,0.0038568897180108505,0.010734984110129036,0.2640348153647719,Apitolisib,none,0.0,non-responsive,.SSGSPYGGGYGSGGGSGGYGSR.,.SSGSPYGGGYGSGGGSGGYGSR.,sp|P51991|ROA3_HUMAN,2,1910.8,0.0,False
1223,46,0,0.01127262123368215,0.0034865634576163964,0.0020477227089333245,0.17298541213678353,Alectinib,none,0.0,non-responsive,.IQLLVFK.,.IQLLVFK.,sp|Q9Y262|EIF3L_HUMAN,2,860.5,0.0,False
1224,46,0,0.016685210652050947,0.003772798048132727,0.0015748483100109661,0.16137319802404354,Alisertib,none,0.0,non-responsive,.GAPC+57.021TTPPSAPR.,.GAPCTTPPSAPR.,sp|P54760|EPHB4_HUMAN,2,1268.6,0.0,False
1225,46,0,0.016599769853193853,0.004190133778694547,0.00902475889623811,0.25020562469889635,BYL-719,none,0.0,non-responsive,.AFGPGLQGGSAGSPAR.,.AFGPGLQGGSAGSPAR.,sp|P21333|FLNA_HUMAN,2,1429.7,0.0,False
1226,46,0,0.009184141106461145,0.0028276470127659146,0.024613492016551483,0.33802916165126445,AMG-900,none,0.0,non-responsive,.QYAGYDYSQQGR.,.QYAGYDYSQQGR.,sp|Q969M3|YIPF5_HUMAN,2,1435.6,0.0,False
1227,46,0,0.009377693011206698,0.002638830505980473,0.073377277311907,0.47679866165257867,Alectinib,none,0.0,non-responsive,.ATDLGGTSQAGTSQR.,.ATDLGGTSQAGTSQR.,sp|Q7Z2W4|ZCCHV_HUMAN,2,1449.7,0.0,False
1228,46,0,0.021336041664052646,0.003114359666559237,0.003778086493177798,0.2045770662850812,AZD-8055,none,0.0,non-responsive,.ISPFEHQTYC+47.978QR.,.ISPFEHQTYCQR.,sp|P28482|MK01_HUMAN,2,1613.7,0.0,False
1229,46,0,0.010944355426608729,0.0034207518400669714,0.0018246512921667765,0.16886405473672586,Alisertib,none,0.0,non-responsive,.NTLLIAGLQAR.,.NTLLIAGLQAR.,sp|P39656|OST48_HUMAN,2,1169.7,0.0,False
1230,46,0,0.01824312227975799,0.003642944753783042,0.02458305460199463,0.33802916165126445,Baricitinib,none,0.0,non-responsive,.KRTEALEQGGLPK.,.KRTEALEQGGLPK.,sp|P50613|CDK7_HUMAN,3,1426.8,0.0,False
1231,46,0,0.01646638823537883,0.004502591377250013,0.0028525714223562424,0.19274421767348654,BMS-690514,none,0.0,non-responsive,.TGTGTFSPGASPGSEAR.,.TGTGTFSPGASPGSEAR.,sp|Q16512|PKN1_HUMAN,2,1579.7,0.0,False
1232,46,0,0.04155885880739449,0.005050107065667532,0.0010827094573382758,0.1420123349691711,AZD-1208,none,0.0,non-responsive,.IPLENLQIIR.,.IPLENLQIIR.,sp|P00533|EGFR_HUMAN,2,1208.7,0.0,False
1233,46,0,0.009104941973960546,0.002841659745815256,0.0010784777349087443,0.1420123349691711,Alisertib,none,0.0,non-responsive,.QL-1.035FHPEQLITGKEDAANNYAR.,.QLFHPEQLITGKEDAANNYAR.,sp|P68363|TBA1B_HUMAN,3,2414.2,0.0,False
1234,46,0,0.012909253372825866,0.003246278168345503,0.00304077588701021,0.19734967938184805,AMG-900,none,0.0,non-responsive,.SQSAAVTPSSTTSSTR.,.SQSAAVTPSSTTSSTR.,sp|Q16186|ADRM1_HUMAN,2,1567.7,0.0,False
1235,46,0,0.034608847039103816,0.0052831646153028025,0.012223247750238316,0.2710530236254179,AEE-788,none,0.0,non-responsive,.KPVLPATPK.,.KPVLPATPK.,sp|P00519|ABL1_HUMAN,2,950.6,0.0,False
1236,46,0,0.010137645057217084,0.002622015816540125,0.006962761757761229,0.23017539013153407,Alectinib,none,0.0,non-responsive,.TALNLFFK.,.TALNLFFK.,sp|P53621|COPA_HUMAN,2,953.5,0.0,False
1237,46,0,0.013500798283662734,0.0033846467213735658,0.014644055025244643,0.28623018078320345,BMS-690514,none,0.0,non-responsive,.GLTSVINQK.,.GLTSVINQK.,sp|P07195|LDHB_HUMAN,2,959.5,0.0,False
1238,46,0,0.011585002816372968,0.0032156997517441025,0.015137358112264248,0.29028173524379675,ARRY-380,none,0.0,non-responsive,.FGGNPGGFGNQGGFGNSR.,.FGGNPGGFGNQGGFGNSR.,sp|Q13148|TADBP_HUMAN,2,1726.8,0.0,False
1239,46,0,0.01408781143841782,0.003960368193791106,0.004004952539174726,0.2045770662850812,ASP-3026,none,0.0,non-responsive,.ELQIC+57.021PATAGSGPAATQDFSK.,.ELQICPATAGSGPAATQDFSK.,sp|P00519|ABL1_HUMAN,2,2206.0,0.0,False
1240,46,0,0.014195922396404449,0.004224886615427683,0.003217959963565319,0.1994367753577562,BMS-690514,none,0.0,non-responsive,.DTGKTPVEPEVAIHR.,.DTGKTPVEPEVAIHR.,sp|P60866|RS20_HUMAN,3,1648.8,0.0,False
1241,46,0,0.027848701821599296,0.0032560162024530283,0.006858880230239202,0.227990863522814,Alisertib,none,0.0,non-responsive,.NSSYFVEW+31.986IPNNVK.,.NSSYFVEWIPNNVK.,sp|P07437|TBB5_HUMAN,2,1728.8,0.0,False
1242,46,0,0.009142628513080673,0.0028796198282525307,0.047300672766286106,0.4170438952760847,AT-9283,none,0.0,non-responsive,.ITSEALLVTQQLVK.,.ITSEALLVTQQLVK.,sp|Q86VP6|CAND1_HUMAN,2,1542.9,0.0,False
1243,46,0,0.015566731722029544,0.0030909495574614637,0.004121636829534019,0.20522078595871698,Barasertib_HQPA,none,0.0,non-responsive,.TGNIPALVR.,.TGNIPALVR.,sp|P55060|XPO2_HUMAN,2,940.5,0.0,False
1244,46,0,0.0076216500972032105,0.0029881454766944038,0.009060575149369553,0.25020562469889635,BMS-777607,none,0.0,non-responsive,.VLGATLLPDLIQK.,.VLGATLLPDLIQK.,sp|P55786|PSA_HUMAN,2,1380.8,0.0,False
1245,46,0,0.017656395432569725,0.00363308990221549,0.005142242562052827,0.21452111752218456,BI-2536,none,0.0,non-responsive,.ALGQNPTNAEVLK.,.ALGQNPTNAEVLK.,sp|P60660|MYL6_HUMAN,2,1354.7,0.0,False
1246,46,0,0.022593145704872787,0.003646887590492289,0.010968303711116038,0.26417426799430715,AMG-900,none,0.0,non-responsive,.PGPTPSGTNVGSSGR.,.PGPTPSGTNVGSSGR.,sp|P60468|SC61B_HUMAN,2,1370.6,0.0,False
1247,46,0,0.020843044622881852,0.0042993850793497145,0.014676873874656165,0.28650768783856634,Abemaciclib,none,0.0,non-responsive,.DIIFAIKK.,.DIIFAIKK.,sp|P11177|ODPB_HUMAN,2,947.6,0.0,False
1248,46,0,0.00910535469635229,0.003336195651884545,0.022012760264793558,0.3256013334660069,Alisertib,none,0.0,non-responsive,.SSTPLPTISSSAENTR.,.SSTPLPTISSSAENTR.,sp|P42167|LAP2B_HUMAN,2,1647.8,0.0,False
1249,46,0,0.01585649140632134,0.004254208673746767,0.0012312476372940435,0.14673949677287987,AT-9283,none,0.0,non-responsive,.EFTLEFSR.,.EFTLEFSR.,sp|P16615|AT2A2_HUMAN,2,1028.5,0.0,False
1250,46,0,0.010319608146692805,0.0035394805401503496,0.00562943457199218,0.22157730728684213,AZD-5363,none,0.0,non-responsive,.FLEENSSDPTYTSSLGGK.,.FLEENSSDPTYTSSLGGK.,sp|P54760|EPHB4_HUMAN,2,1931.9,0.0,False
1251,46,0,0.009119802719071653,0.0038481804648825375,0.0034818448148078002,0.20276756164634047,Barasertib_HQPA,none,0.0,non-responsive,.PI+11.994FGSLHHVPDLSC+57.021R.,.PIFGSLHHVPDLSCR.,sp|Q8TD19|NEK9_HUMAN,3,1803.9,0.0,False
1252,46,0,0.009003982173205121,0.002982765849596199,0.04101546896751766,0.3998841676693151,Alisertib,none,0.0,non-responsive,.ITPAHDQNDYEVGQR.,.ITPAHDQNDYEVGQR.,sp|P26640|SYVC_HUMAN,3,1742.8,0.0,False
1253,46,0,0.013329719148009934,0.0044803757522613495,0.005798379954416709,0.22157730728684213,BI-2536,none,0.0,non-responsive,.APAAEPSPAAAPAGR.,.APAAEPSPAAAPAGR.,sp|Q13233|M3K1_HUMAN,2,1333.7,0.0,False
1254,46,0,0.05609086665426046,0.005330554667255052,0.011606288077226174,0.26635723336330913,AT-9283,none,0.0,non-responsive,.GFGFILFK.,.GFGFILFK.,sp|Q99729|ROAA_HUMAN,2,928.5,0.00139141,False
1255,46,0,0.013106979535790727,0.0034267421254241285,0.006938098641260347,0.22988559230373193,Alisertib,none,0.0,non-responsive,.AQGPQQQPGSEGPSYAK.,.AQGPQQQPGSEGPSYAK.,sp|Q3ZCQ8|TIM50_HUMAN,2,1729.8,0.0,False
1256,46,0,0.01270134727841343,0.003325995523741115,0.0014862296708021202,0.15838162228299443,Apitolisib,none,0.0,non-responsive,.IPAPFRPQIR.,.IPAPFRPQIR.,sp|O75676|KS6A4_HUMAN,3,1194.7,0.0,False
1257,46,0,0.0587791477574126,0.0053954663266977945,0.02370789959068797,0.3325021286180798,BMS-387032,none,0.0,non-responsive,.W-17.03QNVHFHR.,.WQNVHFHR.,sp|Q13557|KCC2D_HUMAN,3,1106.5,0.0,False
1258,46,0,0.011163262998078925,0.0036289973956096767,0.00860176463769531,0.2467669288787309,Barasertib_HQPA,none,0.0,non-responsive,.LYLINSPVVR.,.LYLINSPVVR.,sp|P41252|SYIC_HUMAN,2,1173.7,0.0,False
1259,46,0,0.02481016705454647,0.0044067167723620725,0.000716408354671681,0.12772014843623716,Alisertib,none,0.0,non-responsive,.AGPIWDLR.,.AGPIWDLR.,sp|O60506|HNRPQ_HUMAN,2,927.5,0.0,False
1260,46,1,0.009836586732240835,0.004345357390857043,4.443607562242919e-06,0.034347499453436965,BI-2536,decreasing,0.004345357390857043,drug-specific responsive (decreasing),.SGDSEVYQLGDVSQK.,.SGDSEVYQLGDVSQK.,sp|Q04837|SSBP_HUMAN,2,1611.7,0.0,False
1261,46,0,0.019082013692241804,0.004434966803535859,0.001466604767936515,0.15807632964367527,Barasertib_HQPA,none,0.0,non-responsive,.PGAPETAPGDGAGASR.,.PGAPETAPGDGAGASR.,sp|O75116|ROCK2_HUMAN,2,1410.6,0.0,False
1262,46,0,0.014249358883536362,0.003815763022181352,0.002803079418972288,0.19271615938223435,AMG-208_withCAKI,none,0.0,non-responsive,.QQSAQSQVSTTAENK.,.QQSAQSQVSTTAENK.,sp|Q9H0A0|NAT10_HUMAN,2,1606.7,0.0,False
1263,46,0,0.012293856605347887,0.0038133748848299637,0.0016365419534376097,0.16443380007445704,AZD-4547,none,0.0,non-responsive,.AASQPTSLAPEK.,.AASQPTSLAPEK.,sp|Q96N66|MBOA7_HUMAN,2,1199.6,0.0,False
1264,46,0,0.015131597150865926,0.0033498424640766764,0.018915479149921824,0.3106279236160339,Alisertib,none,0.0,non-responsive,.QL-18.014IVGVNK.,.QLIVGVNK.,sp|P68104|EF1A1_HUMAN,2,852.5,0.0,False
1265,46,0,0.016828758393450598,0.004225964927678479,0.001766822295332893,0.16886405473672586,AV-412,none,0.0,non-responsive,.-17.027QLLAPGNTHGSFLIR.,.QLLAPGNTHGSFLIR.,sp|P06239|LCK_HUMAN,2,1606.9,0.0,False
1266,46,0,0.016679283544714173,0.0038138485428734882,0.008172675688333996,0.2432657593501019,AZD-4547,none,0.0,non-responsive,.TPNGVVLAPVQLGK.,.TPNGVVLAPVQLGK.,sp|Q14204|DYHC1_HUMAN,2,1392.8,0.0,False
1267,46,0,0.01117278803228111,0.0035490345013462266,0.014026521271468917,0.28270699174486585,AMG-208,none,0.0,non-responsive,.QT-18.014VAVGVIK.,.QTVAVGVIK.,sp|P68104|EF1A1_HUMAN,2,896.5,0.0,False
1268,46,0,0.015864770408435844,0.00479313346193047,0.0013710487042309443,0.1523285785712029,Alectinib,none,0.0,non-responsive,.PF+11.998QSIIHAK.,.PFQSIIHAK.,sp|Q16539|MK14_HUMAN,2,1052.6,0.0,False
1269,46,0,0.014510291273388508,0.0037979326746005746,0.01953070179491989,0.313616863606959,Alisertib,none,0.0,non-responsive,.TGGADQSLQQGEGSK.,.TGGADQSLQQGEGSK.,sp|P09132|SRP19_HUMAN,2,1462.7,0.0,False
1270,46,0,0.023581445448408855,0.004851328406835134,0.00422992522962876,0.20522078595871698,BGT-226,none,0.0,non-responsive,.V+57.991MEGTVAAQDEFYR.,.VMEGTVAAQDEFYR.,sp|P41240|CSK_HUMAN,2,1673.7,0.0,False
1271,46,0,0.026116742704724843,0.004469730056846194,0.008129831922998623,0.24297535814768625,AZD-7762,none,0.0,non-responsive,.-17.027QVC+57.021AGNTHFAVVTVEK.,.QVCAGNTHFAVVTVEK.,sp|Q8TD19|NEK9_HUMAN,2,1799.9,0.0,False
1272,46,0,0.013880665732951932,0.0036662357020167164,0.03503480905515788,0.3839930041006326,ARRY-380,none,0.0,non-responsive,.VTAQGPGLEPSGNIANK.,.VTAQGPGLEPSGNIANK.,sp|P21333|FLNA_HUMAN,2,1652.8,0.0,False
1273,46,0,0.027848701821599296,0.0032560162024530283,0.006858880230239202,0.227990863522814,Alisertib,none,0.0,non-responsive,.NSSYFVEW+3.992IPNNVK.,.NSSYFVEWIPNNVK.,sp|P07437|TBB5_HUMAN,2,1700.8,0.0,False
1274,46,0,0.030849904971231676,0.0034274610646343336,0.006775338832503776,0.22782522851644013,AZD-7762,none,0.0,non-responsive,.EAS-18.024STQDTGKLPVK.,.EASSTQDTGKLPVK.,sp|P41240|CSK_HUMAN,2,1442.7,0.0,False
1275,46,0,0.015008065077753074,0.003958703256501576,0.0023478955704146717,0.1847836502926718,Barasertib,none,0.0,non-responsive,.RTEDDSLVVW+3.994K.,.RTEDDSLVVWK.,sp|Q8TD19|NEK9_HUMAN,2,1351.7,0.0,False
1276,46,0,0.023580272788066094,0.004162685831945691,0.0009764136753040351,0.1420123349691711,AZD-5363,none,0.0,non-responsive,.-17.027QKVENLLLEAEKR.,.QKVENLLLEAEKR.,sp|O75116|ROCK2_HUMAN,3,1552.9,0.0,False
1277,46,0,0.011547058379719493,0.0036804463900005384,0.0018709672692045327,0.16886405473672586,AZD-1208,none,0.0,non-responsive,.-17.027QHAEDLNSGPLSK.,.QHAEDLNSGPLSK.,sp|P07332|FES_HUMAN,2,1378.6,0.0,False
1278,46,0,0.02207773395120618,0.005264977046759854,0.005989070307161458,0.22157730728684213,AT-9283,none,0.0,non-responsive,.PM+11.995FIVNTNVPR.,.PMFIVNTNVPR.,sp|P14174|MIF_HUMAN,2,1299.7,0.0,False
1279,46,0,0.023208539277285205,0.005027293551997569,0.0005207657255280131,0.11477340483316165,AT-9283,none,0.0,non-responsive,.SALVQIYELEEHKIET+3.97WR.,.SALVQIYELEEHKIETWR.,sp|P54619|AAKG1_HUMAN,3,2248.1,0.0,False
1280,46,0,0.022904542954376064,0.004622793598048472,0.0024947204358657777,0.18867064869927044,AXL-1717,none,0.0,non-responsive,.ANQGDEAC+73.014THC+57.021PINSR.,.ANQGDEACTHCPINSR.,sp|P29323|EPHB2_HUMAN,3,1959.8,0.0,False
1281,46,0,0.015412043061229163,0.002841993044281083,0.02192065765856395,0.3251320900521487,AZD-2014,none,0.0,non-responsive,.A-1.037GGGAAEQEELHYIPIR.,.AGGGAAEQEELHYIPIR.,sp|Q8TD19|NEK9_HUMAN,2,1809.9,0.0,False
1282,46,0,0.02327575648556734,0.005503496262968412,0.0002674663589881852,0.08463120478920018,AV-412,none,0.0,non-responsive,.ITC+72.999VETVVPEKNPPPER.,.ITCVETVVPEKNPPPER.,sp|Q06187|BTK_HUMAN,3,2038.0,0.0,False
1283,46,0,0.0460682362746649,0.008376785625267998,0.0005218178180281433,0.11477340483316165,BMS-777607_withCAKI,none,0.0,non-responsive,.-17.027QQQELDGSLKK.,.QQQELDGSLKK.,sp|Q9H2G2|SLK_HUMAN,2,1256.6,0.0,False
1284,46,0,0.0587791477574126,0.0053954663266977945,0.02370789959068797,0.3325021286180798,BMS-387032,none,0.0,non-responsive,.W+11.998QNVHFHR.,.WQNVHFHR.,sp|Q13557|KCC2D_HUMAN,3,1135.5,0.0,False
1285,46,0,0.009788115411983217,0.002766520918567018,0.008612841938501746,0.2467669288787309,AZD-1480,none,0.0,non-responsive,.VADPDHDHTGFLTEY+183.016VATR.,.VADPDHDHTGFLTEYVATR.,sp|P28482|MK01_HUMAN,3,2327.0,0.0,False
1286,46,0,0.015133929581204896,0.0036579824952084087,0.006180193555011844,0.22408742545414345,BMS-777607,none,0.0,non-responsive,.VFHYFESNSEPTTW+31.976ASIIR.,.VFHYFESNSEPTTWASIIR.,sp|Q05397|FAK1_HUMAN,3,2316.1,0.0,False
1287,46,0,0.027848701821599296,0.0032560162024530283,0.006858880230239202,0.227990863522814,Alisertib,none,0.0,non-responsive,.NSSYFVEW+47.98IPNNVK.,.NSSYFVEWIPNNVK.,sp|P07437|TBB5_HUMAN,2,1744.8,0.0,False
1288,46,0,0.01190327019841522,0.004845778987360402,0.03991466360110577,0.39810637617039835,AT-13148,none,0.0,non-responsive,.EALQLW+3.994SALQLK.,.EALQLWSALQLK.,sp|Q9HA64|KT3K_HUMAN,2,1403.8,0.0,False
1289,46,0,0.01533726407276454,0.004332888403700531,0.01089343220742418,0.2640348153647719,AZD-4547,none,0.0,non-responsive,.TQHLSNDHIC+47.973YFLYQILR.,.TQHLSNDHICYFLYQILR.,sp|P28482|MK01_HUMAN,3,2369.1,0.0,False
1290,46,0,0.04948712722899781,0.0049509254611692245,0.0013622219952193469,0.1523285785712029,Barasertib,none,0.0,non-responsive,.AGAYDFPSPEW+29.965DTVTPEAK.,.AGAYDFPSPEWDTVTPEAK.,sp|Q13557|KCC2D_HUMAN,2,2110.9,0.0,False
1291,46,0,0.02933545737840723,0.0059820982715696625,0.00021992871644231608,0.08032372570101826,BI-847325,none,0.0,non-responsive,.LNTLETEEW+3.988FFKDITR.,.LNTLETEEWFFKDITR.,sp|P07948|LYN_HUMAN,3,2046.0,0.0,False
1292,46,0,0.01986778757271866,0.0030156552874927244,0.0015886336374847483,0.16137319802404354,AZD-6482,none,0.0,non-responsive,.F+50.01RHENIIGINDIIR.,.FRHENIIGINDIIR.,sp|P28482|MK01_HUMAN,3,1759.9,0.0,False
1293,46,0,0.022659736941649095,0.004759725630950115,0.003422067532685846,0.20276292294681048,Alvocidib,none,0.0,non-responsive,.-17.027QLEEEQAVRPK.,.QLEEEQAVRPK.,sp|P14635|CCNB1_HUMAN,2,1309.7,0.0,False
1294,46,0,0.02299052153878896,0.004442042880804968,0.0009696584180136521,0.1420123349691711,Alisertib,none,0.0,non-responsive,.PV+12ASQLPR.,.PVASQLPR.,sp|P35232|PHB_HUMAN,2,879.5,0.0,False
1295,46,0,0.009933001088680503,0.0036883646425764503,0.002098533996018717,0.17519306872906776,BMS-690514,none,0.0,non-responsive,.-17.027QIFHPEQLITGK.,.QIFHPEQLITGK.,sp|P68363|TBA1B_HUMAN,3,1393.7,0.0,False
1296,46,0,0.026419382450086716,0.004775601297643522,0.0009786102795784988,0.1420123349691711,ASP-3026,none,0.0,non-responsive,.-17.027QATVSWDSGGSDEAPPKPSRPGYPSPR.,.QATVSWDSGGSDEAPPKPSRPGYPSPR.,sp|Q05397|FAK1_HUMAN,3,2809.3,0.0,False
1297,46,0,0.02270618741342475,0.004549923644885948,0.002828011468825839,0.19271615938223435,Baricitinib,none,0.0,non-responsive,.ESGDREALQLW+3.98SALQLK.,.ESGDREALQLWSALQLK.,sp|Q9HA64|KT3K_HUMAN,2,1948.0,0.0,False
1298,46,0,0.026010179754231387,0.004494257778447392,0.00016096928896307342,0.07563961281441405,Barasertib_HQPA,none,0.0,non-responsive,.GAPSPGVLGPHASEPQLAPPAC+73.033TPAAPAVPGPPGPR.,.GAPSPGVLGPHASEPQLAPPACTPAAPAVPGPPGPR.,sp|O96013|PAK4_HUMAN,3,3448.7,0.0,False
1299,46,0,0.016551160633319562,0.004442165772887221,0.0025245585114498322,0.18867064869927044,Barasertib_HQPA,none,0.0,non-responsive,.NAPSTAGLGYGSW+3.985EIDPK.,.NAPSTAGLGYGSWEIDPK.,sp|Q06187|BTK_HUMAN,2,1866.9,0.0,False
1300,46,0,0.03522505238549648,0.00720108437493081,0.0006373892548939455,0.12170830371361625,AZD-7762,none,0.0,non-responsive,.LTTVC+73.013PTSKPQTQGLAK.,.LTTVCPTSKPQTQGLAK.,sp|P12931|SRC_HUMAN,3,1903.0,0.0,False
1301,46,0,0.05039639517346679,0.007924064582628258,0.011979259297144518,0.2692285659066446,AZD-8186,none,0.0,non-responsive,.P+11.992SADLTNSSAPSPSHK.,.PSADLTNSSAPSPSHK.,sp|Q7KZI7|MARK2_HUMAN,3,1607.7,0.0,False
1302,46,0,0.020970680362022782,0.004423956773406572,0.005235656886868604,0.2150399287695821,Alectinib,none,0.0,non-responsive,.E-18.022KLKEEENTVGR.,.EKLKEEENTVGR.,sp|Q9H479|FN3K_HUMAN,3,1413.7,0.0,False
1303,46,0,0.03263333233747977,0.004730392677755008,0.0047516760257920445,0.21039387116656552,AZD-1480,none,0.0,non-responsive,.ES-18.018VFTVEGGHR.,.ESVFTVEGGHR.,sp|Q99623|PHB2_HUMAN,2,1199.6,0.0,False
1304,46,0,0.017485920412381905,0.00470614809215804,0.0006143042226883677,0.12129708246412342,Alisertib,none,0.0,non-responsive,.IPW+47.984FQYPIIYDIR.,.IPWFQYPIIYDIR.,sp|Q99623|PHB2_HUMAN,2,1771.9,0.0,False
1305,46,0,0.007979792246652441,0.0029163649141405235,0.0019768517897669007,0.170594111985347,Alectinib,none,0.0,non-responsive,.HSLDASQGT-18.02ATGPR.,.HSLDASQGTATGPR.,sp|O00330|ODPX_HUMAN,3,1379.6,0.0,False
1306,46,0,0.016551160633319562,0.004442165772887221,0.0025245585114498322,0.18867064869927044,Barasertib_HQPA,none,0.0,non-responsive,.NAPSTAGLGYGS+31.981WEIDPK.,.NAPSTAGLGYGSWEIDPK.,sp|Q06187|BTK_HUMAN,2,1894.9,0.0,False
1307,46,0,0.01508943691872925,0.004212432285574297,0.006796706012816027,0.22782522851644013,BMS-777607_withCAKI,none,0.0,non-responsive,.SLQAEPW+3.986FFGAIGR.,.SLQAEPWFFGAIGR.,sp|P42685|FRK_HUMAN,2,1582.8,0.0,False
1308,46,0,0.021336041664052646,0.003114359666559237,0.003778086493177798,0.2045770662850812,AZD-8055,none,0.0,non-responsive,.ISPFEHQTY+183.032C+57.021QR.,.ISPFEHQTYCQR.,sp|P28482|MK01_HUMAN,2,1805.8,0.0,False
1309,46,0,0.016919871516360936,0.005264309631086211,0.011570864161505025,0.2661470547970074,BGT-226,none,0.0,non-responsive,.SLTNDW+3.977EDHLAVK.,.SLTNDWEDHLAVK.,sp|P08238|HS90B_HUMAN,3,1531.7,0.0,False
1310,46,1,0.021106659616120224,0.0042954698882434516,8.661833781423021e-06,0.038637569191024346,AT-9283,decreasing,0.0042954698882434516,drug-specific responsive (decreasing),.EVYLSGSFNNW+3.986SK.,.EVYLSGSFNNWSK.,sp|Q9Y478|AAKB1_HUMAN,2,1534.7,0.0,False
1311,46,0,0.030849904971231676,0.0034274610646343336,0.006775338832503776,0.22782522851644013,AZD-7762,none,0.0,non-responsive,.E-1.044ASSTQDTGKLPVK.,.EASSTQDTGKLPVK.,sp|P41240|CSK_HUMAN,2,1459.7,0.0,False
1312,46,0,0.01523805087219469,0.003821251063818974,0.005614096809536072,0.22144140372087132,Barasertib_HQPA,none,0.0,non-responsive,.AGAIAPC+73.015EVTVPAQNTGLGPEK.,.AGAIAPCEVTVPAQNTGLGPEK.,sp|P05388|RLA0_HUMAN,2,2253.1,0.00150983,False
1313,46,0,0.021719097891425152,0.00518753754841444,0.0001859637389130427,0.07868361650189579,Bafetinib,none,0.0,non-responsive,.NLDNGGFY+183.021ISPR.,.NLDNGGFYISPR.,sp|P06239|LCK_HUMAN,2,1535.7,0.0,False
1314,46,0,0.03426509010442209,0.005204478062689369,0.010447775065829428,0.2617143469325767,BMS-754807,none,0.0,non-responsive,.LISW+3.986YDNEFGYSNR.,.LISWYDNEFGYSNR.,sp|P04406|G3P_HUMAN,2,1767.8,0.0,False
1315,46,0,0.06334510770001628,0.008026588516456969,0.00028309788429795794,0.08703180266041,BMS-387032,none,0.0,non-responsive,.VVTLWY+3.992RPPELLLGER.,.VVTLWYRPPELLLGER.,sp|P50750|CDK9_HUMAN,3,1945.1,0.0,False
1316,46,0,0.01986778757271866,0.0030156552874927244,0.0015886336374847483,0.16137319802404354,AZD-6482,none,0.0,non-responsive,.F+69.99RHENIIGINDIIR.,.FRHENIIGINDIIR.,sp|P28482|MK01_HUMAN,3,1779.9,0.0,False
1317,46,0,0.02883634502561416,0.0050795413790486925,0.002470936843117901,0.18867064869927044,Alisertib,none,0.0,non-responsive,.QF+24.977ANLNREESILK.,.QFANLNREESILK.,sp|Q05397|FAK1_HUMAN,2,1586.8,0.0,False
1318,46,0,0.01633114219682843,0.004570246589493413,0.00181916595135667,0.16886405473672586,Apitolisib,none,0.0,non-responsive,.VLIVYAHQEP+28.001K.,.VLIVYAHQEPK.,sp|P16083|NQO2_HUMAN,3,1324.7,0.0,False
1319,46,0,0.02207773395120618,0.005264977046759854,0.005989070307161458,0.22157730728684213,AT-9283,none,0.0,non-responsive,.+43.006PMFIVNTNVPR.,.PMFIVNTNVPR.,sp|P14174|MIF_HUMAN,2,1330.7,0.0,False
1320,46,0,0.0598220812415138,0.0066252915668801576,0.002853247726866946,0.19274421767348654,Alvocidib,none,0.0,non-responsive,.M+58.004LVLDSDKR.,.MLVLDSDKR.,sp|Q16539|MK14_HUMAN,2,1134.6,0.0,False
1321,46,0,0.018567037421041013,0.0036468249120071355,0.0026589034113515516,0.19094677198099427,Barasertib_HQPA,none,0.0,non-responsive,.TSEVYVW+3.99GGGK.,.TSEVYVWGGGK.,sp|Q8TD19|NEK9_HUMAN,2,1186.6,0.0,False
1322,46,0,0.043087296295840405,0.00382849785781116,0.012478576578567569,0.2735201872492788,AMG-900,none,0.0,non-responsive,.LKELIFEE-18.012TAR.,.LKELIFEETAR.,sp|P28482|MK01_HUMAN,3,1330.7,0.0,False
1323,46,0,0.014569080035659255,0.0032251831032027944,0.003856539300878857,0.2045770662850812,Barasertib_HQPA,none,0.0,non-responsive,.HSFFSTIDW+31.983NK.,.HSFFSTIDWNK.,sp|P51812|KS6A3_HUMAN,2,1413.6,0.0,False
1324,46,0,0.018181919895910944,0.004807349985042763,0.016864755889922325,0.2989329431212177,Bafetinib,none,0.0,non-responsive,.VLEEHGEW+15.993WK.,.VLEEHGEWWK.,sp|P07948|LYN_HUMAN,2,1328.6,0.0,False
1325,46,0,0.03911117827258483,0.004635896112707409,0.011285141556977987,0.26494439794648283,Alisertib,none,0.0,non-responsive,.W+11.997TAPEAALYGR.,.WTAPEAALYGR.,sp|P12931|SRC_HUMAN,2,1246.6,0.0,False
1326,46,0,0.02375211020448554,0.006197555765237252,0.0013673984119207973,0.1523285785712029,BI-847325,none,0.0,non-responsive,.HTDDEMTG+79.961YVATR.,.HTDDEMTGYVATR.,sp|Q16539|MK14_HUMAN,2,1575.6,0.0,False
1327,46,0,0.027744278610022287,0.006044407943868893,0.006716039030801744,0.22775812087690717,BI-847325,none,0.0,non-responsive,.KW+3.988ESPAQNTAHLDQFER.,.KWESPAQNTAHLDQFER.,sp|P17612|KAPCA_HUMAN,3,2061.0,0.0,False
1328,46,0,0.024612217581993525,0.003945202317505119,0.0018301076918028443,0.16886405473672586,Alectinib,none,0.0,non-responsive,.D-45.028LKPSNLLINTTC+57.021DLK.,.DLKPSNLLINTTCDLK.,sp|P28482|MK01_HUMAN,2,1857.0,0.0,False
1329,46,0,0.009435579442219415,0.0029210379829589634,0.006051803700888647,0.22157730728684213,BMS-777607_withCAKI,none,0.0,non-responsive,.SGPFGQIFRPDNFVFGQSGAGNN+47.962WAK.,.SGPFGQIFRPDNFVFGQSGAGNNWAK.,sp|P07437|TBB5_HUMAN,3,2846.3,0.0,False
1330,46,0,0.015606817417512086,0.004166900729895659,0.00025010313606306945,0.08346657353579164,BMS-690514,none,0.0,non-responsive,.ANSLEPEPW+3.991FFK.,.ANSLEPEPWFFK.,sp|P06239|LCK_HUMAN,2,1468.7,0.0,False
1331,46,0,0.031255208563243424,0.005021832400936238,0.0011394568790580148,0.14383210415304723,BMS-777607_withCAKI,none,0.0,non-responsive,.E+42.002THEIVALKR.,.ETHEIVALKR.,sp|Q00535|CDK5_HUMAN,3,1237.7,0.0,False
1332,46,0,0.031255208563243424,0.005021832400936238,0.0011394568790580148,0.14383210415304723,BMS-777607_withCAKI,none,0.0,non-responsive,.E-18.01THEIVALKR.,.ETHEIVALKR.,sp|Q00535|CDK5_HUMAN,3,1177.7,0.0,False
1333,46,0,0.01190327019841522,0.004845778987360402,0.03991466360110577,0.39810637617039835,AT-13148,none,0.0,non-responsive,.EALQLW+31.978SALQLK.,.EALQLWSALQLK.,sp|Q9HA64|KT3K_HUMAN,2,1431.8,0.0,False
1334,46,0,0.02412124340743414,0.004664480186959612,0.006839298509574657,0.227990863522814,Alectinib,none,0.0,non-responsive,.G+13.979WHTILIVEK.,.GWHTILIVEK.,sp|Q8TD19|NEK9_HUMAN,2,1209.6,0.00177173,False
1335,46,0,0.02885565217268125,0.0035927701816983832,0.0024138399065143203,0.1879191048345285,BMS-690514,none,0.0,non-responsive,.LLY+183.03PPETGLFLVR.,.LLYPPETGLFLVR.,sp|P41240|CSK_HUMAN,3,1700.9,0.0,False
1336,46,0,0.03915452092538597,0.005615568030058155,0.04560520092088139,0.4123964065609598,BMS-754807,none,0.0,non-responsive,.-17.027QEYDESGPSIVHRK.,.QEYDESGPSIVHRK.,sp|P60709|ACTB_HUMAN,3,1627.8,0.0,False
1337,46,0,0.04125017610362248,0.007272425730554391,0.016072686761976502,0.29627713452033233,Alectinib,none,0.0,non-responsive,.ALLSTLHTVLW+31.983DGESR.,.ALLSTLHTVLWDGESR.,sp|O14976|GAK_HUMAN,3,1829.9,0.0,False
1338,46,0,0.015133929581204896,0.0036579824952084087,0.006180193555011844,0.22408742545414345,BMS-777607,none,0.0,non-responsive,.VFHYFESNSEPTTW+15.989ASIIR.,.VFHYFESNSEPTTWASIIR.,sp|Q05397|FAK1_HUMAN,3,2300.1,0.0,False
1339,46,0,0.017485920412381905,0.00470614809215804,0.0006143042226883677,0.12129708246412342,Alisertib,none,0.0,non-responsive,.IPW+29.98FQYPIIYDIR.,.IPWFQYPIIYDIR.,sp|Q99623|PHB2_HUMAN,2,1753.9,0.0,False
1340,46,0,0.024612217581993525,0.003945202317505119,0.0018301076918028443,0.16886405473672586,Alectinib,none,0.0,non-responsive,.DLKPSNLLINTTC+88.99DLK.,.DLKPSNLLINTTCDLK.,sp|P28482|MK01_HUMAN,2,1934.0,0.0,False
1341,46,0,0.018758552811619797,0.004717264805668696,0.0034628121395822277,0.20276756164634047,AT-9283,none,0.0,non-responsive,.-17.027QTLDALNYLHDNK.,.QTLDALNYLHDNK.,sp|Q9H2G2|SLK_HUMAN,2,1527.7,0.0,False
1342,46,0,0.017662121072114154,0.004125104163816998,0.019653568878455815,0.313616863606959,AT-9283,none,0.0,non-responsive,.EANNFLW+3.991PFK.,.EANNFLWPFK.,sp|P18124|RL7_HUMAN,2,1269.6,0.0,False
1343,46,0,0.025554052926862504,0.005109368231576665,0.00022177079949739658,0.08032372570101826,BMS-690514,none,0.0,non-responsive,.EQSQP+15.982C+57.021ADNAVLSSGLTAAR.,.EQSQPCADNAVLSSGLTAAR.,sp|P19784|CSK22_HUMAN,2,2148.0,0.0,False
1344,46,0,0.02023801692120724,0.004623092467399574,7.923602402215854e-05,0.06650735231147029,AMG-208,none,0.0,non-responsive,.LHAEFAAERDW+3.987EQFHQPR.,.LHAEFAAERDWEQFHQPR.,sp|Q9H773|DCTP1_HUMAN,3,2271.0,0.0,False
1345,46,0,0.016919871516360936,0.005264309631086211,0.011570864161505025,0.2661470547970074,BGT-226,none,0.0,non-responsive,.SLTNDW+31.979EDHLAVK.,.SLTNDWEDHLAVK.,sp|P08238|HS90B_HUMAN,2,1559.7,0.0,False
1346,46,0,0.009435579442219415,0.0029210379829589634,0.006051803700888647,0.22157730728684213,BMS-777607_withCAKI,none,0.0,non-responsive,.SGPFGQIFRPDNFVFGQSGAGNNW+13.969AK.,.SGPFGQIFRPDNFVFGQSGAGNNWAK.,sp|P07437|TBB5_HUMAN,3,2812.3,0.0,False
1347,46,0,0.02270618741342475,0.004549923644885948,0.002828011468825839,0.19271615938223435,Baricitinib,none,0.0,non-responsive,.ESGDREALQLW+31.987SALQLK.,.ESGDREALQLWSALQLK.,sp|Q9HA64|KT3K_HUMAN,3,1976.0,0.0,False
1348,46,0,0.020818114902910002,0.00474825887970235,0.004234259311676628,0.20522078595871698,Bafetinib,none,0.0,non-responsive,.W+3.99TAPEAINYGTFTIK.,.WTAPEAINYGTFTIK.,sp|P06239|LCK_HUMAN,2,1715.8,0.0,False
1349,46,0,0.02943061437151782,0.005437993827117727,0.0003395974691474875,0.09256811114306135,Alisertib,none,0.0,non-responsive,.STFSTLQELVDHYK+183.02K.,.STFSTLQELVDHYKK.,sp|P08631|HCK_HUMAN,3,1978.9,0.0,False
1350,46,0,0.008153315102111872,0.003370673752444428,0.01420936987219531,0.28277675214299175,AZD-1480,none,0.0,non-responsive,.SIQFVDW+15.991C+57.021PTGFK.,.SIQFVDWCPTGFK.,sp|P68363|TBA1B_HUMAN,2,1657.7,0.0,False
1351,46,0,0.026419382450086716,0.004775601297643522,0.0009786102795784988,0.1420123349691711,ASP-3026,none,0.0,non-responsive,.QATVS+3.982WDSGGSDEAPPKPSRPGYPSPR.,.QATVSWDSGGSDEAPPKPSRPGYPSPR.,sp|Q05397|FAK1_HUMAN,4,2830.3,0.0,False
1352,46,0,0.014387389201252841,0.0036403991717167423,0.01068254705916502,0.2637489915600143,AZD-5363,none,0.0,non-responsive,.LQPGIAQQW+3.993IQSK.,.LQPGIAQQWIQSK.,sp|O43353|RIPK2_HUMAN,2,1500.8,0.0,False
1353,46,1,0.021106659616120224,0.0042954698882434516,8.661833781423021e-06,0.038637569191024346,AT-9283,decreasing,0.0042954698882434516,drug-specific responsive (decreasing),.EVYLSGSFNNW+15.992SK.,.EVYLSGSFNNWSK.,sp|Q9Y478|AAKB1_HUMAN,2,1546.7,0.00150983,False
1354,46,0,0.041959713591904396,0.006087665731698518,0.00039819073460411146,0.10224466972192815,ASP-3026,none,0.0,non-responsive,.P+12QAPPSQPLPQTQAK.,.PQAPPSQPLPQTQAK.,sp|Q2M2I8|AAK1_HUMAN,2,1599.8,0.0,False
1355,46,0,0.02162138376619032,0.005633265808657424,0.000308831605799542,0.08703180266041,Afatinib,none,0.0,non-responsive,.HENVIGLLDVF-18.014TPAR.,.HENVIGLLDVFTPAR.,sp|Q16539|MK14_HUMAN,3,1662.9,0.0,False
1356,46,0,0.014387389201252841,0.0036403991717167423,0.01068254705916502,0.2637489915600143,AZD-5363,none,0.0,non-responsive,.LQPGIAQQW+31.987IQSK.,.LQPGIAQQWIQSK.,sp|O43353|RIPK2_HUMAN,2,1528.8,0.0,False
1357,46,0,0.02412124340743414,0.004664480186959612,0.006839298509574657,0.227990863522814,Alectinib,none,0.0,non-responsive,.G+31.987WHTILIVEK.,.GWHTILIVEK.,sp|Q8TD19|NEK9_HUMAN,2,1227.7,0.0,False
1358,46,0,0.02023801692120724,0.004623092467399574,7.923602402215854e-05,0.06650735231147029,AMG-208,none,0.0,non-responsive,.LHAEFAA+31.98ERDWEQFHQPR.,.LHAEFAAERDWEQFHQPR.,sp|Q9H773|DCTP1_HUMAN,4,2299.0,0.0,False
1359,46,0,0.01986778757271866,0.0030156552874927244,0.0015886336374847483,0.16137319802404354,AZD-6482,none,0.0,non-responsive,.F+27.987RHENIIGINDIIR.,.FRHENIIGINDIIR.,sp|P28482|MK01_HUMAN,3,1737.9,0.0,False
1360,46,0,0.015133929581204896,0.0036579824952084087,0.006180193555011844,0.22408742545414345,BMS-777607,none,0.0,non-responsive,.VFHYFESNSEPTTW+47.981ASIIR.,.VFHYFESNSEPTTWASIIR.,sp|Q05397|FAK1_HUMAN,3,2332.1,0.0,False
1361,46,0,0.031149734710255176,0.004645581296385861,0.00019696937915324308,0.07868361650189579,AEW-541,none,0.0,non-responsive,.SLDNGGY+183.025YISPR.,.SLDNGGYYISPR.,sp|P07948|LYN_HUMAN,2,1524.7,0.0,False
1362,46,0,0.025837799377236993,0.004194767505378045,0.0008960930196528822,0.1385295801739095,AT-9283,none,0.0,non-responsive,.DKRPLS+79.958GPDVGTPQPAGLASGAK.,.DKRPLSGPDVGTPQPAGLASGAK.,sp|O96013|PAK4_HUMAN,3,2299.1,0.0,False
1363,46,0,0.01983121691961178,0.004612546742579676,0.08499353150449712,0.4963465094718842,AZD-2014,none,0.0,non-responsive,.Q-18.021EYDESGPSIVHR.,.QEYDESGPSIVHR.,sp|P60709|ACTB_HUMAN,3,1498.7,0.0,False
1364,46,0,0.024612217581993525,0.003945202317505119,0.0018301076918028443,0.16886405473672586,Alectinib,none,0.0,non-responsive,.DLKPSNLLINTTC+47.988DLK.,.DLKPSNLLINTTCDLK.,sp|P28482|MK01_HUMAN,2,1892.9,0.0,False
1365,46,0,0.06313298238299732,0.005897689896683227,6.134332172960231e-05,0.06650735231147029,AT-7519,none,0.0,non-responsive,.QT-18.015LPVIYVK.,.QTLPVIYVK.,sp|P49841|GSK3B_HUMAN,2,1042.6,0.0,False
1366,46,0,0.021336041664052646,0.003114359666559237,0.003778086493177798,0.2045770662850812,AZD-8055,none,0.0,non-responsive,.ISPFEHQTYC+88.983QR.,.ISPFEHQTYCQR.,sp|P28482|MK01_HUMAN,3,1654.7,0.0,False
1367,46,1,0.021106659616120224,0.0042954698882434516,8.661833781423021e-06,0.038637569191024346,AT-9283,decreasing,0.0042954698882434516,drug-specific responsive (decreasing),.EVYLSGSFNNW+31.984SK.,.EVYLSGSFNNWSK.,sp|Q9Y478|AAKB1_HUMAN,2,1562.7,0.0,False
1368,46,0,0.008462259070142877,0.002576170792348009,0.0025412011201014976,0.18867852250399797,AMG-208,none,0.0,non-responsive,.YLT-18.013VAAVFR.,.YLTVAAVFR.,sp|P07437|TBB5_HUMAN,2,1021.6,0.0,False
1369,46,0,0.010822180862638517,0.004064900443394503,0.009119302488993153,0.25020562469889635,Alectinib,none,0.0,non-responsive,.LLC+73.015GLLAER.,.LLCGLLAER.,sp|P14174|MIF_HUMAN,2,1117.6,0.008472,False
1370,46,0,0.03259848921189844,0.004121071280219009,0.0034264402442871445,0.20276292294681048,Baricitinib,none,0.0,non-responsive,.VTEQLIEAINN-17.037GDFEAYTK.,.VTEQLIEAINNGDFEAYTK.,sp|Q13557|KCC2D_HUMAN,2,2138.0,0.0,False
1371,46,0,0.01149120691833073,0.0032338360658009475,0.00358280641383515,0.20345869073478476,Alisertib,none,0.0,non-responsive,.-17.027QIFLGGVDKR.,.QIFLGGVDKR.,sp|P05141|ADT2_HUMAN,2,1115.6,0.0,False
1372,46,0,0.01228574993906488,0.004088339752868465,0.001125463251534584,0.14383210415304723,Barasertib_HQPA,none,0.0,non-responsive,.VSC+57.021GDEFTIAATDDNHIFAW+31.979GNGGNGR.,.VSCGDEFTIAATDDNHIFAWGNGGNGR.,sp|Q8TD19|NEK9_HUMAN,3,2970.2,0.0,False
1373,46,0,0.0191233028415707,0.004549131781330793,5.056292640935206e-05,0.06650735231147029,Barasertib_HQPA,none,0.0,non-responsive,.HVFYSTIDW+3.992NK.,.HVFYSTIDWNK.,sp|Q15418|KS6A1_HUMAN,2,1413.7,0.0,False
1374,46,0,0.014569080035659255,0.0032251831032027944,0.003856539300878857,0.2045770662850812,Barasertib_HQPA,none,0.0,non-responsive,.HSFFSTIDW+3.987NK.,.HSFFSTIDWNK.,sp|P51812|KS6A3_HUMAN,2,1385.6,0.0,False
1375,46,0,0.023581445448408855,0.004851328406835134,0.00422992522962876,0.20522078595871698,BGT-226,none,0.0,non-responsive,.V+31.977MEGTVAAQDEFYR.,.VMEGTVAAQDEFYR.,sp|P41240|CSK_HUMAN,2,1647.7,0.0,False
1376,46,0,0.0120450049887533,0.0044382012540592755,0.026221322502808453,0.3454937799392934,BMS-911543,none,0.0,non-responsive,.GDVLTIVAVTKDP+31.965NWYK.,.GDVLTIVAVTKDPNWYK.,sp|P41240|CSK_HUMAN,2,1951.0,0.0,False
1377,46,0,0.026419382450086716,0.004775601297643522,0.0009786102795784988,0.1420123349691711,ASP-3026,none,0.0,non-responsive,.QATVSW+31.979DSGGSDEAPPKPSRPGYPSPR.,.QATVSWDSGGSDEAPPKPSRPGYPSPR.,sp|Q05397|FAK1_HUMAN,3,2858.3,0.0,False
1378,46,0,0.012563032565681986,0.003764942762041609,0.0019244773762547406,0.16886405473672586,BI-2536,none,0.0,non-responsive,.STLNPQW+3.989NESFTFK.,.STLNPQWNESFTFK.,sp|P17252|KPCA_HUMAN,2,1702.8,0.0,False
1379,46,0,0.015606817417512086,0.004166900729895659,0.00025010313606306945,0.08346657353579164,BMS-690514,none,0.0,non-responsive,.ANSLEPEPW+15.989FFK.,.ANSLEPEPWFFK.,sp|P06239|LCK_HUMAN,2,1480.7,0.0,False
1380,46,0,0.015162084050389414,0.0031743078983457,0.010700102994780927,0.26381594566897626,Barasertib,none,0.0,non-responsive,.NQGGYGGSSSSSSY+183.028GSGR.,.NQGGYGGSSSSSSYGSGR.,sp|P09651|ROA1_HUMAN,3,1877.7,0.0,False
1381,46,0,0.027511589223200357,0.005140761988179687,0.004641729527910803,0.20935167678346378,BMS-387032,none,0.0,non-responsive,.YTQLQYIGEGAYG+29.958MVSSAYDHVR.,.YTQLQYIGEGAYGMVSSAYDHVR.,sp|P27361|MK03_HUMAN,3,2638.2,0.0,False
1382,46,0,0.026419382450086716,0.004775601297643522,0.0009786102795784988,0.1420123349691711,ASP-3026,none,0.0,non-responsive,.QATVSW+15.982DSGGSDEAPPKPSRPGYPSPR.,.QATVSWDSGGSDEAPPKPSRPGYPSPR.,sp|Q05397|FAK1_HUMAN,4,2842.3,0.0,False
1383,46,0,0.01508943691872925,0.004212432285574297,0.006796706012816027,0.22782522851644013,BMS-777607_withCAKI,none,0.0,non-responsive,.SLQAEPW+31.986FFGAIGR.,.SLQAEPWFFGAIGR.,sp|P42685|FRK_HUMAN,2,1610.8,0.0,False
1384,46,0,0.03127657529026415,0.006751124627391062,0.00014497139888269573,0.07290394674065966,AT-9283,none,0.0,non-responsive,.LIDW+15.977GLAEFYHPAQEYNVR.,.LIDWGLAEFYHPAQEYNVR.,sp|P19784|CSK22_HUMAN,3,2337.1,0.0,False
1385,46,0,0.008818277054946687,0.0035388626894637693,0.0051904240890449545,0.2150399287695821,Alisertib,none,0.0,non-responsive,.QP-18.011TIFQNK.,.QPTIFQNK.,sp|P62280|RS11_HUMAN,2,957.5,0.0,False
1386,46,0,0.009104941973960546,0.002841659745815256,0.0010784777349087443,0.1420123349691711,Alisertib,none,0.0,non-responsive,.QL-1.047FHPEQLITGKEDAANNYAR.,.QLFHPEQLITGKEDAANNYAR.,sp|P68363|TBA1B_HUMAN,3,2414.1,0.0,False
1387,46,0,0.020426695637754823,0.004052576525645503,0.01086472484653649,0.2640348153647719,AZD-5363,none,0.0,non-responsive,.IVEPYIAW+15.98GYPNLK.,.IVEPYIAWGYPNLK.,sp|P18124|RL7_HUMAN,2,1678.9,0.00359093,False
1388,46,0,0.024612217581993525,0.003945202317505119,0.0018301076918028443,0.16886405473672586,Alectinib,none,0.0,non-responsive,.DLKPSNLLINTTC+47.992DLK.,.DLKPSNLLINTTCDLK.,sp|P28482|MK01_HUMAN,2,1893.0,0.0,False
1389,46,0,0.026605386459657966,0.0059229040601946805,0.006804581567786245,0.22783347597710038,Alvocidib,none,0.0,non-responsive,.YQQGDFGYC+73.016PR.,.YQQGDFGYCPR.,sp|P67870|CSK2B_HUMAN,2,1463.6,0.0084823,False
1390,46,0,0.03911117827258483,0.004635896112707409,0.011285141556977987,0.26494439794648283,Alisertib,none,0.0,non-responsive,.W+3.993TAPEAALYGR.,.WTAPEAALYGR.,sp|P12931|SRC_HUMAN,2,1238.6,0.0,False
1391,46,0,0.0249889571094291,0.005924900145564556,2.2870429406843978e-05,0.06036398825028345,AZD-4547,none,0.0,non-responsive,.LIDW+3.989GLAEFYHPGQEYNVR.,.LIDWGLAEFYHPGQEYNVR.,sp|P68400|CSK21_HUMAN,3,2311.1,0.0,False
1392,46,0,0.00805774783040367,0.0029458879187530514,0.0014884637976417812,0.15838162228299443,AT-9283,none,0.0,non-responsive,.IHFPLAT-18.021YAPVISAEK.,.IHFPLATYAPVISAEK.,sp|P68363|TBA1B_HUMAN,3,1738.9,0.0,False
1393,46,0,0.03127657529026415,0.006751124627391062,0.00014497139888269573,0.07290394674065966,AT-9283,none,0.0,non-responsive,.LID+47.978WGLAEFYHPAQEYNVR.,.LIDWGLAEFYHPAQEYNVR.,sp|P19784|CSK22_HUMAN,3,2369.1,0.0,False
1394,46,0,0.018567037421041013,0.0036468249120071355,0.0026589034113515516,0.19094677198099427,Barasertib_HQPA,none,0.0,non-responsive,.TSEVYVW+31.99GGGK.,.TSEVYVWGGGK.,sp|Q8TD19|NEK9_HUMAN,2,1214.6,0.0,False
1395,46,0,0.04125017610362248,0.007272425730554391,0.016072686761976502,0.29627713452033233,Alectinib,none,0.0,non-responsive,.ALLSTLHTVLW+3.987DGESR.,.ALLSTLHTVLWDGESR.,sp|O14976|GAK_HUMAN,3,1801.9,0.0,False
1396,46,0,0.02412124340743414,0.004664480186959612,0.006839298509574657,0.227990863522814,Alectinib,none,0.0,non-responsive,.G+3.993WHTILIVEK.,.GWHTILIVEK.,sp|Q8TD19|NEK9_HUMAN,2,1199.7,0.0,False
1397,46,0,0.015133929581204896,0.0036579824952084087,0.006180193555011844,0.22408742545414345,BMS-777607,none,0.0,non-responsive,.VFHYFESNSEPTTW+29.99ASIIR.,.VFHYFESNSEPTTWASIIR.,sp|Q05397|FAK1_HUMAN,3,2314.1,0.00306333,False
1398,46,0,0.009788115411983217,0.002766520918567018,0.008612841938501746,0.2467669288787309,AZD-1480,none,0.0,non-responsive,.VADPDHDHTGFLTEY+79.948VATR.,.VADPDHDHTGFLTEYVATR.,sp|P28482|MK01_HUMAN,3,2223.9,0.0,False
1399,46,0,0.03127657529026415,0.006751124627391062,0.00014497139888269573,0.07290394674065966,AT-9283,none,0.0,non-responsive,.LIDW+3.99GLAEFYHPAQEYNVR.,.LIDWGLAEFYHPAQEYNVR.,sp|P19784|CSK22_HUMAN,3,2325.1,0.0,False
1400,46,0,0.015606817417512086,0.004166900729895659,0.00025010313606306945,0.08346657353579164,BMS-690514,none,0.0,non-responsive,.ANSLEPEP+31.987WFFK.,.ANSLEPEPWFFK.,sp|P06239|LCK_HUMAN,2,1496.7,0.0,False
1401,46,0,0.009788115411983217,0.002766520918567018,0.008612841938501746,0.2467669288787309,AZD-1480,none,0.0,non-responsive,.VADPDHDHTGFLTEY+13.969VATR.,.VADPDHDHTGFLTEYVATR.,sp|P28482|MK01_HUMAN,3,2158.0,0.0,False
1402,46,0,0.0432349332890432,0.0036088065750452254,0.008134538786781756,0.24297535814768625,BMS-387032,none,0.0,non-responsive,.NY+13.976LLSLPHK.,.NYLLSLPHK.,sp|P28482|MK01_HUMAN,2,1098.6,0.0,False
1403,46,0,0.010822180862638517,0.004064900443394503,0.009119302488993153,0.25020562469889635,Alectinib,none,0.0,non-responsive,.LLC+50.015GLLAER.,.LLCGLLAER.,sp|P14174|MIF_HUMAN,2,1094.6,0.00277402,False
1404,46,0,0.021336041664052646,0.003114359666559237,0.003778086493177798,0.2045770662850812,AZD-8055,none,0.0,non-responsive,.ISPFEHQTY+183.027C+57.021QR.,.ISPFEHQTYCQR.,sp|P28482|MK01_HUMAN,3,1805.7,0.0,False
1405,46,0,0.02012598811337369,0.005066162780225258,0.0011984830010180743,0.1446991877256131,AV-412,none,0.0,non-responsive,.HYVVC+38.012STPQSQYYLAEK.,.HYVVCSTPQSQYYLAEK.,sp|Q06187|BTK_HUMAN,2,2111.0,0.00150983,False
1406,46,0,0.019621632705716437,0.003578883391189201,0.0019145751949908244,0.16886405473672586,AT-13148,none,0.0,non-responsive,.C+73.013GDNVQYAPR.,.CGDNVQYAPR.,sp|P29323|EPHB2_HUMAN,2,1252.5,0.0,False
1407,46,0,0.017213786623033044,0.0036441085187920844,0.00948636408386193,0.25235174270774796,Barasertib_HQPA,none,0.0,non-responsive,.LSPGGSLADAW+31.979AHQEGTHPK.,.LSPGGSLADAWAHQEGTHPK.,sp|Q9UHD2|TBK1_HUMAN,4,2091.0,0.0,False
1408,46,0,0.033381183860746635,0.005149463432322207,0.0032062989536376543,0.1994367753577562,Axitinib,none,0.0,non-responsive,.VLAPGEFGN+0.948HRPK.,.VLAPGEFGNHRPK.,sp|Q9NSY1|BMP2K_HUMAN,3,1422.7,0.0,False
1409,46,0,0.0432349332890432,0.0036088065750452254,0.008134538786781756,0.24297535814768625,BMS-387032,none,0.0,non-responsive,.NY+11.998LLSLPHK.,.NYLLSLPHK.,sp|P28482|MK01_HUMAN,2,1096.6,0.0,False
1410,46,0,0.009788115411983217,0.002766520918567018,0.008612841938501746,0.2467669288787309,AZD-1480,none,0.0,non-responsive,.V+49.999ADPDHDHTGFLTEYVATR.,.VADPDHDHTGFLTEYVATR.,sp|P28482|MK01_HUMAN,3,2194.0,0.0,False
1411,46,0,0.018529061352676526,0.0037207585702910733,0.0008827738577431656,0.1385295801739095,AT-9283,none,0.0,non-responsive,.FSLSGGYW+3.989NSVSDTAK.,.FSLSGGYWNSVSDTAK.,sp|P51812|KS6A3_HUMAN,2,1722.8,0.0,False
1412,46,0,0.012999282868704616,0.004296152489125459,0.0029980068539138434,0.19710164744610362,Barasertib_HQPA,none,0.0,non-responsive,.AAGVNVEPFW+31.988PGLFAK.,.AAGVNVEPFWPGLFAK.,sp|P05386|RLA1_HUMAN,2,1734.9,0.00199943,False
1413,46,0,0.03426509010442209,0.005204478062689369,0.010447775065829428,0.2617143469325767,BMS-754807,none,0.0,non-responsive,.LISW+31.976YDNEFGYSNR.,.LISWYDNEFGYSNR.,sp|P04406|G3P_HUMAN,2,1795.8,0.0,False
1414,46,0,0.01130211509049889,0.0033723355557031248,0.0011870605341114794,0.1446991877256131,BI-2536,none,0.0,non-responsive,.IPDW+3.993FLNR.,.IPDWFLNR.,sp|P62269|RS18_HUMAN,2,1064.5,0.0,False
1415,46,0,0.020081099345597726,0.004037276665627203,0.0023757083323604905,0.18629512839593515,AZD-7762,none,0.0,non-responsive,.-17.027QQRPVPESQLLPGQR.,.QQRPVPESQLLPGQR.,sp|P07948|LYN_HUMAN,3,1715.9,0.0,False
1416,46,0,0.027744278610022287,0.006044407943868893,0.006716039030801744,0.22775812087690717,BI-847325,none,0.0,non-responsive,.KW+31.987ESPAQNTAHLDQFER.,.KWESPAQNTAHLDQFER.,sp|P17612|KAPCA_HUMAN,3,2089.0,0.0,False
1417,46,0,0.0587791477574126,0.0053954663266977945,0.02370789959068797,0.3325021286180798,BMS-387032,none,0.0,non-responsive,.W+31.986QNVHFHR.,.WQNVHFHR.,sp|Q13557|KCC2D_HUMAN,2,1155.5,0.0,False
1418,46,0,0.009104941973960546,0.002841659745815256,0.0010784777349087443,0.1420123349691711,Alisertib,none,0.0,non-responsive,.QL+40.986FHPEQLITGKEDAANNYAR.,.QLFHPEQLITGKEDAANNYAR.,sp|P68363|TBA1B_HUMAN,3,2456.2,0.0,False
1419,46,0,0.010822180862638517,0.004064900443394503,0.009119302488993153,0.25020562469889635,Alectinib,none,0.0,non-responsive,.LLC+38.013GLLAER.,.LLCGLLAER.,sp|P14174|MIF_HUMAN,2,1082.6,0.0,False
1420,46,0,0.02933545737840723,0.0059820982715696625,0.00021992871644231608,0.08032372570101826,BI-847325,none,0.0,non-responsive,.LNTLETEEW+15.972FFKDITR.,.LNTLETEEWFFKDITR.,sp|P07948|LYN_HUMAN,3,2058.0,0.0,False
1421,46,0,0.011334914659024973,0.0033239736267885026,0.0010466712116384083,0.1420123349691711,BMS-777607_withCAKI,none,0.0,non-responsive,.Y+50.014IHSANVLHR.,.YIHSANVLHR.,sp|P28482|MK01_HUMAN,3,1259.6,0.0,False
1422,46,0,0.01228574993906488,0.004088339752868465,0.001125463251534584,0.14383210415304723,Barasertib_HQPA,none,0.0,non-responsive,.VSC+57.021GDEFTIAATDDNHIFAW+3.992GNGGNGR.,.VSCGDEFTIAATDDNHIFAWGNGGNGR.,sp|Q8TD19|NEK9_HUMAN,3,2942.3,0.0,False
1423,46,0,0.008153315102111872,0.003370673752444428,0.01420936987219531,0.28277675214299175,AZD-1480,none,0.0,non-responsive,.SIQFVDW+31.989C+57.021PTGFK.,.SIQFVDWCPTGFK.,sp|P68363|TBA1B_HUMAN,2,1673.7,0.0,False
1424,46,0,0.015266768648283262,0.004020523953942061,0.0018875502408056209,0.16886405473672586,Apitolisib,none,0.0,non-responsive,.HC+57.021DSINSDFGSESGGC-33.993GDSSPGPSASQGPR.,.HCDSINSDFGSESGGCGDSSPGPSASQGPR.,sp|Q8TD19|NEK9_HUMAN,3,3032.2,0.0,False
1425,46,0,0.01975678194839534,0.004719900004275627,0.007002790367768582,0.23017539013153407,ASP-3026,none,0.0,non-responsive,.QVAEQGGDLS+79.967PAANR.,.QVAEQGGDLSPAANR.,sp|O94804|STK10_HUMAN,2,1592.7,0.00229345,False
1426,46,0,0.020818114902910002,0.00474825887970235,0.004234259311676628,0.20522078595871698,Bafetinib,none,0.0,non-responsive,.W+12TAPEAINYGTFTIK.,.WTAPEAINYGTFTIK.,sp|P06239|LCK_HUMAN,2,1723.9,0.0,False
1427,46,0,0.02933545737840723,0.0059820982715696625,0.00021992871644231608,0.08032372570101826,BI-847325,none,0.0,non-responsive,.LNTLETEEW+47.971FFKDITR.,.LNTLETEEWFFKDITR.,sp|P07948|LYN_HUMAN,3,2090.0,0.0,False
1428,46,0,0.010822180862638517,0.004064900443394503,0.009119302488993153,0.25020562469889635,Alectinib,none,0.0,non-responsive,.LLC+209.017GLLAER.,.LLCGLLAER.,sp|P14174|MIF_HUMAN,2,1253.6,0.00453491,False
1429,46,0,0.03729801195442356,0.006726699947958238,0.0033417906945032508,0.20101827682360715,Baricitinib,none,0.0,non-responsive,.ESTESSNTT+79.965IEDEDVKAR.,.ESTESSNTTIEDEDVKAR.,sp|Q13557|KCC2D_HUMAN,2,2090.9,0.0,False
1430,46,0,0.015653887749383713,0.004598458386536464,7.76633925046603e-05,0.06650735231147029,Alisertib,none,0.0,non-responsive,.E-1.047HALLAYTLGVK.,.EHALLAYTLGVK.,sp|P68104|EF1A1_HUMAN,2,1313.7,0.0,False
1431,46,0,0.02361364768220674,0.006579113835542671,0.00163240473928516,0.1643262128946452,Barasertib_HQPA,none,0.0,non-responsive,.LSEEAEC+73.015PNPSTPSK.,.LSEEAECPNPSTPSK.,sp|O94804|STK10_HUMAN,2,1718.7,0.0,False
1432,46,0,0.01228574993906488,0.004088339752868465,0.001125463251534584,0.14383210415304723,Barasertib_HQPA,none,0.0,non-responsive,.VSC+57.021GDEFTIAATDDNHIFAW+3.98GNGGNGR.,.VSCGDEFTIAATDDNHIFAWGNGGNGR.,sp|Q8TD19|NEK9_HUMAN,3,2942.2,0.0,False
1433,46,0,0.018096148917623536,0.0039027493306449273,0.004045131343727662,0.2045770662850812,Barasertib_HQPA,none,0.0,non-responsive,.LEGW+3.997LSLPVR.,.LEGWLSLPVR.,sp|O75116|ROCK2_HUMAN,2,1173.6,0.0,False
1434,46,0,0.01986778757271866,0.0030156552874927244,0.0015886336374847483,0.16137319802404354,AZD-6482,none,0.0,non-responsive,.FRHENIIGIN-17.028DIIR.,.FRHENIIGINDIIR.,sp|P28482|MK01_HUMAN,3,1692.9,0.0,False
1435,46,0,0.024612217581993525,0.003945202317505119,0.0018301076918028443,0.16886405473672586,Alectinib,none,0.0,non-responsive,.D+50.016LKPSNLLINTTC+57.021DLK.,.DLKPSNLLINTTCDLK.,sp|P28482|MK01_HUMAN,2,1952.0,0.0,False
1436,46,0,0.010822180862638517,0.004064900443394503,0.009119302488993153,0.25020562469889635,Alectinib,none,0.0,non-responsive,.LLC+68.023GLLAER.,.LLCGLLAER.,sp|P14174|MIF_HUMAN,2,1112.6,0.00592289,False
1437,46,0,0.012465649004556588,0.003572103377208725,0.0005622957334208555,0.11656864519566643,Barasertib_HQPA,none,0.0,non-responsive,.FTLSGGNW+31.986NTVSETAK.,.FTLSGGNWNTVSETAK.,sp|Q15418|KS6A1_HUMAN,2,1743.8,0.0,False
1438,46,0,0.06796883769183303,0.010928635061436617,0.005028588413050579,0.21297047303163205,AT-13148,none,0.0,non-responsive,.APEIM+31.99LNSK.,.APEIMLNSK.,sp|P28482|MK01_HUMAN,2,1034.5,0.00213238,False
1439,46,0,0.01986778757271866,0.0030156552874927244,0.0015886336374847483,0.16137319802404354,AZD-6482,none,0.0,non-responsive,.F-1.035RHENIIGINDIIR.,.FRHENIIGINDIIR.,sp|P28482|MK01_HUMAN,3,1708.9,0.0,False
1440,46,0,0.010200780511161864,0.0025603620084795413,0.001771405891818567,0.16886405473672586,Alisertib,none,0.0,non-responsive,.E-18.025AYPGDVFYLHSR.,.EAYPGDVFYLHSR.,sp|P25705|ATPA_HUMAN,3,1535.7,0.0,False
1441,46,0,0.015606817417512086,0.004166900729895659,0.00025010313606306945,0.08346657353579164,BMS-690514,none,0.0,non-responsive,.ANSLEPEP+47.983WFFK.,.ANSLEPEPWFFK.,sp|P06239|LCK_HUMAN,2,1512.7,0.0049034,False
1442,46,0,0.014387389201252841,0.0036403991717167423,0.01068254705916502,0.2637489915600143,AZD-5363,none,0.0,non-responsive,.LQPGIAQQW+47.981IQSK.,.LQPGIAQQWIQSK.,sp|O43353|RIPK2_HUMAN,2,1544.8,0.00549833,False
1443,46,0,0.009435579442219415,0.0029210379829589634,0.006051803700888647,0.22157730728684213,BMS-777607_withCAKI,none,0.0,non-responsive,.SGPFGQIFRPDNFVFGQSGAGNNW+29.971AK.,.SGPFGQIFRPDNFVFGQSGAGNNWAK.,sp|P07437|TBB5_HUMAN,3,2828.3,0.0,False
1444,46,0,0.01130211509049889,0.0033723355557031248,0.0011870605341114794,0.1446991877256131,BI-2536,none,0.0,non-responsive,.IPDW+13.977FLNR.,.IPDWFLNR.,sp|P62269|RS18_HUMAN,2,1074.5,0.0,False
1445,46,0,0.009104941973960546,0.002841659745815256,0.0010784777349087443,0.1420123349691711,Alisertib,none,0.0,non-responsive,.QLF+50.013HPEQLITGKEDAANNYAR.,.QLFHPEQLITGKEDAANNYAR.,sp|P68363|TBA1B_HUMAN,3,2465.2,0.0,False
1446,46,0,0.03225852469894053,0.007107803588175346,0.0008857847286942044,0.1385295801739095,BMS-690514,none,0.0,non-responsive,.H+11.987SNLVQLLGVIVEEK.,.HSNLVQLLGVIVEEK.,sp|P41240|CSK_HUMAN,2,1689.9,0.0,False
1447,46,0,0.027848701821599296,0.0032560162024530283,0.006858880230239202,0.227990863522814,Alisertib,none,0.0,non-responsive,.NSSYFVEW+29.97IPNNVK.,.NSSYFVEWIPNNVK.,sp|P07437|TBB5_HUMAN,2,1726.8,0.00177173,False
1448,46,0,0.03729801195442356,0.006726699947958238,0.0033417906945032508,0.20101827682360715,Baricitinib,none,0.0,non-responsive,.E-1.033STESSNTTIEDEDVKAR.,.ESTESSNTTIEDEDVKAR.,sp|Q13557|KCC2D_HUMAN,2,2009.9,0.0,False
1449,46,0,0.013741504273227878,0.004524039707768371,0.005996943505568801,0.22157730728684213,BMS-690514,none,0.0,non-responsive,.-17.027QGNLSSQVPLKR.,.QGNLSSQVPLKR.,sp|P78527|PRKDC_HUMAN,2,1309.7,0.0,False
1450,46,0,0.012710985122451732,0.0038941856079984616,0.003274411870872566,0.1997984626431936,Alisertib,none,0.0,non-responsive,.TIQFVDW+47.982C+57.021PTGFK.,.TIQFVDWCPTGFK.,sp|Q9BQE3|TBA1C_HUMAN,2,1703.8,0.00760705,False
1451,46,0,0.0120450049887533,0.0044382012540592755,0.026221322502808453,0.3454937799392934,BMS-911543,none,0.0,non-responsive,.GDVLTIVAVTKDP+3.99NWYK.,.GDVLTIVAVTKDPNWYK.,sp|P41240|CSK_HUMAN,2,1923.0,0.0,False
1452,46,0,0.017213786623033044,0.0036441085187920844,0.00948636408386193,0.25235174270774796,Barasertib_HQPA,none,0.0,non-responsive,.LSPGGSLADAW+3.983AHQEGTHPK.,.LSPGGSLADAWAHQEGTHPK.,sp|Q9UHD2|TBK1_HUMAN,4,2063.0,0.0,False
1453,46,0,0.016265896670375573,0.004416172999463755,0.00543219581073964,0.21743551782603704,BGT-226,none,0.0,non-responsive,.DLQM+31.988VNISLR.,.DLQMVNISLR.,sp|Q99623|PHB2_HUMAN,2,1220.6,0.00693402,False
1454,46,0,0.020818114902910002,0.00474825887970235,0.004234259311676628,0.20522078595871698,Bafetinib,none,0.0,non-responsive,.W+47.984TAPEAINYGTFTIK.,.WTAPEAINYGTFTIK.,sp|P06239|LCK_HUMAN,2,1759.8,0.0,False
1455,46,0,0.02242177418769832,0.004040481371223304,0.040852189326209765,0.39985880787897243,AZD-5438,none,0.0,non-responsive,.VIEC+73.016SYTSADGQR.,.VIECSYTSADGQR.,sp|Q9UBM7|DHCR7_HUMAN,2,1558.7,0.0078562,False
1456,46,0,0.02883634502561416,0.0050795413790486925,0.002470936843117901,0.18867064869927044,Alisertib,none,0.0,non-responsive,.QFAN-17.045LNREESILK.,.QFANLNREESILK.,sp|Q05397|FAK1_HUMAN,2,1544.8,0.0,False
1457,46,0,0.043087296295840405,0.00382849785781116,0.012478576578567569,0.2735201872492788,AMG-900,none,0.0,non-responsive,.L+50.012KELIFEETAR.,.LKELIFEETAR.,sp|P28482|MK01_HUMAN,2,1398.7,0.0,False
1458,46,0,0.019336422747524794,0.004639634286221655,0.0004457793440679369,0.10671232299276767,Barasertib_HQPA,none,0.0,non-responsive,.NKEVYSW+15.989GC+57.021GEYGR.,.NKEVYSWGCGEYGR.,sp|Q8TD19|NEK9_HUMAN,2,1777.7,0.0,False
1459,46,0,0.05535357202247947,0.0061107352872294554,0.0037262455997857016,0.2045770662850812,Apatinib,none,0.0,non-responsive,.L-1.043GAQLADLHLDNKK.,.LGAQLADLHLDNKK.,sp|Q9HA64|KT3K_HUMAN,3,1534.8,0.0,False
1460,46,0,0.020426695637754823,0.004052576525645503,0.01086472484653649,0.2640348153647719,AZD-5363,none,0.0,non-responsive,.IVEPYIAW+3.98GYPNLK.,.IVEPYIAWGYPNLK.,sp|P18124|RL7_HUMAN,2,1666.9,0.0,False
1461,46,0,0.019336422747524794,0.004639634286221655,0.0004457793440679369,0.10671232299276767,Barasertib_HQPA,none,0.0,non-responsive,.NKEVYSW+31.985GC+57.021GEYGR.,.NKEVYSWGCGEYGR.,sp|Q8TD19|NEK9_HUMAN,2,1793.7,0.0,False
1462,46,0,0.018096148917623536,0.0039027493306449273,0.004045131343727662,0.2045770662850812,Barasertib_HQPA,none,0.0,non-responsive,.LEGW+31.989LSLPVR.,.LEGWLSLPVR.,sp|O75116|ROCK2_HUMAN,2,1201.6,0.0,False
1463,46,0,0.021336041664052646,0.003114359666559237,0.003778086493177798,0.2045770662850812,AZD-8055,none,0.0,non-responsive,.ISPFEHQTYC+209.013QR.,.ISPFEHQTYCQR.,sp|P28482|MK01_HUMAN,3,1774.7,0.0,False
1464,46,0,0.008674203732811686,0.0028147115233754664,0.0026863646612696043,0.1912818123811847,BMS-777607,none,0.0,non-responsive,.GQ-15.011PFDVGPR.,.GQPFDVGPR.,sp|P27361|MK03_HUMAN,2,957.5,0.00177173,False
1465,46,0,0.03127657529026415,0.006751124627391062,0.00014497139888269573,0.07290394674065966,AT-9283,none,0.0,non-responsive,.LIDW+31.98GLAEFYHPAQEYNVR.,.LIDWGLAEFYHPAQEYNVR.,sp|P19784|CSK22_HUMAN,3,2353.1,0.0,False
1466,46,0,0.009541777261913824,0.003409544597889819,0.011232655383226226,0.26494439794648283,Barasertib_HQPA,none,0.0,non-responsive,.DSGG+42.01REDLVYNIIC+57.021K.,.DSGGREDLVYNIICK.,sp|P29323|EPHB2_HUMAN,2,1837.9,0.00461538,False
1467,46,0,0.012999282868704616,0.004296152489125459,0.0029980068539138434,0.19710164744610362,Barasertib_HQPA,none,0.0,non-responsive,.AAGVNVEPFW+4PGLFAK.,.AAGVNVEPFWPGLFAK.,sp|P05386|RLA1_HUMAN,2,1706.9,0.00359093,False
1468,46,0,0.017662121072114154,0.004125104163816998,0.019653568878455815,0.313616863606959,AT-9283,none,0.0,non-responsive,.EANNFLW+31.987PFK.,.EANNFLWPFK.,sp|P18124|RL7_HUMAN,2,1297.6,0.0,False
1469,46,0,0.024612217581993525,0.003945202317505119,0.0018301076918028443,0.16886405473672586,Alectinib,none,0.0,non-responsive,.DLKPSNLLINTTCDLK.,.DLKPSNLLINTTCDLK.,sp|P28482|MK01_HUMAN,2,1845.0,0.0,False
1470,46,0,0.010822180862638517,0.004064900443394503,0.009119302488993153,0.25020562469889635,Alectinib,none,0.0,non-responsive,.LLC-33.989GLLAER.,.LLCGLLAER.,sp|P14174|MIF_HUMAN,2,1010.6,0.0,False
1471,46,0,0.043087296295840405,0.00382849785781116,0.012478576578567569,0.2735201872492788,AMG-900,none,0.0,non-responsive,.+43.006LKELIFEETAR.,.LKELIFEETAR.,sp|P28482|MK01_HUMAN,2,1391.7,0.0,False
1472,46,0,0.012563032565681986,0.003764942762041609,0.0019244773762547406,0.16886405473672586,BI-2536,none,0.0,non-responsive,.STLNPQW+31.977NESFTFK.,.STLNPQWNESFTFK.,sp|P17252|KPCA_HUMAN,2,1730.8,0.0,False
1473,46,0,0.01983121691961178,0.004612546742579676,0.08499353150449712,0.4963465094718842,AZD-2014,none,0.0,non-responsive,.Q-1.032EYDESGPSIVHR.,.QEYDESGPSIVHR.,sp|P60709|ACTB_HUMAN,2,1515.7,0.0,False
1474,46,0,0.0432349332890432,0.0036088065750452254,0.008134538786781756,0.24297535814768625,BMS-387032,none,0.0,non-responsive,.N+50.016YLLSLPHK.,.NYLLSLPHK.,sp|P28482|MK01_HUMAN,2,1134.6,0.0057514,False
1475,46,0,0.02023801692120724,0.004623092467399574,7.923602402215854e-05,0.06650735231147029,AMG-208,none,0.0,non-responsive,.LHAEFAAERDW+15.988EQFHQPR.,.LHAEFAAERDWEQFHQPR.,sp|Q9H773|DCTP1_HUMAN,4,2283.0,0.0,False
1476,46,0,0.04660442014044339,0.004439659090670052,0.003441739891041157,0.20276292294681048,Baricitinib,none,0.0,non-responsive,.D+49.99LKPENLLLASK.,.DLKPENLLLASK.,sp|Q13557|KCC2D_HUMAN,2,1390.8,0.0,False
1477,46,0,0.022381235320533488,0.004864430549899615,0.0004024971519802374,0.10224466972192815,Apitolisib,none,0.0,non-responsive,.L+27.994FLLTVHK.,.LFLLTVHK.,sp|Q06187|BTK_HUMAN,2,998.6,0.0,False
1478,46,0,0.01228574993906488,0.004088339752868465,0.001125463251534584,0.14383210415304723,Barasertib_HQPA,none,0.0,non-responsive,.VSC+57.021GDEFTIAATDDNHIFAW+31.988GNGGNGR.,.VSCGDEFTIAATDDNHIFAWGNGGNGR.,sp|Q8TD19|NEK9_HUMAN,3,2970.3,0.0,False
1479,46,0,0.009788115411983217,0.002766520918567018,0.008612841938501746,0.2467669288787309,AZD-1480,none,0.0,non-responsive,.VADPDHDHT-16.028GFLTEYVATR.,.VADPDHDHTGFLTEYVATR.,sp|P28482|MK01_HUMAN,3,2128.0,0.0,False
1480,46,0,0.026116742704724843,0.004469730056846194,0.008129831922998623,0.24297535814768625,AZD-7762,none,0.0,non-responsive,.Q+15.996VC+57.021AGNTHFAVVTVEK.,.QVCAGNTHFAVVTVEK.,sp|Q8TD19|NEK9_HUMAN,3,1832.9,0.0,False
1481,46,0,0.05535357202247947,0.0061107352872294554,0.0037262455997857016,0.2045770662850812,Apatinib,none,0.0,non-responsive,.LG+26.016AQLADLHLDNKK.,.LGAQLADLHLDNKK.,sp|Q9HA64|KT3K_HUMAN,3,1561.9,0.0,False
1482,46,0,0.05535357202247947,0.0061107352872294554,0.0037262455997857016,0.2045770662850812,Apatinib,none,0.0,non-responsive,.LG+26.013AQLADLHLDNKK.,.LGAQLADLHLDNKK.,sp|Q9HA64|KT3K_HUMAN,3,1561.8,0.0,False
1483,46,0,0.019336422747524794,0.004639634286221655,0.0004457793440679369,0.10671232299276767,Barasertib_HQPA,none,0.0,non-responsive,.NKEVYSWG+47.981C+57.021GEYGR.,.NKEVYSWGCGEYGR.,sp|Q8TD19|NEK9_HUMAN,3,1809.7,0.00441518,False
1484,46,0,0.044052719864857766,0.006088049434018704,0.004643016442085784,0.20935167678346378,BMS-777607,none,0.0,non-responsive,.HSW+15.989YHGPVSR.,.HSWYHGPVSR.,sp|P00519|ABL1_HUMAN,3,1241.6,0.0,False
1485,46,0,0.030494939756627735,0.005858810014753457,0.011584179623027173,0.2662663546953878,BMS-777607,none,0.0,non-responsive,.LAVNM+31.99VPFPR.,.LAVNMVPFPR.,sp|P07437|TBB5_HUMAN,2,1175.6,0.0,False
1486,46,0,0.0175404783354204,0.003883937582673199,0.0098617401799851,0.2556139433717575,Alisertib,none,0.0,non-responsive,.TTPC-33.992SSAIINPLSTAGNSER.,.TTPCSSAIINPLSTAGNSER.,sp|O43353|RIPK2_HUMAN,2,2042.0,0.0,False
1487,46,0,0.026505225771561287,0.0038881086212015086,0.0007674615738543217,0.1321159658826293,Barasertib_HQPA,none,0.0,non-responsive,.SDSAFFW+3.992EER.,.SDSAFFWEER.,sp|Q13464|ROCK1_HUMAN,2,1277.5,0.0,False
1488,46,0,0.025722392854113665,0.005552556553673438,0.03816465709294247,0.3918466068424166,Alisertib,none,0.0,non-responsive,.DSY+13.967VGDEAQSKR.,.DSYVGDEAQSKR.,sp|P60709|ACTB_HUMAN,2,1368.6,0.0,False
1489,46,0,0.0587791477574126,0.0053954663266977945,0.02370789959068797,0.3325021286180798,BMS-387032,none,0.0,non-responsive,.W+15.994QNVHFHR.,.WQNVHFHR.,sp|Q13557|KCC2D_HUMAN,3,1139.5,0.0,False
1490,46,0,0.02023801692120724,0.004623092467399574,7.923602402215854e-05,0.06650735231147029,AMG-208,none,0.0,non-responsive,.LHAEFAA+13.964ERDWEQFHQPR.,.LHAEFAAERDWEQFHQPR.,sp|Q9H773|DCTP1_HUMAN,4,2281.0,0.0,False
1491,46,0,0.027744278610022287,0.006044407943868893,0.006716039030801744,0.22775812087690717,BI-847325,none,0.0,non-responsive,.KW+47.974ESPAQNTAHLDQFER.,.KWESPAQNTAHLDQFER.,sp|P17612|KAPCA_HUMAN,3,2104.9,0.0,False
1492,46,0,0.018888346092471503,0.003484703472406817,0.011061589963806472,0.26430336894089584,Alectinib,none,0.0,non-responsive,.GT-18.012LDPVEK.,.GTLDPVEK.,sp|P11142|HSP7C_HUMAN,2,840.4,0.0,False
1493,46,0,0.01149120691833073,0.0032338360658009475,0.00358280641383515,0.20345869073478476,Alisertib,none,0.0,non-responsive,.QI-18.014FLGGVDKR.,.QIFLGGVDKR.,sp|P05141|ADT2_HUMAN,3,1114.6,0.0,False
1494,46,0,0.031255208563243424,0.005021832400936238,0.0011394568790580148,0.14383210415304723,BMS-777607_withCAKI,none,0.0,non-responsive,.E-18.022THEIVALKR.,.ETHEIVALKR.,sp|Q00535|CDK5_HUMAN,3,1177.6,0.0,False
1495,46,0,0.011069030283316194,0.0038534908353482695,0.007929370409453513,0.24029034412181796,AT-9283,none,0.0,non-responsive,.-17.027QASIQHIQNAIDTEK.,.QASIQHIQNAIDTEK.,sp|P24539|AT5F1_HUMAN,2,1678.8,0.0,False
1496,46,0,0.01228574993906488,0.004088339752868465,0.001125463251534584,0.14383210415304723,Barasertib_HQPA,none,0.0,non-responsive,.VSC+57.021GDEFTIAATDDNHIFAWG+15.989NGGNGR.,.VSCGDEFTIAATDDNHIFAWGNGGNGR.,sp|Q8TD19|NEK9_HUMAN,3,2954.3,0.0,False
1497,46,0,0.0249889571094291,0.005924900145564556,2.2870429406843978e-05,0.06036398825028345,AZD-4547,none,0.0,non-responsive,.LIDW+15.986GLAEFYHPGQEYNVR.,.LIDWGLAEFYHPGQEYNVR.,sp|P68400|CSK21_HUMAN,3,2323.1,0.0,False
1498,46,0,0.018472783557923485,0.0035113480882539103,0.021384102220833666,0.32301388100451744,Alisertib,none,0.0,non-responsive,.IYLTADNLVL+52.913NLQDESFTR.,.IYLTADNLVLNLQDESFTR.,sp|Q99623|PHB2_HUMAN,4,2278.0,0.0,False
1499,46,0,0.018230652390196566,0.0037426575313837546,0.0010222338464367213,0.1420123349691711,AT-13148,none,0.0,non-responsive,.Q-18.015ETVEC+57.021LR.,.QETVECLR.,sp|Q13555|KCC2G_HUMAN,2,1073.5,0.0,False
1500,46,0,0.02375211020448554,0.006197555765237252,0.0013673984119207973,0.1523285785712029,BI-847325,none,0.0,non-responsive,.HTDDEM-2.019TGYVATR.,.HTDDEMTGYVATR.,sp|Q16539|MK14_HUMAN,3,1493.6,0.0,False
1501,46,0,0.01775915893436448,0.004186837005488842,0.0023147196730700184,0.18332154895103706,Barasertib_HQPA,none,0.0,non-responsive,.-17.027QFVVFEGNHYFYSPYPTK.,.QFVVFEGNHYFYSPYPTK.,sp|P04843|RPN1_HUMAN,2,2206.0,0.0,False
1502,46,0,0.018472783557923485,0.0035113480882539103,0.021384102220833666,0.32301388100451744,Alisertib,none,0.0,non-responsive,.IYLTAD+37.945NLVLNLQDESFTR.,.IYLTADNLVLNLQDESFTR.,sp|Q99623|PHB2_HUMAN,4,2263.1,0.0,False
1503,46,0,0.0191233028415707,0.004549131781330793,5.056292640935206e-05,0.06650735231147029,Barasertib_HQPA,none,0.0,non-responsive,.HVFYSTIDW+3.982NK.,.HVFYSTIDWNK.,sp|Q15418|KS6A1_HUMAN,2,1413.6,0.0,False
1504,46,0,0.020818114902910002,0.00474825887970235,0.004234259311676628,0.20522078595871698,Bafetinib,none,0.0,non-responsive,.WTAPEAINY+183.029GTFTIK.,.WTAPEAINYGTFTIK.,sp|P06239|LCK_HUMAN,3,1894.9,0.0,False
1505,46,0,0.06334510770001628,0.008026588516456969,0.00028309788429795794,0.08703180266041,BMS-387032,none,0.0,non-responsive,.VVTLW+31.979YRPPELLLGER.,.VVTLWYRPPELLLGER.,sp|P50750|CDK9_HUMAN,3,1973.1,0.0,False
1506,46,0,0.025712105704703794,0.0057377790108752965,9.402199826186298e-05,0.06738139431726822,BMS-690514,none,0.0,non-responsive,.HYTNASDGLC-33.99TR.,.HYTNASDGLCTR.,sp|P06239|LCK_HUMAN,2,1360.6,0.00549833,False
1507,46,0,0.02933545737840723,0.0059820982715696625,0.00021992871644231608,0.08032372570101826,BI-847325,none,0.0,non-responsive,.LNTLETEEW+13.972FFKDITR.,.LNTLETEEWFFKDITR.,sp|P07948|LYN_HUMAN,3,2056.0,0.0,False
1508,46,0,0.030849904971231676,0.0034274610646343336,0.006775338832503776,0.22782522851644013,AZD-7762,none,0.0,non-responsive,.E+24ASSTQDTGKLPVK.,.EASSTQDTGKLPVK.,sp|P41240|CSK_HUMAN,2,1484.7,0.0,False
1509,46,0,0.026010179754231387,0.004494257778447392,0.00016096928896307342,0.07563961281441405,Barasertib_HQPA,none,0.0,non-responsive,.GAPSPGVLGPHASEPQLAPPAC-33.989TPAAPAVPGPPGPR.,.GAPSPGVLGPHASEPQLAPPACTPAAPAVPGPPGPR.,sp|O96013|PAK4_HUMAN,3,3341.7,0.0,False
1510,46,0,0.018472783557923485,0.0035113480882539103,0.021384102220833666,0.32301388100451744,Alisertib,none,0.0,non-responsive,.IYL+23.966TADNLVLNLQDESFTR.,.IYLTADNLVLNLQDESFTR.,sp|Q99623|PHB2_HUMAN,3,2249.1,0.00328028,False
1511,46,0,0.018056156625206647,0.003119027074244043,0.004594705384772056,0.20918660144560025,AZD-1208,none,0.0,non-responsive,.GQ-17.029VFDVGPR.,.GQVFDVGPR.,sp|P28482|MK01_HUMAN,2,957.5,0.0,False
1512,46,0,0.03911117827258483,0.004635896112707409,0.011285141556977987,0.26494439794648283,Alisertib,none,0.0,non-responsive,.W+47.981TAPEAALYGR.,.WTAPEAALYGR.,sp|P12931|SRC_HUMAN,2,1282.6,0.0,False
1513,46,0,0.028026036346655157,0.005307661051752453,0.0004467096272764751,0.10671232299276767,AT-9283,none,0.0,non-responsive,.V-18.03LTPEEQLADKLR.,.VLTPEEQLADKLR.,sp|O75822|EIF3J_HUMAN,3,1493.8,0.0,False
1514,46,0,0.01533726407276454,0.004332888403700531,0.01089343220742418,0.2640348153647719,AZD-4547,none,0.0,non-responsive,.TQHLSNDHIC+56.019YFLYQILR.,.TQHLSNDHICYFLYQILR.,sp|P28482|MK01_HUMAN,3,2377.2,0.0,False
1515,46,0,0.05535357202247947,0.0061107352872294554,0.0037262455997857016,0.2045770662850812,Apatinib,none,0.0,non-responsive,.+43.006LGAQLADLHLDNKK.,.LGAQLADLHLDNKK.,sp|Q9HA64|KT3K_HUMAN,3,1578.8,0.0,False
1516,46,0,0.046074654678061384,0.006405303095231309,0.0010377451828163678,0.1420123349691711,AT-7519,none,0.0,non-responsive,.LSPLEAC+47.979AHSFFDELR.,.LSPLEACAHSFFDELR.,sp|P49840|GSK3A_HUMAN,2,1939.9,0.0,False
1517,46,0,0.012710985122451732,0.0038941856079984616,0.003274411870872566,0.1997984626431936,Alisertib,none,0.0,non-responsive,.TIQFVDW+31.99C+57.021PTGFK.,.TIQFVDWCPTGFK.,sp|Q9BQE3|TBA1C_HUMAN,2,1687.8,0.0,False
1518,46,0,0.01669175294454646,0.0029794185456799493,0.008265774333853986,0.24366133738436643,Alectinib,none,0.0,non-responsive,.I+50.011PLKDVVPR.,.IPLKDVVPR.,sp|P41240|CSK_HUMAN,2,1086.6,0.0,False
1519,46,0,0.018529061352676526,0.0037207585702910733,0.0008827738577431656,0.1385295801739095,AT-9283,none,0.0,non-responsive,.FSLSGGYW+31.973NSVSDTAK.,.FSLSGGYWNSVSDTAK.,sp|P51812|KS6A3_HUMAN,2,1750.8,0.0,False
1520,46,0,0.012465649004556588,0.003572103377208725,0.0005622957334208555,0.11656864519566643,Barasertib_HQPA,none,0.0,non-responsive,.FTLSGGNW+15.988NTVSETAK.,.FTLSGGNWNTVSETAK.,sp|Q15418|KS6A1_HUMAN,2,1727.8,0.0,False
1521,46,0,0.01190327019841522,0.004845778987360402,0.03991466360110577,0.39810637617039835,AT-13148,none,0.0,non-responsive,.EALQLW+16SALQLK.,.EALQLWSALQLK.,sp|Q9HA64|KT3K_HUMAN,2,1415.8,0.00876248,False
1522,46,0,0.018567037421041013,0.0036468249120071355,0.0026589034113515516,0.19094677198099427,Barasertib_HQPA,none,0.0,non-responsive,.TSEVYVW+31.986GGGK.,.TSEVYVWGGGK.,sp|Q8TD19|NEK9_HUMAN,2,1214.5,0.0,False
1523,46,0,0.027744278610022287,0.006044407943868893,0.006716039030801744,0.22775812087690717,BI-847325,none,0.0,non-responsive,.KW+13.972ESPAQNTAHLDQFER.,.KWESPAQNTAHLDQFER.,sp|P17612|KAPCA_HUMAN,3,2070.9,0.0,False
1524,46,0,0.01533726407276454,0.004332888403700531,0.01089343220742418,0.2640348153647719,AZD-4547,none,0.0,non-responsive,.TQHLSNDHIC+31.982YFLYQILR.,.TQHLSNDHICYFLYQILR.,sp|P28482|MK01_HUMAN,4,2353.1,0.0,False
1525,46,0,0.028439534687835243,0.004457000627537311,0.017888149163414815,0.3043657329746752,BI-847325,none,0.0,non-responsive,.ITEQLIEAI+37.935NNGDFEAYTK.,.ITEQLIEAINNGDFEAYTK.,sp|Q13555|KCC2G_HUMAN,4,2207.0,0.0,False
1526,46,0,0.025712105704703794,0.0057377790108752965,9.402199826186298e-05,0.06738139431726822,BMS-690514,none,0.0,non-responsive,.HYTNASDGLC+47.98TR.,.HYTNASDGLCTR.,sp|P06239|LCK_HUMAN,2,1442.6,0.00396383,False
1527,46,0,0.0432349332890432,0.0036088065750452254,0.008134538786781756,0.24297535814768625,BMS-387032,none,0.0,non-responsive,.N+66.012YLLSLPHK.,.NYLLSLPHK.,sp|P28482|MK01_HUMAN,2,1150.6,0.0,False
1528,46,0,0.05535357202247947,0.0061107352872294554,0.0037262455997857016,0.2045770662850812,Apatinib,none,0.0,non-responsive,.L+50.016GAQLADLHLDNKK.,.LGAQLADLHLDNKK.,sp|Q9HA64|KT3K_HUMAN,3,1585.9,0.0,False
1529,46,0,0.04386585421150005,0.005620002856393997,0.002398630439444277,0.18782040014794676,AT-7519,none,0.0,non-responsive,.GAILTT-18.014MLATR.,.GAILTTMLATR.,sp|Q13557|KCC2D_HUMAN,2,1129.6,0.0,False
1530,46,0,0.01228574993906488,0.004088339752868465,0.001125463251534584,0.14383210415304723,Barasertib_HQPA,none,0.0,non-responsive,.VSC+73.002GDEFTIAATDDNHIFAWGNGGNGR.,.VSCGDEFTIAATDDNHIFAWGNGGNGR.,sp|Q8TD19|NEK9_HUMAN,3,2954.2,0.0,False
1531,46,0,0.03791490527499827,0.0074904500666775125,0.004837667756921827,0.21055423250528593,Barasertib_HQPA,none,0.0,non-responsive,.NLINQM+31.992LTINPAK.,.NLINQMLTINPAK.,sp|Q13555|KCC2G_HUMAN,2,1501.8,0.00549833,False
1532,46,0,0.011758853885227488,0.002926271375231217,0.009690910890956961,0.2543253547667127,BI-847325,none,0.0,non-responsive,.H+50.01ENIIGINDIIR.,.HENIIGINDIIR.,sp|P28482|MK01_HUMAN,2,1456.8,0.0,False
1533,46,0,0.020818114902910002,0.00474825887970235,0.004234259311676628,0.20522078595871698,Bafetinib,none,0.0,non-responsive,.W+31.992TAPEAINYGTFTIK.,.WTAPEAINYGTFTIK.,sp|P06239|LCK_HUMAN,2,1743.8,0.0,False
1534,46,0,0.024435136395774888,0.005434681877561572,0.00030203373738610807,0.08703180266041,Barasertib_HQPA,none,0.0,non-responsive,.VPVASPS+79.964AHNISSSGGAPDR.,.VPVASPSAHNISSSGGAPDR.,sp|Q7KZI7|MARK2_HUMAN,3,1985.9,0.0,False
1535,46,0,0.023208539277285205,0.005027293551997569,0.0005207657255280131,0.11477340483316165,AT-9283,none,0.0,non-responsive,.SALVQIYELEEHKIET+15.985WR.,.SALVQIYELEEHKIETWR.,sp|P54619|AAKG1_HUMAN,3,2260.1,0.0,False
1536,46,0,0.022449508594184802,0.004084160653578449,0.003235078149030218,0.1994367753577562,AT-9283,none,0.0,non-responsive,.QVLQHPW+3.995VTQK.,.QVLQHPWVTQK.,sp|Q15418|KS6A1_HUMAN,2,1367.7,0.0,False
1537,46,0,0.02162138376619032,0.005633265808657424,0.000308831605799542,0.08703180266041,Afatinib,none,0.0,non-responsive,.H+50.014ENVIGLLDVFTPAR.,.HENVIGLLDVFTPAR.,sp|Q16539|MK14_HUMAN,2,1730.9,0.0,False
1538,46,0,0.015606817417512086,0.004166900729895659,0.00025010313606306945,0.08346657353579164,BMS-690514,none,0.0,non-responsive,.ANSLEPEP+13.979WFFK.,.ANSLEPEPWFFK.,sp|P06239|LCK_HUMAN,2,1478.7,0.00814607,False
1539,46,0,0.03127657529026415,0.006751124627391062,0.00014497139888269573,0.07290394674065966,AT-9283,none,0.0,non-responsive,.LIDW+29.97GLAEFYHPAQEYNVR.,.LIDWGLAEFYHPAQEYNVR.,sp|P19784|CSK22_HUMAN,3,2351.1,0.0,False
1540,46,0,0.02375211020448554,0.006197555765237252,0.0013673984119207973,0.1523285785712029,BI-847325,none,0.0,non-responsive,.HTDDEM+111.953TGYVATR.,.HTDDEMTGYVATR.,sp|Q16539|MK14_HUMAN,2,1607.6,0.00549833,False
1541,46,0,0.024612217581993525,0.003945202317505119,0.0018301076918028443,0.16886405473672586,Alectinib,none,0.0,non-responsive,.D+27.974LKPSNLLINTTC+57.021DLK.,.DLKPSNLLINTTCDLK.,sp|P28482|MK01_HUMAN,2,1930.0,0.0,False
1542,46,0,0.032102620565295066,0.0035969042573499223,0.0011761187962660053,0.1446991877256131,BMS-690514,none,0.0,non-responsive,.VT-18.013LLNAPTK.,.VTLLNAPTK.,sp|Q8TD19|NEK9_HUMAN,2,938.5,0.0,False
1543,46,0,0.008153315102111872,0.003370673752444428,0.01420936987219531,0.28277675214299175,AZD-1480,none,0.0,non-responsive,.SIQFVDW+3.989C+57.021PTGFK.,.SIQFVDWCPTGFK.,sp|P68363|TBA1B_HUMAN,2,1645.7,0.0,False
1544,46,0,0.03127657529026415,0.006751124627391062,0.00014497139888269573,0.07290394674065966,AT-9283,none,0.0,non-responsive,.LIDW+14.985GLAEFYHPAQEYNVR.,.LIDWGLAEFYHPAQEYNVR.,sp|P19784|CSK22_HUMAN,3,2336.1,0.0,False
1545,46,0,0.02681062145828168,0.0038383516248798543,0.003654575505666183,0.2045770662850812,BMS-690514,none,0.0,non-responsive,.IVQAEGEAEAA+256.153K.,.IVQAEGEAEAAK.,sp|Q99623|PHB2_HUMAN,3,1471.8,0.0,False
1546,46,0,0.017485920412381905,0.00470614809215804,0.0006143042226883677,0.12129708246412342,Alisertib,none,0.0,non-responsive,.I+14.982PWFQYPIIYDIR.,.IPWFQYPIIYDIR.,sp|Q99623|PHB2_HUMAN,2,1738.9,0.0,False
1547,46,0,0.015412043061229163,0.002841993044281083,0.02192065765856395,0.3251320900521487,AZD-2014,none,0.0,non-responsive,.A+26.014GGGAAEQEELHYIPIR.,.AGGGAAEQEELHYIPIR.,sp|Q8TD19|NEK9_HUMAN,3,1836.9,0.0,False
1548,46,0,0.016551160633319562,0.004442165772887221,0.0025245585114498322,0.18867064869927044,Barasertib_HQPA,none,0.0,non-responsive,.NAPSTAGLGYG+47.981SWEIDPK.,.NAPSTAGLGYGSWEIDPK.,sp|Q06187|BTK_HUMAN,2,1910.9,0.00849002,False
1549,46,0,0.020436164120828503,0.003708203413035825,0.0052623790328575,0.2150399287695821,AMG-900,none,0.0,non-responsive,.DLKPSNLAVNEDCELK.,.DLKPSNLAVNEDCELK.,sp|Q16539|MK14_HUMAN,2,1844.9,0.0,False
1550,46,0,0.02685609082250101,0.004182893358449839,0.005107009774186372,0.21362777839720845,Barasertib_HQPA,none,0.0,non-responsive,.VLQQLQQGDW+3.991R.,.VLQQLQQGDWR.,sp|Q9NSY1|BMP2K_HUMAN,2,1374.7,0.0,False
1551,46,0,0.007059557775349955,0.002187252266756277,0.02710092083872914,0.3502246081390185,BI-2536,none,0.0,non-responsive,.ISVY+13.984YNEATGGK.,.ISVYYNEATGGK.,sp|P07437|TBB5_HUMAN,2,1315.6,0.00205683,False
1552,46,0,0.03225852469894053,0.007107803588175346,0.0008857847286942044,0.1385295801739095,BMS-690514,none,0.0,non-responsive,.H+50.015SNLVQLLGVIVEEK.,.HSNLVQLLGVIVEEK.,sp|P41240|CSK_HUMAN,2,1728.0,0.0,False
1553,46,0,0.008006342733368907,0.002649764900712031,0.010400815935972228,0.2617143469325767,Alectinib,none,0.0,non-responsive,.E-18.011IFNFVLK.,.EIFNFVLK.,sp|P78527|PRKDC_HUMAN,2,991.5,0.0,False
1554,46,0,0.01676142870346309,0.003514041685831929,0.002888194198279606,0.1941279100415078,Alvocidib,none,0.0,non-responsive,.KP+49.99LFHGDSEIDQLFR.,.KPLFHGDSEIDQLFR.,sp|P06493|CDK1_HUMAN,3,1851.9,0.0,False
1555,46,0,0.00805774783040367,0.0029458879187530514,0.0014884637976417812,0.15838162228299443,AT-9283,none,0.0,non-responsive,.I+50.01HFPLATYAPVISAEK.,.IHFPLATYAPVISAEK.,sp|P68363|TBA1B_HUMAN,2,1807.0,0.0,False
1556,46,0,0.009788115411983217,0.002766520918567018,0.008612841938501746,0.2467669288787309,AZD-1480,none,0.0,non-responsive,.V+26.011ADPDHDHTGFLTEYVATR.,.VADPDHDHTGFLTEYVATR.,sp|P28482|MK01_HUMAN,3,2170.0,0.0,False
1557,46,0,0.043087296295840405,0.00382849785781116,0.012478576578567569,0.2735201872492788,AMG-900,none,0.0,non-responsive,.LK+27.998ELIFEETAR.,.LKELIFEETAR.,sp|P28482|MK01_HUMAN,2,1376.7,0.00312377,False
1558,46,0,0.01533726407276454,0.004332888403700531,0.01089343220742418,0.2640348153647719,AZD-4547,none,0.0,non-responsive,.TQHLSNDHIC+57.021Y-61.056FLYQILR.,.TQHLSNDHICYFLYQILR.,sp|P28482|MK01_HUMAN,3,2317.1,0.0,False
1559,46,0,0.013239461765658968,0.0043701696550368825,0.003441995004881863,0.20276292294681048,BI-2536,none,0.0,non-responsive,.TEYPDVAW+3.991PLR.,.TEYPDVAWPLR.,sp|O43353|RIPK2_HUMAN,2,1350.6,0.00407657,False
1560,46,0,0.026505225771561287,0.0038881086212015086,0.0007674615738543217,0.1321159658826293,Barasertib_HQPA,none,0.0,non-responsive,.SDSAFFW+31.988EER.,.SDSAFFWEER.,sp|Q13464|ROCK1_HUMAN,2,1305.5,0.0,False
1561,46,0,0.05039639517346679,0.007924064582628258,0.011979259297144518,0.2692285659066446,AZD-8186,none,0.0,non-responsive,.P+12.003SADLTNSSAPSPSHK.,.PSADLTNSSAPSPSHK.,sp|Q7KZI7|MARK2_HUMAN,2,1607.8,0.0,False
1562,46,0,0.012176053197699039,0.0025588934718727796,0.04079044816404956,0.39982202879333284,AMG-900,none,0.0,non-responsive,.IADPEHDHTGFLTEY+79.952VATR.,.IADPEHDHTGFLTEYVATR.,sp|P27361|MK03_HUMAN,3,2252.0,0.0,False
1563,46,0,0.058207867204420505,0.005606485231919191,0.00020229015490264138,0.07868361650189579,AT-9283,none,0.0,non-responsive,.TSSFA+307.102EPGGGGGGGGGGPGGSASGPGGTGGGK.,.TSSFAEPGGGGGGGGGGPGGSASGPGGTGGGK.,sp|P49840|GSK3A_HUMAN,3,2740.2,0.0,False
1564,46,0,0.016505133922527445,0.004080931597887849,0.0028245231351705443,0.19271615938223435,AT-9283,none,0.0,non-responsive,.LIEDNEY+13.986TAR.,.LIEDNEYTAR.,sp|P06239|LCK_HUMAN,2,1237.6,0.00849002,False
1565,46,0,0.020426695637754823,0.004052576525645503,0.01086472484653649,0.2640348153647719,AZD-5363,none,0.0,non-responsive,.IVEPYIAW+31.984GYPNLK.,.IVEPYIAWGYPNLK.,sp|P18124|RL7_HUMAN,2,1694.9,0.0,False
1566,46,0,0.021336041664052646,0.003114359666559237,0.003778086493177798,0.2045770662850812,AZD-8055,none,0.0,non-responsive,.ISPFEHQTYC+57.021QR+11.007.,.ISPFEHQTYCQR.,sp|P28482|MK01_HUMAN,3,1633.7,0.0,False
1567,46,0,0.02412124340743414,0.004664480186959612,0.006839298509574657,0.227990863522814,Alectinib,none,0.0,non-responsive,.G+47.963WHTILIVEK.,.GWHTILIVEK.,sp|Q8TD19|NEK9_HUMAN,2,1243.6,0.0,False
1568,46,0,0.01986778757271866,0.0030156552874927244,0.0015886336374847483,0.16137319802404354,AZD-6482,none,0.0,non-responsive,.F+58.005RHENIIGINDIIR.,.FRHENIIGINDIIR.,sp|P28482|MK01_HUMAN,3,1767.9,0.0,False
1569,46,0,0.022377538989343058,0.00638662751794699,0.009282731219428816,0.2507323979046073,Alectinib,none,0.0,non-responsive,.V+50.016APEEHPVLLTEAPLNPK.,.VAPEEHPVLLTEAPLNPK.,sp|P60709|ACTB_HUMAN,2,2004.1,0.0,False
1570,46,0,0.01533726407276454,0.004332888403700531,0.01089343220742418,0.2640348153647719,AZD-4547,none,0.0,non-responsive,.TQHLSNDHIC+209.013YFLYQILR.,.TQHLSNDHICYFLYQILR.,sp|P28482|MK01_HUMAN,3,2530.1,0.0,False
1571,46,0,0.0249889571094291,0.005924900145564556,2.2870429406843978e-05,0.06036398825028345,AZD-4547,none,0.0,non-responsive,.LIDW+47.984GLAEFYHPGQEYNVR.,.LIDWGLAEFYHPGQEYNVR.,sp|P68400|CSK21_HUMAN,3,2355.1,0.0,False
1572,46,0,0.024612217581993525,0.003945202317505119,0.0018301076918028443,0.16886405473672586,Alectinib,none,0.0,non-responsive,.DLKPSNLLINTTC+68.026DLK.,.DLKPSNLLINTTCDLK.,sp|P28482|MK01_HUMAN,2,1913.0,0.0,False
1573,46,0,0.015603900515162838,0.003367813460738645,0.004626145089024832,0.20935167678346378,BMS-690514,none,0.0,non-responsive,.GAF-18.011GEATLYR.,.GAFGEATLYR.,sp|Q8TD19|NEK9_HUMAN,2,1066.5,0.00222711,False
1574,46,0,0.026336016312630946,0.005338666895610989,0.002512286508976968,0.18867064869927044,AT-7519,none,0.0,non-responsive,.DSY+77.971VGDEAQSK.,.DSYVGDEAQSK.,sp|P60709|ACTB_HUMAN,2,1276.5,0.00177173,False
1575,46,0,0.06334510770001628,0.008026588516456969,0.00028309788429795794,0.08703180266041,BMS-387032,none,0.0,non-responsive,.VVTLW+15.995YRPPELLLGER.,.VVTLWYRPPELLLGER.,sp|P50750|CDK9_HUMAN,3,1957.1,0.0,False
1576,46,0,0.012279984211925157,0.003250660449680527,0.0028068780881949787,0.19271615938223435,AZD-4547,none,0.0,non-responsive,.LLQ-0.971DFFNGK.,.LLQDFFNGK.,sp|P11142|HSP7C_HUMAN,2,1080.6,0.0,False
1577,46,0,0.03426509010442209,0.005204478062689369,0.010447775065829428,0.2617143469325767,BMS-754807,none,0.0,non-responsive,.LISW+15.986YDNEFGYSNR.,.LISWYDNEFGYSNR.,sp|P04406|G3P_HUMAN,2,1779.8,0.0,False
1578,46,1,0.026388073746711593,0.005545440220642199,2.139297068465005e-06,0.025722670251548944,AV-412,decreasing,0.005545440220642199,drug-specific responsive (decreasing),.H+50.004LFSTIPELINYHQHNSAGLISR.,.HLFSTIPELINYHQHNSAGLISR.,sp|Q06187|BTK_HUMAN,4,2697.4,0.0,False
1579,46,0,0.022489535257208714,0.004908862356368623,0.0062093088815258525,0.22412953989803874,BMS-754807,none,0.0,non-responsive,.E-18.011DSQRPGAHLTVK.,.EDSQRPGAHLTVK.,sp|P09651|ROA1_HUMAN,3,1419.7,0.0,False
1580,46,0,0.023880540365482487,0.004053801819694258,0.000703272687196517,0.1266047450563496,BMS-690514,none,0.0,non-responsive,.R+26.016GEGAEPQYVDK.,.RGEGAEPQYVDK.,sp|Q9H479|FN3K_HUMAN,2,1374.6,0.0,False
1581,46,0,0.015162084050389414,0.0031743078983457,0.010700102994780927,0.26381594566897626,Barasertib,none,0.0,non-responsive,.NQGGYGGSSS+13.981SSSYGSGR.,.NQGGYGGSSSSSSYGSGR.,sp|P09651|ROA1_HUMAN,2,1708.7,0.0,False
1582,46,0,0.0432349332890432,0.0036088065750452254,0.008134538786781756,0.24297535814768625,BMS-387032,none,0.0,non-responsive,.N+21.986YLLSLPHK.,.NYLLSLPHK.,sp|P28482|MK01_HUMAN,2,1106.6,0.00243265,False
1583,46,0,0.01822436717523032,0.004203494636719105,0.004867090212866333,0.21055423250528593,Barasertib_HQPA,none,0.0,non-responsive,.LGS-18.012GPDGAEEIKR.,.LGSGPDGAEEIKR.,sp|Q15418|KS6A1_HUMAN,3,1310.7,0.0,False
1584,46,0,0.02619338101599717,0.0075879519305816975,0.00707838565224322,0.2306985162313932,AZD-6482,none,0.0,non-responsive,.C+39.99DSSPDSAEDVRK.,.CDSSPDSAEDVRK.,sp|P02765|FETUA_HUMAN,2,1505.6,0.0,False
1585,46,0,0.06395142952519173,0.006134177440158648,0.0010852857831123643,0.1420123349691711,Apitolisib,none,0.0,non-responsive,.SPITELLEQN-17.03GGYGSATLSR.,.SPITELLEQNGGYGSATLSR.,sp|O14976|GAK_HUMAN,2,2076.0,0.0,False
1586,46,0,0.015008065077753074,0.003958703256501576,0.0023478955704146717,0.1847836502926718,Barasertib,none,0.0,non-responsive,.RTEDDSLVVW+15.996K.,.RTEDDSLVVWK.,sp|Q8TD19|NEK9_HUMAN,2,1363.7,0.008472,False
1587,46,0,0.01601149938881235,0.003953703181055816,0.003503334721857739,0.20276756164634047,Apatinib,none,0.0,non-responsive,.LSR-1.034PFQSIIHAK.,.LSRPFQSIIHAK.,sp|Q16539|MK14_HUMAN,3,1395.8,0.0,False
1588,46,0,0.011623250947773429,0.003927811241322085,0.007268530141732539,0.23298696365153637,BMS-690514,none,0.0,non-responsive,.TA+30.009SEINFDKLQFEPPLRK.,.TASEINFDKLQFEPPLRK.,sp|Q9Y4K4|M4K5_HUMAN,3,2163.1,0.0,False
1589,46,0,0.02967526297665371,0.0035693076282266563,0.010637797848627393,0.26348576200256657,AZD-6482,none,0.0,non-responsive,.V+78.013ASEAPLEHKPQVEASSPR.,.VASEAPLEHKPQVEASSPR.,sp|Q8TD19|NEK9_HUMAN,4,2110.0,0.0,False
1590,46,0,0.00828211072715617,0.002603767633373872,0.005120175704349412,0.21401306058175806,BMS-777607,none,0.0,non-responsive,.QV-18.013NITVQK.,.QVNITVQK.,sp|Q9P035|HACD3_HUMAN,2,911.5,0.0,False
1591,46,0,0.020426695637754823,0.004052576525645503,0.01086472484653649,0.2640348153647719,AZD-5363,none,0.0,non-responsive,.IVEPYIAW+47.984GYPNLK.,.IVEPYIAWGYPNLK.,sp|P18124|RL7_HUMAN,2,1710.9,0.00814607,False
1592,46,0,0.03263333233747977,0.004730392677755008,0.0047516760257920445,0.21039387116656552,AZD-1480,none,0.0,non-responsive,.E-16.022SVFTVEGGHR.,.ESVFTVEGGHR.,sp|Q99623|PHB2_HUMAN,2,1201.6,0.0,False
1593,46,0,0.015006093448470722,0.003920903138884834,0.006499785308771016,0.22775812087690717,Alectinib,none,0.0,non-responsive,.A+23.998GFAGDDAPR.,.AGFAGDDAPR.,sp|P60709|ACTB_HUMAN,2,1000.4,0.008472,False
1594,46,0,0.015412043061229163,0.002841993044281083,0.02192065765856395,0.3251320900521487,AZD-2014,none,0.0,non-responsive,.A-1.061GGGAAEQEELHYIPIR.,.AGGGAAEQEELHYIPIR.,sp|Q8TD19|NEK9_HUMAN,2,1809.8,0.0,False
1595,46,0,0.013835808860813504,0.005405052261962091,0.019801535979039553,0.3147507661533145,Alisertib,none,0.0,non-responsive,.V+60.038SFELFADKVPK.,.VSFELFADKVPK.,sp|P62937|PPIA_HUMAN,3,1439.8,0.0,False
1596,46,0,0.023581445448408855,0.004851328406835134,0.00422992522962876,0.20522078595871698,BGT-226,none,0.0,non-responsive,.V+32.047MEGTVAAQDEFYR.,.VMEGTVAAQDEFYR.,sp|P41240|CSK_HUMAN,2,1647.8,0.00952255,False
1597,46,0,0.047062828439362395,0.004484618163712969,0.00022342042633651982,0.08032372570101826,AT-9283,none,0.0,non-responsive,.TY+183.032NNLDVSVTK.,.TYNNLDVSVTK.,sp|P54619|AAKG1_HUMAN,2,1436.7,0.00177173,False
1598,46,0,0.03623362519617212,0.006282047864265376,0.004918621921303807,0.21105022649242328,Barasertib_HQPA,none,0.0,non-responsive,.LAQQNAVTSLSEEC+47.98KR.,.LAQQNAVTSLSEECKR.,sp|Q14289|FAK2_HUMAN,2,1881.9,0.0,False
1599,46,0,0.012176053197699039,0.0025588934718727796,0.04079044816404956,0.39982202879333284,AMG-900,none,0.0,non-responsive,.I+50.009ADPEHDHTGFLTEYVATR.,.IADPEHDHTGFLTEYVATR.,sp|P27361|MK03_HUMAN,3,2222.0,0.0,False
1600,46,0,0.018668541881088067,0.004844072619496884,0.0022212589076795017,0.18082579606997007,AT-9283,none,0.0,non-responsive,.AGPLAGG+52.914VTTFVALYDYESR.,.AGPLAGGVTTFVALYDYESR.,sp|P12931|SRC_HUMAN,3,2139.9,0.00792988,False
1601,46,0,0.02685609082250101,0.004182893358449839,0.005107009774186372,0.21362777839720845,Barasertib_HQPA,none,0.0,non-responsive,.VLQQLQQGDW+31.989R.,.VLQQLQQGDWR.,sp|Q9NSY1|BMP2K_HUMAN,2,1402.7,0.00177173,False
1602,46,0,0.012260120894585991,0.004051374738373905,0.01563768214206043,0.2937518324128296,Barasertib_HQPA,none,0.0,non-responsive,.TTSEGATNC+71.03VC+57.021R.,.TTSEGATNCVCR.,sp|P29323|EPHB2_HUMAN,2,1483.6,0.0,False
1603,46,0,0.023208539277285205,0.005027293551997569,0.0005207657255280131,0.11477340483316165,AT-9283,none,0.0,non-responsive,.SALVQIYELEEHKIET+4.002WR.,.SALVQIYELEEHKIETWR.,sp|P54619|AAKG1_HUMAN,3,2248.2,0.0,False
1604,46,0,0.016551160633319562,0.004442165772887221,0.0025245585114498322,0.18867064869927044,Barasertib_HQPA,none,0.0,non-responsive,.NAPSTAGLGYG+29.975SWEIDPK.,.NAPSTAGLGYGSWEIDPK.,sp|Q06187|BTK_HUMAN,2,1892.8,0.00646103,False
1605,46,0,0.014673192211190554,0.0034336771794139477,0.03736284948678882,0.3895578338195252,AMG-900,none,0.0,non-responsive,.KISPFEHQTYC-34.009QR.,.KISPFEHQTYCQR.,sp|P28482|MK01_HUMAN,3,1659.8,0.0,False
1606,46,0,0.021336041664052646,0.003114359666559237,0.003778086493177798,0.2045770662850812,AZD-8055,none,0.0,non-responsive,.I-1.034SPFEHQTYC+57.021QR.,.ISPFEHQTYCQR.,sp|P28482|MK01_HUMAN,2,1621.7,0.0,False
1607,46,0,0.02375211020448554,0.006197555765237252,0.0013673984119207973,0.1523285785712029,BI-847325,none,0.0,non-responsive,.HTDDEM+31.981TGYVATR.,.HTDDEMTGYVATR.,sp|Q16539|MK14_HUMAN,2,1527.6,0.0,False
1608,46,0,0.02412124340743414,0.004664480186959612,0.006839298509574657,0.227990863522814,Alectinib,none,0.0,non-responsive,.G+15.995WHTILIVEK.,.GWHTILIVEK.,sp|Q8TD19|NEK9_HUMAN,2,1211.7,0.00461538,False
1609,46,0,0.024612217581993525,0.003945202317505119,0.0018301076918028443,0.16886405473672586,Alectinib,none,0.0,non-responsive,.DLKPSNLLINTTC-33.988DLK.,.DLKPSNLLINTTCDLK.,sp|P28482|MK01_HUMAN,2,1811.0,0.0,False
1610,46,0,0.01533726407276454,0.004332888403700531,0.01089343220742418,0.2640348153647719,AZD-4547,none,0.0,non-responsive,.TQHLSNDHIC+13.977YFLYQILR.,.TQHLSNDHICYFLYQILR.,sp|P28482|MK01_HUMAN,3,2335.1,0.0,False
1611,46,0,0.01533726407276454,0.004332888403700531,0.01089343220742418,0.2640348153647719,AZD-4547,none,0.0,non-responsive,.TQHLSNDHIC+272.175YFLYQILR.,.TQHLSNDHICYFLYQILR.,sp|P28482|MK01_HUMAN,3,2593.3,0.0,False
1612,46,0,0.01533726407276454,0.004332888403700531,0.01089343220742418,0.2640348153647719,AZD-4547,none,0.0,non-responsive,.TQHLSNDHIC+225.01YFLYQILR.,.TQHLSNDHICYFLYQILR.,sp|P28482|MK01_HUMAN,4,2546.1,0.0,False
1613,46,0,0.020894637797480516,0.0055676671615781355,0.005327426035306763,0.21632548158000803,AZD-5363,none,0.0,non-responsive,.YNPTW+31.986HC+57.021IVGR.,.YNPTWHCIVGR.,sp|P63167|DYL1_HUMAN,2,1491.7,0.0,False
1614,46,0,0.015008065077753074,0.003958703256501576,0.0023478955704146717,0.1847836502926718,Barasertib,none,0.0,non-responsive,.RTEDDSLVVW+47.986K.,.RTEDDSLVVWK.,sp|Q8TD19|NEK9_HUMAN,2,1395.7,0.008472,False
1615,46,0,0.016828758393450598,0.004225964927678479,0.001766822295332893,0.16886405473672586,AV-412,none,0.0,non-responsive,.QL-1.026LAPGNTHGSFLIR.,.QLLAPGNTHGSFLIR.,sp|P06239|LCK_HUMAN,2,1622.9,0.0,False
1616,46,0,0.0191233028415707,0.004549131781330793,5.056292640935206e-05,0.06650735231147029,Barasertib_HQPA,none,0.0,non-responsive,.H+12VFYSTIDWNK.,.HVFYSTIDWNK.,sp|Q15418|KS6A1_HUMAN,2,1421.7,0.0,False
1617,46,0,0.010432253487289591,0.0036426637079751602,0.0005450370469669209,0.11633369632647997,Barasertib_HQPA,none,0.0,non-responsive,.G+15.989SC+57.021IANAEEVDVPIK.,.GSCIANAEEVDVPIK.,sp|P29323|EPHB2_HUMAN,2,1674.8,0.00354836,False
1618,46,0,0.009788115411983217,0.002766520918567018,0.008612841938501746,0.2467669288787309,AZD-1480,none,0.0,non-responsive,.VADPDHDHTGFL+14.98TEYVATR.,.VADPDHDHTGFLTEYVATR.,sp|P28482|MK01_HUMAN,3,2159.0,0.00441518,False
1619,46,0,0.014929881781778682,0.0044173456197031365,0.003359249210003151,0.20139676080913627,Axitinib,none,0.0,non-responsive,.NGQGW+3.99VPSNYITPVNSLEK.,.NGQGWVPSNYITPVNSLEK.,sp|P00519|ABL1_HUMAN,2,2107.0,0.0,False
1620,46,0,0.022020879645692458,0.0035450554024268194,0.010245276521903868,0.25897981752343546,Alisertib,none,0.0,non-responsive,.N+23.991HQDPLAVAYHLIIDNRR.,.NHQDPLAVAYHLIIDNRR.,sp|Q13131|AAPK1_HUMAN,4,2169.1,0.0,False
1621,46,0,0.03522505238549648,0.00720108437493081,0.0006373892548939455,0.12170830371361625,AZD-7762,none,0.0,non-responsive,.LTTVC+72.983PTSKPQTQGLAK.,.LTTVCPTSKPQTQGLAK.,sp|P12931|SRC_HUMAN,3,1902.9,0.00662334,False
1622,46,0,0.044052719864857766,0.006088049434018704,0.004643016442085784,0.20935167678346378,BMS-777607,none,0.0,non-responsive,.HSW+31.988YHGPVSR.,.HSWYHGPVSR.,sp|P00519|ABL1_HUMAN,3,1257.6,0.0,False
1623,46,0,0.025755033615656748,0.004299970723388425,0.01010751924844547,0.2580113059793879,AZD-7762,none,0.0,non-responsive,.GDVL-18.008TIVAVTK.,.GDVLTIVAVTK.,sp|P41240|CSK_HUMAN,2,1097.6,0.00461538,False
1624,46,0,0.01209789893677785,0.003459613491832871,0.0032519505871160645,0.1994367753577562,BMS-777607,none,0.0,non-responsive,.FDGALNV+52.908DLTEFQTNLVPYPR.,.FDGALNVDLTEFQTNLVPYPR.,sp|P68363|TBA1B_HUMAN,3,2462.1,0.0,False
1625,46,0,0.01531234203411774,0.003968615819118437,0.001971766907521462,0.170594111985347,AZD-2014,none,0.0,non-responsive,.E-18.021LISNASDALDKIR.,.ELISNASDALDKIR.,sp|P08238|HS90B_HUMAN,3,1526.8,0.0,False
1626,46,0,0.025722392854113665,0.005552556553673438,0.03816465709294247,0.3918466068424166,Alisertib,none,0.0,non-responsive,.+43.006DSYVGDEAQSKR.,.DSYVGDEAQSKR.,sp|P60709|ACTB_HUMAN,2,1397.6,0.0,False
1627,46,0,0.022449508594184802,0.004084160653578449,0.003235078149030218,0.1994367753577562,AT-9283,none,0.0,non-responsive,.-17.027QVLQHPWVTQK.,.QVLQHPWVTQK.,sp|Q15418|KS6A1_HUMAN,2,1346.7,0.0,False
1628,46,0,0.0587791477574126,0.0053954663266977945,0.02370789959068797,0.3325021286180798,BMS-387032,none,0.0,non-responsive,.W+54.007QNVHFHR.,.WQNVHFHR.,sp|Q13557|KCC2D_HUMAN,3,1177.5,0.0,False
1629,46,0,0.018567037421041013,0.0036468249120071355,0.0026589034113515516,0.19094677198099427,Barasertib_HQPA,none,0.0,non-responsive,.TSEVYVW+29.972GGGK.,.TSEVYVWGGGK.,sp|Q8TD19|NEK9_HUMAN,2,1212.5,0.0,False
1630,46,0,0.016505133922527445,0.004080931597887849,0.0028245231351705443,0.19271615938223435,AT-9283,none,0.0,non-responsive,.LIEDNEY+77.956TAR.,.LIEDNEYTAR.,sp|P06239|LCK_HUMAN,2,1301.5,0.0,False
1631,46,0,0.02917903646183286,0.003641071976719745,0.0026365701364389513,0.19094677198099427,AZD-7762,none,0.0,non-responsive,.LFGGFNSSDTVTS+79.955PQR.,.LFGGFNSSDTVTSPQR.,sp|P12931|SRC_HUMAN,2,1792.8,0.0,False
1632,46,0,0.010822601572379855,0.0036753260982244815,0.011147355062217538,0.26448389126460664,AMG-900,none,0.0,non-responsive,.L+41.98GAQLADLHLDNK.,.LGAQLADLHLDNK.,sp|Q9HA64|KT3K_HUMAN,3,1449.7,0.0,False
1633,46,0,0.010822601572379855,0.0036753260982244815,0.011147355062217538,0.26448389126460664,AMG-900,none,0.0,non-responsive,.L-1.026GAQLADLHLDNK.,.LGAQLADLHLDNK.,sp|Q9HA64|KT3K_HUMAN,2,1406.7,0.0,False
1634,46,0,0.01533726407276454,0.004332888403700531,0.01089343220742418,0.2640348153647719,AZD-4547,none,0.0,non-responsive,.TQHLSNDHICYFLYQILR.,.TQHLSNDHICYFLYQILR.,sp|P28482|MK01_HUMAN,3,2321.1,0.0,False
1635,46,0,0.022020879645692458,0.0035450554024268194,0.010245276521903868,0.25897981752343546,Alisertib,none,0.0,non-responsive,.N-17.033HQDPLAVAYHLIIDNRR.,.NHQDPLAVAYHLIIDNRR.,sp|Q13131|AAPK1_HUMAN,4,2128.1,0.0,False
1636,46,0,0.03222419655701441,0.00693543751981856,0.00652030234906961,0.22775812087690717,Alectinib,none,0.0,non-responsive,.LTL+78.01YDIAHTPGVAADLSHIETK.,.LTLYDIAHTPGVAADLSHIETK.,sp|P40926|MDHM_HUMAN,4,2443.2,0.0,False
1637,46,0,0.046074654678061384,0.006405303095231309,0.0010377451828163678,0.1420123349691711,AT-7519,none,0.0,non-responsive,.LSPLEACAHSFFDELR.,.LSPLEACAHSFFDELR.,sp|P49840|GSK3A_HUMAN,3,1891.9,0.0,False
1638,46,0,0.018936997578002338,0.005156645584521449,0.0017268723064227697,0.16886405473672586,AT-9283,none,0.0,non-responsive,.LFQQILSGVDYC+47.984HR.,.LFQQILSGVDYCHR.,sp|Q13131|AAPK1_HUMAN,2,1783.8,0.00205683,False
1639,46,0,0.013745624516458442,0.004143352898794821,0.003949216102164639,0.2045770662850812,AZD-1480,none,0.0,non-responsive,.W+11.985TTSQLLQHPFVTVDSNKPIR.,.WTTSQLLQHPFVTVDSNKPIR.,sp|Q9H2G2|SLK_HUMAN,4,2479.3,0.0,False
1640,46,0,0.01533726407276454,0.004332888403700531,0.01089343220742418,0.2640348153647719,AZD-4547,none,0.0,non-responsive,.TQHLSNDHIC+45.966YFLYQILR.,.TQHLSNDHICYFLYQILR.,sp|P28482|MK01_HUMAN,3,2367.1,0.0,False
1641,46,0,0.014510579783844403,0.004223078323584589,0.01602918787022011,0.29627713452033233,Baricitinib,none,0.0,non-responsive,.S+79.968VVGTPAYLAPEVLLNQGYNR.,.SVVGTPAYLAPEVLLNQGYNR.,sp|Q9BZL6|KPCD2_HUMAN,2,2341.1,0.0,False
1642,46,0,0.022449508594184802,0.004084160653578449,0.003235078149030218,0.1994367753577562,AT-9283,none,0.0,non-responsive,.QV-18.016LQHPWVTQK.,.QVLQHPWVTQK.,sp|Q15418|KS6A1_HUMAN,3,1345.7,0.0,False
1643,46,1,0.026388073746711593,0.005545440220642199,2.139297068465005e-06,0.025722670251548944,AV-412,decreasing,0.005545440220642199,drug-specific responsive (decreasing),.H+27.98LFSTIPELINYHQHNSAGLISR.,.HLFSTIPELINYHQHNSAGLISR.,sp|Q06187|BTK_HUMAN,4,2675.3,0.0,False
1644,46,0,0.018813808759732122,0.004559658826617119,0.0002118478193214934,0.08015773345410981,Amuvatinib,none,0.0,non-responsive,.A+40.986QFETLQQLVQHYSER.,.AQFETLQQLVQHYSER.,sp|P06241|FYN_HUMAN,2,2018.0,0.0,False
1645,46,0,0.03263333233747977,0.004730392677755008,0.0047516760257920445,0.21039387116656552,AZD-1480,none,0.0,non-responsive,.E+70.004SVFTVEGGHR.,.ESVFTVEGGHR.,sp|Q99623|PHB2_HUMAN,2,1287.6,0.00396383,False
1646,46,0,0.019609420685587745,0.005096393156650094,0.0007880860274063637,0.13325426477465568,AT-9283,none,0.0,non-responsive,.C+55.985YLHETLETIINR.,.CYLHETLETIINR.,sp|P54619|AAKG1_HUMAN,2,1717.8,0.00222711,False
1647,46,0,0.010563899838722758,0.0031569929292312475,0.001801474069983612,0.16886405473672586,Amuvatinib,none,0.0,non-responsive,.AVFVDL+37.946EPTVIDEVR.,.AVFVDLEPTVIDEVR.,sp|P68363|TBA1B_HUMAN,3,1739.8,0.0,False
1648,46,0,0.04948712722899781,0.0049509254611692245,0.0013622219952193469,0.1523285785712029,Barasertib,none,0.0,non-responsive,.AGAYDF+52.907PSPEWDTVTPEAK.,.AGAYDFPSPEWDTVTPEAK.,sp|Q13557|KCC2D_HUMAN,3,2133.8,0.00792988,False
1649,46,0,0.021550580287837493,0.004653248971052893,0.008462549202402565,0.24540373235572985,Alvocidib,none,0.0,non-responsive,.A-9.034C+57.021QSIYPLHDVFVR.,.ACQSIYPLHDVFVR.,sp|P61247|RS3A_HUMAN,2,1752.8,0.00461538,False
1650,46,0,0.025592778032680195,0.00526949006191692,7.74154636981756e-05,0.06650735231147029,Barasertib_HQPA,none,0.0,non-responsive,.YRPPPQT-18.013NLLAPK.,.YRPPPQTNLLAPK.,sp|Q14289|FAK2_HUMAN,3,1476.8,0.0,False
1651,46,0,0.038282868666350243,0.006445495476257857,5.267889098459265e-05,0.06650735231147029,AT-7519,none,0.0,non-responsive,.NRQEITDKDH-18.014TVSR.,.NRQEITDKDHTVSR.,sp|Q13464|ROCK1_HUMAN,4,1680.8,0.0,False
1652,46,0,0.010822180862638517,0.004064900443394503,0.009119302488993153,0.25020562469889635,Alectinib,none,0.0,non-responsive,.LLC+45.993GLLAER.,.LLCGLLAER.,sp|P14174|MIF_HUMAN,2,1090.6,0.00814607,False
1653,46,0,0.05203194390516015,0.006767453528721105,0.003928717725303734,0.2045770662850812,AT-7519,none,0.0,non-responsive,.LC+38.015DFGSAK.,.LCDFGSAK.,sp|P49841|GSK3B_HUMAN,2,935.4,0.00230466,False
1654,46,0,0.05535357202247947,0.0061107352872294554,0.0037262455997857016,0.2045770662850812,Apatinib,none,0.0,non-responsive,.L+78.016GAQLADLHLDNKK.,.LGAQLADLHLDNKK.,sp|Q9HA64|KT3K_HUMAN,4,1613.9,0.0,False
1655,46,0,0.021336041664052646,0.003114359666559237,0.003778086493177798,0.2045770662850812,AZD-8055,none,0.0,non-responsive,.ISPFEHQTYCQR.,.ISPFEHQTYCQR.,sp|P28482|MK01_HUMAN,3,1565.7,0.0,False
1656,46,0,0.021328995435838792,0.003902366189885716,0.00020504347690740297,0.07868361650189579,AV-412,none,0.0,non-responsive,.F+50.013TNSETAEHIAQGLR.,.FTNSETAEHIAQGLR.,sp|Q06187|BTK_HUMAN,2,1723.8,0.0,False
1657,46,0,0.021328995435838792,0.003902366189885716,0.00020504347690740297,0.07868361650189579,AV-412,none,0.0,non-responsive,.F+27.991TNSETAEHIAQGLR.,.FTNSETAEHIAQGLR.,sp|Q06187|BTK_HUMAN,2,1701.8,0.0,False
1658,46,0,0.021465918441693006,0.005142857019011733,0.005400666141821755,0.21743551782603704,Baricitinib,none,0.0,non-responsive,.D-16.032IKSDSILLTHDGR.,.DIKSDSILLTHDGR.,sp|O96013|PAK4_HUMAN,3,1553.8,0.0,False
1659,46,0,0.032334538981152426,0.006364366815711548,0.001516836036135242,0.15997971671304748,Alvocidib,none,0.0,non-responsive,.A+78.015ALAHPFFQDVTKPVPH.,.AALAHPFFQDVTKPVPH.,sp|P24941|CDK2_HUMAN,4,1953.0,0.0,False
1660,46,0,0.009426800039832053,0.002629642528966679,0.03211895567042759,0.37152886572702243,Barasertib_HQPA,none,0.0,non-responsive,.-17.027QAASSLQQASLK.,.QAASSLQQASLK.,sp|P38646|GRP75_HUMAN,2,1214.6,0.0,False
1661,46,0,0.01735175446290307,0.003656032775132887,0.0016487841440612154,0.1650538169746387,BMS-690514,none,0.0,non-responsive,.Y+50.014IHSADIIHR.,.YIHSADIIHR.,sp|Q16539|MK14_HUMAN,3,1274.6,0.0,False
1662,46,0,0.020818114902910002,0.00474825887970235,0.004234259311676628,0.20522078595871698,Bafetinib,none,0.0,non-responsive,.W+11.996TAPEAINYGTFTIK.,.WTAPEAINYGTFTIK.,sp|P06239|LCK_HUMAN,2,1723.8,0.0,False
1663,46,0,0.009788115411983217,0.002766520918567018,0.008612841938501746,0.2467669288787309,AZD-1480,none,0.0,non-responsive,.VADP-15.02DHDHTGFLTEYVATR.,.VADPDHDHTGFLTEYVATR.,sp|P28482|MK01_HUMAN,3,2129.0,0.0,False
1664,46,0,0.02943061437151782,0.005437993827117727,0.0003395974691474875,0.09256811114306135,Alisertib,none,0.0,non-responsive,.STF-18.016STLQELVDHYKK.,.STFSTLQELVDHYKK.,sp|P08631|HCK_HUMAN,3,1777.9,0.0,False
1665,46,0,0.014673192211190554,0.0034336771794139477,0.03736284948678882,0.3895578338195252,AMG-900,none,0.0,non-responsive,.KISPFEHQTYC+47.981QR.,.KISPFEHQTYCQR.,sp|P28482|MK01_HUMAN,3,1741.8,0.0,False
1666,46,0,0.01190327019841522,0.004845778987360402,0.03991466360110577,0.39810637617039835,AT-13148,none,0.0,non-responsive,.EALQLW+47.986SALQLK.,.EALQLWSALQLK.,sp|Q9HA64|KT3K_HUMAN,2,1447.8,0.00491275,False
1667,46,0,0.019621632705716437,0.003578883391189201,0.0019145751949908244,0.16886405473672586,AT-13148,none,0.0,non-responsive,.+42.011C+57.021GDNVQYAPR.,.CGDNVQYAPR.,sp|P29323|EPHB2_HUMAN,2,1278.5,0.0,False
1668,46,0,0.018181919895910944,0.004807349985042763,0.016864755889922325,0.2989329431212177,Bafetinib,none,0.0,non-responsive,.VLEEHGEWW+31.987K.,.VLEEHGEWWK.,sp|P07948|LYN_HUMAN,3,1344.6,0.0,False
1669,46,0,0.02967526297665371,0.0035693076282266563,0.010637797848627393,0.26348576200256657,AZD-6482,none,0.0,non-responsive,.V+27.996ASEAPLEHKPQVEASSPR.,.VASEAPLEHKPQVEASSPR.,sp|Q8TD19|NEK9_HUMAN,3,2060.0,0.0,False
1670,46,0,0.0432349332890432,0.0036088065750452254,0.008134538786781756,0.24297535814768625,BMS-387032,none,0.0,non-responsive,.N-17.026YLLSLPHK.,.NYLLSLPHK.,sp|P28482|MK01_HUMAN,2,1067.6,0.0,False
1671,46,0,0.010822180862638517,0.004064900443394503,0.009119302488993153,0.25020562469889635,Alectinib,none,0.0,non-responsive,.LLC+88.991GLLAER.,.LLCGLLAER.,sp|P14174|MIF_HUMAN,2,1133.6,0.00177173,False
1672,46,0,0.010822180862638517,0.004064900443394503,0.009119302488993153,0.25020562469889635,Alectinib,none,0.0,non-responsive,.LLC+225.013GLLAER.,.LLCGLLAER.,sp|P14174|MIF_HUMAN,2,1269.6,0.00814607,False
1673,46,0,0.02023801692120724,0.004623092467399574,7.923602402215854e-05,0.06650735231147029,AMG-208,none,0.0,non-responsive,.LHAEFAAERDW+15.996EQFHQPR.,.LHAEFAAERDWEQFHQPR.,sp|Q9H773|DCTP1_HUMAN,4,2283.1,0.0,False
1674,46,0,0.009512999743697813,0.0023645367072558945,0.008749262398840895,0.2470743795351314,ASP-3026,none,0.0,non-responsive,.KL+50.013EAAEDIAYQLSR.,.KLEAAEDIAYQLSR.,sp|P35232|PHB_HUMAN,2,1656.8,0.0,False
1675,46,0,0.020426695637754823,0.004052576525645503,0.01086472484653649,0.2640348153647719,AZD-5363,none,0.0,non-responsive,.IVEPYIAW+3.976GYPNLK.,.IVEPYIAWGYPNLK.,sp|P18124|RL7_HUMAN,2,1666.8,0.00329239,False
1676,46,0,0.021336041664052646,0.003114359666559237,0.003778086493177798,0.2045770662850812,AZD-8055,none,0.0,non-responsive,.ISPFEHQTYC+70.026QR.,.ISPFEHQTYCQR.,sp|P28482|MK01_HUMAN,3,1635.7,0.0,False
1677,46,0,0.02233154742423339,0.005068127455469614,0.0008910891250097155,0.1385295801739095,Bafetinib,none,0.0,non-responsive,.I+50.015TFPGLHELVR.,.ITFPGLHELVR.,sp|P06239|LCK_HUMAN,2,1331.7,0.0031359,False
1678,46,0,0.044052719864857766,0.006088049434018704,0.004643016442085784,0.20935167678346378,BMS-777607,none,0.0,non-responsive,.HSW+3.986YHGPVSR.,.HSWYHGPVSR.,sp|P00519|ABL1_HUMAN,3,1229.6,0.0,False
1679,46,0,0.021328995435838792,0.003902366189885716,0.00020504347690740297,0.07868361650189579,AV-412,none,0.0,non-responsive,.FTN-18.012SETAEHIAQGLR.,.FTNSETAEHIAQGLR.,sp|Q06187|BTK_HUMAN,3,1655.8,0.0,False
1680,46,0,0.0587791477574126,0.0053954663266977945,0.02370789959068797,0.3325021286180798,BMS-387032,none,0.0,non-responsive,.W+3.994QNVHFHR.,.WQNVHFHR.,sp|Q13557|KCC2D_HUMAN,3,1127.5,0.0,False
1681,46,0,0.0587791477574126,0.0053954663266977945,0.02370789959068797,0.3325021286180798,BMS-387032,none,0.0,non-responsive,.W+13.974QNVHFHR.,.WQNVHFHR.,sp|Q13557|KCC2D_HUMAN,2,1137.5,0.0,False
1682,46,0,0.012260120894585991,0.004051374738373905,0.01563768214206043,0.2937518324128296,Barasertib_HQPA,none,0.0,non-responsive,.TTSEGATNC-33.992VC+57.021R.,.TTSEGATNCVCR.,sp|P29323|EPHB2_HUMAN,2,1378.6,0.0,False
1683,46,0,0.02154461955846263,0.004785835862821171,0.005863242530705118,0.22157730728684213,Alisertib,none,0.0,non-responsive,.S+40.975TTTGHLIYK.,.STTTGHLIYK.,sp|P68104|EF1A1_HUMAN,2,1161.6,0.00243265,False
1684,46,0,0.01647262458098031,0.004216184400892277,0.005377492262908512,0.21705532459181073,AT-13148,none,0.0,non-responsive,.Q-18.1KIVQAEGEAEAAK.,.QKIVQAEGEAEAAK.,sp|Q99623|PHB2_HUMAN,2,1453.7,0.0,False
1685,46,0,0.00983764463268638,0.002800149876117626,0.015287104579624745,0.2906192036885423,AMG-208_withCAKI,none,0.0,non-responsive,.L+26.016FPNADSK.,.LFPNADSK.,sp|P28482|MK01_HUMAN,2,917.5,0.00491275,False
1686,46,0,0.01933243270719756,0.0032265571476708327,0.0022501801443394575,0.18199005770391888,BMS-777607,none,0.0,non-responsive,.GGGQ-17.021EERPFVAR.,.GGGQEERPFVAR.,sp|Q9HA64|KT3K_HUMAN,3,1285.6,0.0,False
1687,46,0,0.01986778757271866,0.0030156552874927244,0.0015886336374847483,0.16137319802404354,AZD-6482,none,0.0,non-responsive,.F+26.016RHENIIGINDIIR.,.FRHENIIGINDIIR.,sp|P28482|MK01_HUMAN,3,1735.9,0.0,False
1688,46,0,0.025837799377236993,0.004194767505378045,0.0008960930196528822,0.1385295801739095,AT-9283,none,0.0,non-responsive,.DKR-45.019PLSGPDVGTPQPAGLASGAK.,.DKRPLSGPDVGTPQPAGLASGAK.,sp|O96013|PAK4_HUMAN,3,2174.1,0.0,False
1689,46,0,0.05359711432514846,0.005956317627246719,0.009817869336404581,0.2554660802722126,Alisertib,none,0.0,non-responsive,.-17.027QYDSVEC+57.021PFC+57.021DEVSKYEK.,.QYDSVECPFCDEVSKYEK.,sp|P50750|CDK9_HUMAN,2,2380.0,0.0,False
1690,46,0,0.018567037421041013,0.0036468249120071355,0.0026589034113515516,0.19094677198099427,Barasertib_HQPA,none,0.0,non-responsive,.TSEVYVW+47.982GGGK.,.TSEVYVWGGGK.,sp|Q8TD19|NEK9_HUMAN,2,1230.5,0.0,False
1691,46,0,0.021336041664052646,0.003114359666559237,0.003778086493177798,0.2045770662850812,AZD-8055,none,0.0,non-responsive,.ISPFEHQTY+13.974C+57.021QR.,.ISPFEHQTYCQR.,sp|P28482|MK01_HUMAN,3,1636.7,0.0,False
1692,46,0,0.01669175294454646,0.0029794185456799493,0.008265774333853986,0.24366133738436643,Alectinib,none,0.0,non-responsive,.I+27.993PLKDVVPR.,.IPLKDVVPR.,sp|P41240|CSK_HUMAN,2,1064.6,0.0,False
1693,46,0,0.0120450049887533,0.0044382012540592755,0.026221322502808453,0.3454937799392934,BMS-911543,none,0.0,non-responsive,.GDVLTIVAVTKDPNW+15.977YK.,.GDVLTIVAVTKDPNWYK.,sp|P41240|CSK_HUMAN,2,1935.0,0.0,False
1694,46,0,0.027686394701955306,0.003117483497570492,0.00436286037838382,0.2065993973052694,AZD-7762,none,0.0,non-responsive,.EGIIPANY+183.034VQK.,.EGIIPANYVQK.,sp|P41240|CSK_HUMAN,3,1414.7,0.0087732,False
1695,46,0,0.03911117827258483,0.004635896112707409,0.011285141556977987,0.26494439794648283,Alisertib,none,0.0,non-responsive,.W-85.013TAPEAALYGR.,.WTAPEAALYGR.,sp|P12931|SRC_HUMAN,2,1149.6,0.00535371,False
1696,46,0,0.058207867204420505,0.005606485231919191,0.00020229015490264138,0.07868361650189579,AT-9283,none,0.0,non-responsive,.T+79.963SSFAEPGGGGGGGGGGPGGSASGPGGTGGGK.,.TSSFAEPGGGGGGGGGGPGGSASGPGGTGGGK.,sp|P49840|GSK3A_HUMAN,2,2513.0,0.0,False
1697,46,0,0.02883634502561416,0.0050795413790486925,0.002470936843117901,0.18867064869927044,Alisertib,none,0.0,non-responsive,.QF+50.013ANLNREESILK.,.QFANLNREESILK.,sp|Q05397|FAK1_HUMAN,2,1611.8,0.00484516,False
1698,46,0,0.046074654678061384,0.006405303095231309,0.0010377451828163678,0.1420123349691711,AT-7519,none,0.0,non-responsive,.LSPLEAC+50.021AHSFFDELR.,.LSPLEACAHSFFDELR.,sp|P49840|GSK3A_HUMAN,2,1941.9,0.0,False
1699,46,0,0.010736632284927387,0.004028641898213977,0.005050540723270115,0.21312941214583786,Alisertib,none,0.0,non-responsive,.LITTQQW+31.984LIK.,.LITTQQWLIK.,sp|P00846|ATP6_HUMAN,2,1275.7,0.0,False
1700,46,0,0.026127482441092136,0.00392287578799688,0.005134233166446741,0.21426958816314465,Barasertib,none,0.0,non-responsive,.LGLDSEEDY+13.978YTPQK.,.LGLDSEEDYYTPQK.,sp|Q8TD19|NEK9_HUMAN,2,1671.7,0.0,False
1701,46,0,0.02074170655128613,0.004741502025293997,0.009689442073581956,0.2543253547667127,AZD-7762,none,0.0,non-responsive,.GAQGEPHDVAP+0.973NGPSAGGLAIPQSSSSSSRPPTR.,.GAQGEPHDVAPNGPSAGGLAIPQSSSSSSRPPTR.,sp|O96013|PAK4_HUMAN,4,3270.5,0.0,False
1702,46,0,0.03867812196391974,0.005608842997678017,0.004042072408836545,0.2045770662850812,ASP-3026,none,0.0,non-responsive,.EQGGSGLGSGSSGGGGSTSGLGSG+183.022YIGR.,.EQGGSGLGSGSSGGGGSTSGLGSGYIGR.,sp|Q2M2I8|AAK1_HUMAN,3,2569.1,0.0,False
1703,46,0,0.020436164120828503,0.003708203413035825,0.0052623790328575,0.2150399287695821,AMG-900,none,0.0,non-responsive,.DLKPSNLAVNEDC+88.994ELK.,.DLKPSNLAVNEDCELK.,sp|Q16539|MK14_HUMAN,2,1933.9,0.0,False
1704,46,0,0.015004193625527532,0.004081243116812003,0.0015310572068804457,0.16008053685272214,Apitolisib,none,0.0,non-responsive,.QI-18.014FNGTFVK.,.QIFNGTFVK.,sp|P18124|RL7_HUMAN,2,1035.5,0.0,False
1705,46,0,0.02417601606926795,0.004350442432127297,0.018363958789537144,0.30739194635241573,Apitolisib,none,0.0,non-responsive,.N+50.011SATSADEQPHIGNYR.,.NSATSADEQPHIGNYR.,sp|Q7KZI7|MARK2_HUMAN,2,1809.8,0.00368268,False
1706,46,0,0.021336041664052646,0.003114359666559237,0.003778086493177798,0.2045770662850812,AZD-8055,none,0.0,non-responsive,.ISPFEHQTY-77.049C+57.021QR.,.ISPFEHQTYCQR.,sp|P28482|MK01_HUMAN,3,1545.7,0.0,False
1707,46,0,0.021336041664052646,0.003114359666559237,0.003778086493177798,0.2045770662850812,AZD-8055,none,0.0,non-responsive,.I+49.998SPFEHQTYC+57.021QR.,.ISPFEHQTYCQR.,sp|P28482|MK01_HUMAN,2,1672.7,0.0,False
1708,46,0,0.026010179754231387,0.004494257778447392,0.00016096928896307342,0.07563961281441405,Barasertib_HQPA,none,0.0,non-responsive,.GAPSPG+241.16VLGPHASEPQLAPPAC+57.021TPAAPAVPGPPGPR.,.GAPSPGVLGPHASEPQLAPPACTPAAPAVPGPPGPR.,sp|O96013|PAK4_HUMAN,4,3673.9,0.0,False
1709,46,0,0.012614184404324283,0.0038838451824290392,0.008928637624531248,0.2501362727827684,AZD-5438,none,0.0,non-responsive,.G+15.986AYC+57.021LSVSDFDNAK.,.GAYCLSVSDFDNAK.,sp|P12931|SRC_HUMAN,2,1619.7,0.00397471,False
1710,46,0,0.011334914659024973,0.0033239736267885026,0.0010466712116384083,0.1420123349691711,BMS-777607_withCAKI,none,0.0,non-responsive,.YI+27.994HSANVLHR.,.YIHSANVLHR.,sp|P28482|MK01_HUMAN,3,1237.6,0.0,False
1711,46,0,0.018181919895910944,0.004807349985042763,0.016864755889922325,0.2989329431212177,Bafetinib,none,0.0,non-responsive,.VLEEHGEW+3.991WK.,.VLEEHGEWWK.,sp|P07948|LYN_HUMAN,2,1316.6,0.00629127,False
1712,46,0,0.02207773395120618,0.005264977046759854,0.005989070307161458,0.22157730728684213,AT-9283,none,0.0,non-responsive,.PM+31.987FIVNTNVPR.,.PMFIVNTNVPR.,sp|P14174|MIF_HUMAN,2,1319.7,0.0,False
1713,46,0,0.018385385532385456,0.004727172988258588,0.011464493977657223,0.2658873158577318,AMG-208_withCAKI,none,0.0,non-responsive,.F+78.014PSHFSSDLKDLLR.,.FPSHFSSDLKDLLR.,sp|P17612|KAPCA_HUMAN,4,1739.9,0.0,False
1714,46,0,0.07315272184724553,0.0069783447072501855,0.00033209085259489264,0.09191102714464529,AT-9283,none,0.0,non-responsive,.D-45.023IKPENLLLGSAGELK.,.DIKPENLLLGSAGELK.,sp|O14965|AURKA_HUMAN,2,1651.9,0.0,False
1715,46,0,0.04012177818303431,0.0063881928285160205,6.788933677658883e-05,0.06650735231147029,BMS-754807,none,0.0,non-responsive,.A+50.004QLSTILEEEKAQQEER.,.AQLSTILEEEKAQQEER.,sp|Q05397|FAK1_HUMAN,2,2052.0,0.0,False
1716,46,0,0.03259848921189844,0.004121071280219009,0.0034264402442871445,0.20276292294681048,Baricitinib,none,0.0,non-responsive,.VTEQLIEA+37.943INNGDFEAYTK.,.VTEQLIEAINNGDFEAYTK.,sp|Q13557|KCC2D_HUMAN,4,2193.0,0.0,False
1717,46,0,0.029238143429939373,0.004930011509833411,0.0016902173833259475,0.1670592573950274,Alisertib,none,0.0,non-responsive,.S+50.015LAYIHSFGIC+57.021HR.,.SLAYIHSFGICHR.,sp|P49841|GSK3B_HUMAN,3,1667.8,0.0,False
1718,46,0,0.013741504273227878,0.004524039707768371,0.005996943505568801,0.22157730728684213,BMS-690514,none,0.0,non-responsive,.QGN-18.015LSSQVPLKR.,.QGNLSSQVPLKR.,sp|P78527|PRKDC_HUMAN,3,1308.7,0.0,False
1719,46,0,0.01983121691961178,0.004612546742579676,0.08499353150449712,0.4963465094718842,AZD-2014,none,0.0,non-responsive,.Q-15.982EYDESGPSIVHR.,.QEYDESGPSIVHR.,sp|P60709|ACTB_HUMAN,2,1500.7,0.00177173,False
1720,46,0,0.0432349332890432,0.0036088065750452254,0.008134538786781756,0.24297535814768625,BMS-387032,none,0.0,non-responsive,.N+26.016YLLSLPHK.,.NYLLSLPHK.,sp|P28482|MK01_HUMAN,2,1110.6,0.00405616,False
1721,46,0,0.028439534687835243,0.004457000627537311,0.017888149163414815,0.3043657329746752,BI-847325,none,0.0,non-responsive,.ITEQLIEAINN-17.026GDFEAYTK.,.ITEQLIEAINNGDFEAYTK.,sp|Q13555|KCC2G_HUMAN,2,2152.0,0.0,False
1722,46,0,0.017145934832234352,0.003355061793731067,0.040365047823745656,0.39830935164278924,Alisertib,none,0.0,non-responsive,.G+16.978HYTEGAELVDSVLDVVRK.,.GHYTEGAELVDSVLDVVRK.,sp|P07437|TBB5_HUMAN,3,2104.0,0.0,False
1723,46,0,0.03263333233747977,0.004730392677755008,0.0047516760257920445,0.21039387116656552,AZD-1480,none,0.0,non-responsive,.E-18.044SVFTVEGGHR.,.ESVFTVEGGHR.,sp|Q99623|PHB2_HUMAN,2,1199.5,0.00205683,False
1724,46,0,0.019609420685587745,0.005096393156650094,0.0007880860274063637,0.13325426477465568,AT-9283,none,0.0,non-responsive,.+42.011C+57.021YLHETLETIINR.,.CYLHETLETIINR.,sp|P54619|AAKG1_HUMAN,2,1760.8,0.0,False
1725,46,0,0.058207867204420505,0.005606485231919191,0.00020229015490264138,0.07868361650189579,AT-9283,none,0.0,non-responsive,.TSSFAEPG+52.909GGGGGGGGGPGGSASGPGGTGGGK.,.TSSFAEPGGGGGGGGGGPGGSASGPGGTGGGK.,sp|P49840|GSK3A_HUMAN,3,2486.0,0.00792988,False
1726,46,0,0.031149734710255176,0.004645581296385861,0.00019696937915324308,0.07868361650189579,AEW-541,none,0.0,non-responsive,.SLDNGGY+183.023YISPR.,.SLDNGGYYISPR.,sp|P07948|LYN_HUMAN,2,1524.6,0.00858359,False
1727,46,0,0.008153315102111872,0.003370673752444428,0.01420936987219531,0.28277675214299175,AZD-1480,none,0.0,non-responsive,.SIQFVDW+19.987C+57.021PTGFK.,.SIQFVDWCPTGFK.,sp|P68363|TBA1B_HUMAN,2,1661.7,0.00961585,False
1728,46,0,0.026116742704724843,0.004469730056846194,0.008129831922998623,0.24297535814768625,AZD-7762,none,0.0,non-responsive,.QV-18.021C+57.021AGNTHFAVVTVEK.,.QVCAGNTHFAVVTVEK.,sp|Q8TD19|NEK9_HUMAN,3,1798.9,0.0,False
1729,46,0,0.019537953166069988,0.004406854798707593,0.0044330953192787586,0.20711811550913553,AT-9283,none,0.0,non-responsive,.QEDGGVY+79.962SSSGLK.,.QEDGGVYSSSGLK.,sp|P16591|FER_HUMAN,2,1406.6,0.0,False
1730,46,0,0.026419382450086716,0.004775601297643522,0.0009786102795784988,0.1420123349691711,ASP-3026,none,0.0,non-responsive,.QA+50.015TVSWDSGGSDEAPPKPSRPGYPSPR.,.QATVSWDSGGSDEAPPKPSRPGYPSPR.,sp|Q05397|FAK1_HUMAN,3,2876.3,0.0,False
1731,46,0,0.046074654678061384,0.006405303095231309,0.0010377451828163678,0.1420123349691711,AT-7519,none,0.0,non-responsive,.LSPLEAC+209.013AHSFFDELR.,.LSPLEACAHSFFDELR.,sp|P49840|GSK3A_HUMAN,3,2100.9,0.0,False
1732,46,0,0.011567538717509537,0.003095761710089784,0.023638248374716085,0.3325021286180798,Barasertib_HQPA,none,0.0,non-responsive,.LSK-59.043EDIER.,.LSKEDIER.,sp|P11142|HSP7C_HUMAN,2,930.5,0.0,False
1733,46,0,0.05535357202247947,0.0061107352872294554,0.0037262455997857016,0.2045770662850812,Apatinib,none,0.0,non-responsive,.L+23.994GAQLADLHLDNKK.,.LGAQLADLHLDNKK.,sp|Q9HA64|KT3K_HUMAN,3,1559.8,0.0,False
1734,46,0,0.02023801692120724,0.004623092467399574,7.923602402215854e-05,0.06650735231147029,AMG-208,none,0.0,non-responsive,.L-0.996HAEFAAERDWEQFHQPR.,.LHAEFAAERDWEQFHQPR.,sp|Q9H773|DCTP1_HUMAN,4,2266.1,0.0,False
1735,46,0,0.021871801784463154,0.004620996096671435,0.0005600665622889967,0.11656864519566643,ASP-3026,none,0.0,non-responsive,.KPLPPT-18.014PEEDQILK.,.KPLPPTPEEDQILK.,sp|Q06187|BTK_HUMAN,3,1586.9,0.0,False
1736,46,0,0.017145934832234352,0.003355061793731067,0.040365047823745656,0.39830935164278924,Alisertib,none,0.0,non-responsive,.G+50.014HYTEGAELVDSVLDVVRK.,.GHYTEGAELVDSVLDVVRK.,sp|P07437|TBB5_HUMAN,3,2137.1,0.0,False
1737,46,0,0.04727503526182894,0.007924423070852482,0.0027951502265964796,0.19271615938223435,BMS-777607_withCAKI,none,0.0,non-responsive,.EHEW+3.991FKQDLPK.,.EHEWFKQDLPK.,sp|Q13131|AAPK1_HUMAN,2,1460.7,0.0,False
1738,46,0,0.026132434514020635,0.003514794546595744,0.00014226331446868794,0.07290394674065966,AT-9283,none,0.0,non-responsive,.DVN-17.025AAIATIK.,.DVNAAIATIK.,sp|P68363|TBA1B_HUMAN,2,998.5,0.0,False
1739,46,0,0.026336016312630946,0.005338666895610989,0.002512286508976968,0.18867064869927044,AT-7519,none,0.0,non-responsive,.DSY+183.033VGDEAQSK.,.DSYVGDEAQSK.,sp|P60709|ACTB_HUMAN,2,1381.5,0.00230466,False
1740,46,0,0.01533726407276454,0.004332888403700531,0.01089343220742418,0.2640348153647719,AZD-4547,none,0.0,non-responsive,.TQHLSNDHIC+45.042YFLYQILR.,.TQHLSNDHICYFLYQILR.,sp|P28482|MK01_HUMAN,3,2366.2,0.00636075,False
1741,46,0,0.026419382450086716,0.004775601297643522,0.0009786102795784988,0.1420123349691711,ASP-3026,none,0.0,non-responsive,.Q-18.031ATVSWDSGGSDEAPPKPSRPGYPSPR.,.QATVSWDSGGSDEAPPKPSRPGYPSPR.,sp|Q05397|FAK1_HUMAN,3,2808.3,0.0,False
1742,46,0,0.03501342139156144,0.0045090608604714845,0.0012568507717054022,0.14832072656499468,Alvocidib,none,0.0,non-responsive,.NRETH+50.019EIVALKR.,.NRETHEIVALKR.,sp|Q00535|CDK5_HUMAN,4,1515.8,0.0,False
1743,46,0,0.017213786623033044,0.0036441085187920844,0.00948636408386193,0.25235174270774796,Barasertib_HQPA,none,0.0,non-responsive,.LSPGGSLADA+15.991WAHQEGTHPK.,.LSPGGSLADAWAHQEGTHPK.,sp|Q9UHD2|TBK1_HUMAN,4,2075.0,0.0,False
1744,46,0,0.025845032034031223,0.0035830912556959545,0.00023605076601562205,0.08291757486725032,Abemaciclib,none,0.0,non-responsive,.LK+50.006ELIFQETAR.,.LKELIFQETAR.,sp|P27361|MK03_HUMAN,2,1397.8,0.0,False
1745,46,0,0.010736632284927387,0.004028641898213977,0.005050540723270115,0.21312941214583786,Alisertib,none,0.0,non-responsive,.LITTQQW+3.992LIK.,.LITTQQWLIK.,sp|P00846|ATP6_HUMAN,2,1247.7,0.0,False
1746,46,0,0.050235176329270846,0.006505485064867499,0.0057800719343732605,0.22157730728684213,AT-9283,none,0.0,non-responsive,.L+15.992C+57.021DSGELVAIKK.,.LCDSGELVAIKK.,sp|P49841|GSK3B_HUMAN,3,1405.7,0.0,False
1747,46,0,0.029093903594799072,0.006223916577860487,0.0016875990052640174,0.1670592573950274,AZD-4547,none,0.0,non-responsive,.L-1.032TDDHVQFLIYQILR.,.LTDDHVQFLIYQILR.,sp|Q16539|MK14_HUMAN,2,1873.0,0.00997682,False
1748,46,0,0.020426695637754823,0.004052576525645503,0.01086472484653649,0.2640348153647719,AZD-5363,none,0.0,non-responsive,.IVEPYIAW+31.978GYPNLK.,.IVEPYIAWGYPNLK.,sp|P18124|RL7_HUMAN,2,1694.8,0.0,False
1749,46,0,0.03033526230454115,0.005195266568527291,0.03455351894069436,0.3826024022204498,Alectinib,none,0.0,non-responsive,.G-9.047C+57.021NPTHLADFTQVQTIQYSNSEDKDR.,.GCNPTHLADFTQVQTIQYSNSEDKDR.,sp|Q05397|FAK1_HUMAN,3,3072.3,0.0,False
1750,46,0,0.04727503526182894,0.007924423070852482,0.0027951502265964796,0.19271615938223435,BMS-777607_withCAKI,none,0.0,non-responsive,.E-18.019HEWFKQDLPK.,.EHEWFKQDLPK.,sp|Q13131|AAPK1_HUMAN,3,1438.7,0.0,False
1751,46,0,0.016087502011556506,0.003258680876665232,0.015214877810865546,0.29028173524379675,Alvocidib,none,0.0,non-responsive,.E-18.012LAENNHILER.,.ELAENNHILER.,sp|Q9UHD2|TBK1_HUMAN,3,1319.7,0.0,False
1752,46,0,0.022377538989343058,0.00638662751794699,0.009282731219428816,0.2507323979046073,Alectinib,none,0.0,non-responsive,.V+27.988APEEHPVLLTEAPLNPK.,.VAPEEHPVLLTEAPLNPK.,sp|P60709|ACTB_HUMAN,2,1982.0,0.0,False
1753,46,0,0.05137778758765079,0.005308832748171182,0.00010162239785912493,0.06960169483750128,AT-9283,none,0.0,non-responsive,.V+234.113TTVVATPGQGPDRPQEVSYTDTK.,.VTTVVATPGQGPDRPQEVSYTDTK.,sp|P49841|GSK3B_HUMAN,3,2780.4,0.0,False
1754,46,0,0.025301645337474178,0.004187879245102234,3.642666786802715e-05,0.06650735231147029,AV-412,none,0.0,non-responsive,.LSYY+13.975EYDFER.,.LSYYEYDFER.,sp|Q06187|BTK_HUMAN,2,1398.6,0.00549833,False
1755,46,0,0.02200890669709687,0.005901980492843225,0.0030691945507367413,0.19776384089732849,Abemaciclib,none,0.0,non-responsive,.KVPQVSTP-18.01TLVEVSR.,.KVPQVSTPTLVEVSR.,sp|P02768|ALBU_HUMAN,3,1621.9,0.0,False
1756,46,0,0.022020879645692458,0.0035450554024268194,0.010245276521903868,0.25897981752343546,Alisertib,none,0.0,non-responsive,.NH+66.003QDPLAVAYHLIIDNRR.,.NHQDPLAVAYHLIIDNRR.,sp|Q13131|AAPK1_HUMAN,4,2211.1,0.0,False
1757,46,0,0.03225852469894053,0.007107803588175346,0.0008857847286942044,0.1385295801739095,BMS-690514,none,0.0,non-responsive,.H+70.003SNLVQLLGVIVEEK.,.HSNLVQLLGVIVEEK.,sp|P41240|CSK_HUMAN,2,1747.9,0.0,False
1758,46,0,0.012465649004556588,0.003572103377208725,0.0005622957334208555,0.11656864519566643,Barasertib_HQPA,none,0.0,non-responsive,.FTLSGGNW+3.996NTVSETAK.,.FTLSGGNWNTVSETAK.,sp|Q15418|KS6A1_HUMAN,2,1715.8,0.0,False
1759,46,0,0.03384728700938237,0.004690028326622758,0.002118566382947859,0.17635435471592503,Baricitinib,none,0.0,non-responsive,.FTDEY+13.975QLFEELGK.,.FTDEYQLFEELGK.,sp|Q13557|KCC2D_HUMAN,2,1632.7,0.0,False
1760,46,0,0.025837799377236993,0.004194767505378045,0.0008960930196528822,0.1385295801739095,AT-9283,none,0.0,non-responsive,.DKR+121.982PLSGPDVGTPQPAGLASGAK.,.DKRPLSGPDVGTPQPAGLASGAK.,sp|O96013|PAK4_HUMAN,3,2341.1,0.00306333,False
1761,46,0,0.018291775246843767,0.002935138723707011,0.001975203825665565,0.170594111985347,Apitolisib,none,0.0,non-responsive,.AQV-17.029SLLIR.,.AQVSLLIR.,sp|Q99623|PHB2_HUMAN,2,882.5,0.0,False
1762,46,0,0.012999282868704616,0.004296152489125459,0.0029980068539138434,0.19710164744610362,Barasertib_HQPA,none,0.0,non-responsive,.AAGVNVEPF+47.986WPGLFAK.,.AAGVNVEPFWPGLFAK.,sp|P05386|RLA1_HUMAN,2,1750.9,0.00609695,False
1763,46,0,0.01614309065502922,0.004166324535499761,0.014708441519899109,0.2866994475127542,Apitolisib,none,0.0,non-responsive,.A+78.036LEHFTDLYDIKR.,.ALEHFTDLYDIKR.,sp|Q00610|CLH1_HUMAN,4,1698.9,0.0,False
1764,46,0,0.02967526297665371,0.0035693076282266563,0.010637797848627393,0.26348576200256657,AZD-6482,none,0.0,non-responsive,.V+50.016ASEAPLEHKPQVEASSPR.,.VASEAPLEHKPQVEASSPR.,sp|Q8TD19|NEK9_HUMAN,3,2082.0,0.0,False
1765,46,0,0.058207867204420505,0.005606485231919191,0.00020229015490264138,0.07868361650189579,AT-9283,none,0.0,non-responsive,.TSSFAEPG+37.942GGGGGGGGGPGGSASGPGGTGGGK.,.TSSFAEPGGGGGGGGGGPGGSASGPGGTGGGK.,sp|P49840|GSK3A_HUMAN,3,2471.0,0.0,False
1766,46,0,0.018567037421041013,0.0036468249120071355,0.0026589034113515516,0.19094677198099427,Barasertib_HQPA,none,0.0,non-responsive,.TSEVYVW+15.994GGGK.,.TSEVYVWGGGK.,sp|Q8TD19|NEK9_HUMAN,2,1198.6,0.0031359,False
1767,46,0,0.026116742704724843,0.004469730056846194,0.008129831922998623,0.24297535814768625,AZD-7762,none,0.0,non-responsive,.QVC+47.983AGNTHFAVVTVEK.,.QVCAGNTHFAVVTVEK.,sp|Q8TD19|NEK9_HUMAN,2,1807.8,0.0,False
1768,46,0,0.018096148917623536,0.0039027493306449273,0.004045131343727662,0.2045770662850812,Barasertib_HQPA,none,0.0,non-responsive,.LEGW+15.995LSLPVR.,.LEGWLSLPVR.,sp|O75116|ROCK2_HUMAN,2,1185.6,0.0,False
1769,46,0,0.011327506001870064,0.0038181924653213485,0.003779855607105148,0.2045770662850812,Barasertib_HQPA,none,0.0,non-responsive,.L-1.033YSLALHPNAFK.,.LYSLALHPNAFK.,sp|P78527|PRKDC_HUMAN,2,1372.7,0.0,False
1770,46,0,0.02327575648556734,0.005503496262968412,0.0002674663589881852,0.08463120478920018,AV-412,none,0.0,non-responsive,.ITC+68.031VETVVPEKNPPPER.,.ITCVETVVPEKNPPPER.,sp|Q06187|BTK_HUMAN,3,2033.0,0.0,False
1771,46,0,0.02162138376619032,0.005633265808657424,0.000308831605799542,0.08703180266041,Afatinib,none,0.0,non-responsive,.H+27.988ENVIGLLDVFTPAR.,.HENVIGLLDVFTPAR.,sp|Q16539|MK14_HUMAN,2,1708.9,0.0,False
1772,46,0,0.056873408790599184,0.008900975725492323,0.0012839496030905612,0.15020822302534603,AT-9283,none,0.0,non-responsive,.A+78.016PPILPPHLLQVILNK.,.APPILPPHLLQVILNK.,sp|Q9Y478|AAKB1_HUMAN,3,1841.1,0.0,False
1773,46,0,0.0587791477574126,0.0053954663266977945,0.02370789959068797,0.3325021286180798,BMS-387032,none,0.0,non-responsive,.W-2.021QNVHFHR.,.WQNVHFHR.,sp|Q13557|KCC2D_HUMAN,3,1121.5,0.0,False
1774,46,0,0.02811474940126997,0.004490088886881901,0.0001663561229943219,0.07563961281441405,AV-412,none,0.0,non-responsive,.TLDN-17.031GGFYISPR.,.TLDNGGFYISPR.,sp|P08631|HCK_HUMAN,2,1322.6,0.00404503,False
1775,46,0,0.022020879645692458,0.0035450554024268194,0.010245276521903868,0.25897981752343546,Alisertib,none,0.0,non-responsive,.N+50.015HQDPLAVAYHLIIDNRR.,.NHQDPLAVAYHLIIDNRR.,sp|Q13131|AAPK1_HUMAN,4,2195.1,0.0,False
1776,46,0,0.027744278610022287,0.006044407943868893,0.006716039030801744,0.22775812087690717,BI-847325,none,0.0,non-responsive,.KW+3.979ESPAQNTAHLDQFER.,.KWESPAQNTAHLDQFER.,sp|P17612|KAPCA_HUMAN,3,2060.9,0.0,False
1777,46,0,0.014419645792169875,0.0038142340802952207,0.0003052277559016619,0.08703180266041,Alisertib,none,0.0,non-responsive,.GS-18.014LLDFLKGETGK.,.GSLLDFLKGETGK.,sp|P12931|SRC_HUMAN,3,1346.7,0.0,False
1778,46,0,0.017145934832234352,0.003355061793731067,0.040365047823745656,0.39830935164278924,Alisertib,none,0.0,non-responsive,.G+27.991HYTEGAELVDSVLDVVRK.,.GHYTEGAELVDSVLDVVRK.,sp|P07437|TBB5_HUMAN,3,2115.0,0.0,False
1779,46,0,0.024612217581993525,0.003945202317505119,0.0018301076918028443,0.16886405473672586,Alectinib,none,0.0,non-responsive,.DLKPSNLLINTTC+88.988DLK.,.DLKPSNLLINTTCDLK.,sp|P28482|MK01_HUMAN,2,1933.9,0.0,False
1780,46,0,0.01986778757271866,0.0030156552874927244,0.0015886336374847483,0.16137319802404354,AZD-6482,none,0.0,non-responsive,.+43.006FRHENIIGINDIIR.,.FRHENIIGINDIIR.,sp|P28482|MK01_HUMAN,3,1752.9,0.0,False
1781,46,0,0.013239461765658968,0.0043701696550368825,0.003441995004881863,0.20276292294681048,BI-2536,none,0.0,non-responsive,.TEYPDVAW+3.997PLR.,.TEYPDVAWPLR.,sp|O43353|RIPK2_HUMAN,2,1350.7,0.0,False
1782,46,0,0.016919871516360936,0.005264309631086211,0.011570864161505025,0.2661470547970074,BGT-226,none,0.0,non-responsive,.SLT-18.01NDWEDHLAVK.,.SLTNDWEDHLAVK.,sp|P08238|HS90B_HUMAN,3,1509.7,0.0,False
1783,46,0,0.019336422747524794,0.004639634286221655,0.0004457793440679369,0.10671232299276767,Barasertib_HQPA,none,0.0,non-responsive,.NKEVYSWGC+47.975GEYGR.,.NKEVYSWGCGEYGR.,sp|Q8TD19|NEK9_HUMAN,2,1752.7,0.0,False
1784,46,0,0.017485920412381905,0.00470614809215804,0.0006143042226883677,0.12129708246412342,Alisertib,none,0.0,non-responsive,.IPW+17.978FQYPIIYDIR.,.IPWFQYPIIYDIR.,sp|Q99623|PHB2_HUMAN,2,1741.9,0.00887739,False
1785,46,0,0.01986778757271866,0.0030156552874927244,0.0015886336374847483,0.16137319802404354,AZD-6482,none,0.0,non-responsive,.FRHE+48.909NIIGINDIIR.,.FRHENIIGINDIIR.,sp|P28482|MK01_HUMAN,3,1758.8,0.00323489,False
1786,46,0,0.027475342078810062,0.004921597738575128,0.0024804948224115887,0.18867064869927044,AZD-2014,none,0.0,non-responsive,.F+26.015YFENALSK.,.FYFENALSK.,sp|Q13557|KCC2D_HUMAN,2,1144.5,0.00854576,False
1787,46,0,0.030849904971231676,0.0034274610646343336,0.006775338832503776,0.22782522851644013,AZD-7762,none,0.0,non-responsive,.E+26.014ASSTQDTGKLPVK.,.EASSTQDTGKLPVK.,sp|P41240|CSK_HUMAN,2,1486.8,0.0,False
1788,46,0,0.015412043061229163,0.002841993044281083,0.02192065765856395,0.3251320900521487,AZD-2014,none,0.0,non-responsive,.A+23.998GGGAAEQEELHYIPIR.,.AGGGAAEQEELHYIPIR.,sp|Q8TD19|NEK9_HUMAN,3,1834.9,0.0,False
1789,46,0,0.019177053238338182,0.0049935399577177445,0.0008639196227600767,0.1385295801739095,Alisertib,none,0.0,non-responsive,.+43.006YYVTIIDAPGHR.,.YYVTIIDAPGHR.,sp|P68104|EF1A1_HUMAN,2,1447.7,0.000551624,False
1790,46,0,0.009788115411983217,0.002766520918567018,0.008612841938501746,0.2467669288787309,AZD-1480,none,0.0,non-responsive,.VADP+52.903DHDHTGFLTEYVATR.,.VADPDHDHTGFLTEYVATR.,sp|P28482|MK01_HUMAN,3,2196.9,0.00652234,False
1791,46,0,0.01533726407276454,0.004332888403700531,0.01089343220742418,0.2640348153647719,AZD-4547,none,0.0,non-responsive,.TQHLSNDHIC+209.019YFLYQILR.,.TQHLSNDHICYFLYQILR.,sp|P28482|MK01_HUMAN,3,2530.2,0.0,False
1792,46,0,0.01983121691961178,0.004612546742579676,0.08499353150449712,0.4963465094718842,AZD-2014,none,0.0,non-responsive,.QE+70.002YDESGPSIVHR.,.QEYDESGPSIVHR.,sp|P60709|ACTB_HUMAN,2,1586.7,0.0,False
1793,46,0,0.026419382450086716,0.004775601297643522,0.0009786102795784988,0.1420123349691711,ASP-3026,none,0.0,non-responsive,.QATVSWDSGGSDEAPPKPSRPGYP+79.962SPR.,.QATVSWDSGGSDEAPPKPSRPGYPSPR.,sp|Q05397|FAK1_HUMAN,4,2906.3,0.0,False
1794,46,0,0.031178398077836407,0.006237137795038736,0.0006981064432412328,0.12633041597884614,BI-847325,none,0.0,non-responsive,.L+50.027KQIEHTLNEK.,.LKQIEHTLNEK.,sp|P17612|KAPCA_HUMAN,3,1402.8,0.0,False
1795,46,0,0.02012598811337369,0.005066162780225258,0.0011984830010180743,0.1446991877256131,AV-412,none,0.0,non-responsive,.HYVVC+209.01STPQSQYYLAEK.,.HYVVCSTPQSQYYLAEK.,sp|Q06187|BTK_HUMAN,3,2282.0,0.0,False
1796,46,0,0.03225852469894053,0.007107803588175346,0.0008857847286942044,0.1385295801739095,BMS-690514,none,0.0,non-responsive,.H+27.987SNLVQLLGVIVEEK.,.HSNLVQLLGVIVEEK.,sp|P41240|CSK_HUMAN,2,1705.9,0.0,False
1797,46,0,0.020970680362022782,0.004423956773406572,0.005235656886868604,0.2150399287695821,Alectinib,none,0.0,non-responsive,.E+60.023KLKEEENTVGR.,.EKLKEEENTVGR.,sp|Q9H479|FN3K_HUMAN,3,1491.7,0.0,False
1798,46,0,0.030849904971231676,0.0034274610646343336,0.006775338832503776,0.22782522851644013,AZD-7762,none,0.0,non-responsive,.E+50.038ASSTQDTGKLPVK.,.EASSTQDTGKLPVK.,sp|P41240|CSK_HUMAN,2,1510.8,0.00784719,False
1799,46,0,0.01751887313687348,0.002525045584263165,0.015849832128656347,0.2956713642135057,BMS-690514,none,0.0,non-responsive,.DLQN-17.026VNITLR.,.DLQNVNITLR.,sp|P35232|PHB_HUMAN,2,1168.6,0.00590048,False
1800,46,0,0.02057113469060287,0.005561458205191247,0.011072431019483176,0.2643289483285621,Alisertib,none,0.0,non-responsive,.D+50.017NIQGITKPAIR.,.DNIQGITKPAIR.,sp|P62805|H4_HUMAN,2,1375.8,0.0,False
1801,46,0,0.025912013786611628,0.004831373610365622,0.0006868887430189334,0.12556024548275993,BMS-754807,none,0.0,non-responsive,.V+15.993C+57.021FYSNSFNPGK.,.VCFYSNSFNPGK.,sp|Q14289|FAK2_HUMAN,2,1492.6,0.00396383,False
1802,46,0,0.018567037421041013,0.0036468249120071355,0.0026589034113515516,0.19094677198099427,Barasertib_HQPA,none,0.0,non-responsive,.TSEVYVW+3.986GGGK.,.TSEVYVWGGGK.,sp|Q8TD19|NEK9_HUMAN,2,1186.5,0.00693402,False
1803,46,0,0.03426509010442209,0.005204478062689369,0.010447775065829428,0.2617143469325767,BMS-754807,none,0.0,non-responsive,.LISW+47.974YDNEFGYSNR.,.LISWYDNEFGYSNR.,sp|P04406|G3P_HUMAN,2,1811.8,0.00397471,False
1804,46,0,0.03533640938540335,0.005347435045745641,0.0035740269171071017,0.20345869073478476,Abemaciclib,none,0.0,non-responsive,.F+42.071TDDYQLFEELGK.,.FTDDYQLFEELGK.,sp|Q13555|KCC2G_HUMAN,2,1646.8,0.0078562,False
1805,46,0,0.01408781143841782,0.003960368193791106,0.004004952539174726,0.2045770662850812,ASP-3026,none,0.0,non-responsive,.ELQIC+73.013PATAGSGPAATQDFSK.,.ELQICPATAGSGPAATQDFSK.,sp|P00519|ABL1_HUMAN,2,2222.0,0.0,False
1806,46,0,0.025837799377236993,0.004194767505378045,0.0008960930196528822,0.1385295801739095,AT-9283,none,0.0,non-responsive,.DKR+50.009PLSGPDVGTPQPAGLASGAK.,.DKRPLSGPDVGTPQPAGLASGAK.,sp|O96013|PAK4_HUMAN,3,2269.2,0.0,False
1807,46,0,0.04012177818303431,0.0063881928285160205,6.788933677658883e-05,0.06650735231147029,BMS-754807,none,0.0,non-responsive,.AQL-1.03STILEEEKAQQEER.,.AQLSTILEEEKAQQEER.,sp|Q05397|FAK1_HUMAN,2,2001.0,0.0,False
1808,46,0,0.04948712722899781,0.0049509254611692245,0.0013622219952193469,0.1523285785712029,Barasertib,none,0.0,non-responsive,.AGAYDFPSP+4.019EWDTVTPEAK.,.AGAYDFPSPEWDTVTPEAK.,sp|Q13557|KCC2D_HUMAN,2,2085.0,0.00699249,False
1809,46,0,0.02619338101599717,0.0075879519305816975,0.00707838565224322,0.2306985162313932,AZD-6482,none,0.0,non-responsive,.+42.011C+57.021DSSPDSAEDVRK.,.CDSSPDSAEDVRK.,sp|P02765|FETUA_HUMAN,2,1564.6,0.0,False
1810,46,0,0.027511589223200357,0.005140761988179687,0.004641729527910803,0.20935167678346378,BMS-387032,none,0.0,non-responsive,.YTQLQYIGEGAYG+29.952MVSSAYDHVR.,.YTQLQYIGEGAYGMVSSAYDHVR.,sp|P27361|MK03_HUMAN,3,2638.1,0.0,False
1811,46,0,0.014600963927839165,0.00485139868248012,0.00024429966072004445,0.08346657353579164,ARRY-380,none,0.0,non-responsive,.VLAPQISFAP+52.916EIASEEER.,.VLAPQISFAPEIASEEER.,sp|P16083|NQO2_HUMAN,4,2038.9,0.0,False
1812,46,0,0.03506537336714959,0.006854329970837718,0.015053642954788747,0.28993228975530966,AMG-208,none,0.0,non-responsive,.TAT-18.013PQQAQEVHEK.,.TATPQQAQEVHEK.,sp|P60174|TPIS_HUMAN,3,1448.7,0.0,False
1813,46,0,0.012563032565681986,0.003764942762041609,0.0019244773762547406,0.16886405473672586,BI-2536,none,0.0,non-responsive,.STLNPQW+47.987NESFTFK.,.STLNPQWNESFTFK.,sp|P17252|KPCA_HUMAN,2,1746.8,0.00646103,False
1814,46,0,0.07547981465450371,0.009344927415646378,0.0001653168800262097,0.07563961281441405,BMS-754807,none,0.0,non-responsive,.S+50.019KQPLPSAPENNPEEELASK.,.SKQPLPSAPENNPEEELASK.,sp|O14965|AURKA_HUMAN,2,2215.1,0.0,False
1815,46,0,0.018758552811619797,0.004717264805668696,0.0034628121395822277,0.20276756164634047,AT-9283,none,0.0,non-responsive,.QT-18.018LDALNYLHDNK.,.QTLDALNYLHDNK.,sp|Q9H2G2|SLK_HUMAN,3,1526.7,0.0,False
1816,46,0,0.016828758393450598,0.004225964927678479,0.001766822295332893,0.16886405473672586,AV-412,none,0.0,non-responsive,.QL+50.022LAPGNTHGSFLIR.,.QLLAPGNTHGSFLIR.,sp|P06239|LCK_HUMAN,2,1673.9,0.00549833,False
1817,46,0,0.01983121691961178,0.004612546742579676,0.08499353150449712,0.4963465094718842,AZD-2014,none,0.0,non-responsive,.QE+50.014YDESGPSIVHR.,.QEYDESGPSIVHR.,sp|P60709|ACTB_HUMAN,2,1566.7,0.0,False
1818,46,0,0.01266382789249695,0.0036043542977272818,0.019404137883763464,0.3128920847998008,Alectinib,none,0.0,non-responsive,.LLLPW+3.996LEAR.,.LLLPWLEAR.,sp|Q00610|CLH1_HUMAN,2,1114.6,0.0072778,False
1819,46,0,0.010822766564165885,0.003596075805819515,0.009695834531888851,0.2543253547667127,AMG-208_withCAKI,none,0.0,non-responsive,.L+78.016FPDVLFPADSEHNKLK.,.LFPDVLFPADSEHNKLK.,sp|P45983|MK08_HUMAN,4,2048.0,0.0,False
1820,46,0,0.02549618959801242,0.005671941751238711,0.00013185517812588335,0.07290394674065966,ASP-3026,none,0.0,non-responsive,.L+50.02VNGTSQSFIIRPQK.,.LVNGTSQSFIIRPQK.,sp|Q05397|FAK1_HUMAN,2,1738.0,0.0,False
1821,46,0,0.015467264825729363,0.004506023386653651,0.0031813015710668966,0.19897691771579754,Apatinib,none,0.0,non-responsive,.L-1.032GLDSEEDYYTPQKVDVPK.,.LGLDSEEDYYTPQKVDVPK.,sp|Q8TD19|NEK9_HUMAN,2,2195.0,0.0,False
1822,46,0,0.029249021103917694,0.004332874453667187,0.00023549039031553953,0.08291757486725032,AT-7519,none,0.0,non-responsive,.L-1.031TGEVVALKK.,.LTGEVVALKK.,sp|P24941|CDK2_HUMAN,2,1056.6,0.00549833,False
1823,46,0,0.027744278610022287,0.006044407943868893,0.006716039030801744,0.22775812087690717,BI-847325,none,0.0,non-responsive,.KW+30.97ESPAQNTAHLDQFER.,.KWESPAQNTAHLDQFER.,sp|P17612|KAPCA_HUMAN,3,2087.9,0.0,False
1824,46,0,0.01676142870346309,0.003514041685831929,0.002888194198279606,0.1941279100415078,Alvocidib,none,0.0,non-responsive,.K+50.056PLFHGDSEIDQLFR.,.KPLFHGDSEIDQLFR.,sp|P06493|CDK1_HUMAN,3,1852.0,0.0,False
1825,46,0,0.02412124340743414,0.004664480186959612,0.006839298509574657,0.227990863522814,Alectinib,none,0.0,non-responsive,.G+13.985WHTILIVEK.,.GWHTILIVEK.,sp|Q8TD19|NEK9_HUMAN,2,1209.7,0.00407657,False
1826,46,0,0.013476682470118581,0.0037763737214262004,0.0019119038411265024,0.16886405473672586,Amuvatinib,none,0.0,non-responsive,.F+78.016DDKPDYSYLR.,.FDDKPDYSYLR.,sp|P48730|KC1D_HUMAN,3,1496.7,0.0,False
1827,46,0,0.011048634690277228,0.0029531190239885682,0.006471250837134803,0.2277354176717212,BMS-777607,none,0.0,non-responsive,.AIAELGIYP+52.913AVDPLDSTSR.,.AIAELGIYPAVDPLDSTSR.,sp|P06576|ATPB_HUMAN,3,2040.9,0.0,False
1828,46,0,0.06334510770001628,0.008026588516456969,0.00028309788429795794,0.08703180266041,BMS-387032,none,0.0,non-responsive,.VVTLW+47.984YRPPELLLGER.,.VVTLWYRPPELLLGER.,sp|P50750|CDK9_HUMAN,3,1989.1,0.00545014,False
1829,46,0,0.01533726407276454,0.004332888403700531,0.01089343220742418,0.2640348153647719,AZD-4547,none,0.0,non-responsive,.TQHLSNDHIC+77.961YFLYQILR.,.TQHLSNDHICYFLYQILR.,sp|P28482|MK01_HUMAN,3,2399.1,0.0,False
1830,46,0,0.01533726407276454,0.004332888403700531,0.01089343220742418,0.2640348153647719,AZD-4547,none,0.0,non-responsive,.T+27.99QHLSNDHIC+57.021YFLYQILR.,.TQHLSNDHICYFLYQILR.,sp|P28482|MK01_HUMAN,3,2406.1,0.0,False
1831,46,0,0.011631262206913339,0.0030604851816721027,0.005445340848813416,0.21743551782603704,AZD-1208,none,0.0,non-responsive,.QL-18.042EDELQDLAAKK.,.QLEDELQDLAAKK.,sp|Q9Y5S2|MRCKB_HUMAN,3,1482.7,0.00726189,False
1832,46,0,0.022978929564904414,0.006362963460757433,0.004144077530957863,0.20522078595871698,AT-9283,none,0.0,non-responsive,.LV-1.032EAEVHR.,.LVEAEVHR.,sp|P54619|AAKG1_HUMAN,2,951.5,0.0,False
1833,46,0,0.02361364768220674,0.006579113835542671,0.00163240473928516,0.1643262128946452,Barasertib_HQPA,none,0.0,non-responsive,.LSEEAEC+57.021PNPST+79.965PSK.,.LSEEAECPNPSTPSK.,sp|O94804|STK10_HUMAN,2,1782.7,0.00150983,False
1834,46,0,0.02885565217268125,0.0035927701816983832,0.0024138399065143203,0.1879191048345285,BMS-690514,none,0.0,non-responsive,.LLYPPE+37.947TGLFLVR.,.LLYPPETGLFLVR.,sp|P41240|CSK_HUMAN,3,1555.8,0.0,False
1835,46,0,0.02438954890201746,0.005020762541653383,5.28301003818158e-05,0.06650735231147029,BI-847325,none,0.0,non-responsive,.KV+50.017EAPFIPK.,.KVEAPFIPK.,sp|P17612|KAPCA_HUMAN,2,1078.6,0.00484516,False
1836,46,0,0.02681062145828168,0.0038383516248798543,0.003654575505666183,0.2045770662850812,BMS-690514,none,0.0,non-responsive,.IVQA+48.913EGEAEAAK.,.IVQAEGEAEAAK.,sp|Q99623|PHB2_HUMAN,2,1264.5,0.00803823,False
1837,46,0,0.0191233028415707,0.004549131781330793,5.056292640935206e-05,0.06650735231147029,Barasertib_HQPA,none,0.0,non-responsive,.HVFYSTIDW+31.984NK.,.HVFYSTIDWNK.,sp|Q15418|KS6A1_HUMAN,2,1441.7,0.0,False
1838,46,1,0.053943231113951835,0.010194390059831322,3.1865097383723424e-06,0.028735679278163586,Alvocidib,decreasing,0.010194390059831322,drug-specific responsive (decreasing),.G+102.034SQITQQSTNQSR.,.GSQITQQSTNQSR.,sp|P50750|CDK9_HUMAN,2,1536.7,0.00278723,False
1839,46,0,0.021328995435838792,0.003902366189885716,0.00020504347690740297,0.07868361650189579,AV-412,none,0.0,non-responsive,.FTN-17.019SETAEHIAQGLR.,.FTNSETAEHIAQGLR.,sp|Q06187|BTK_HUMAN,3,1656.8,0.0,False
1840,46,0,0.021328995435838792,0.003902366189885716,0.00020504347690740297,0.07868361650189579,AV-412,none,0.0,non-responsive,.F+70.007TNSETAEHIAQGLR.,.FTNSETAEHIAQGLR.,sp|Q06187|BTK_HUMAN,2,1743.8,0.0,False
1841,46,0,0.03263333233747977,0.004730392677755008,0.0047516760257920445,0.21039387116656552,AZD-1480,none,0.0,non-responsive,.E+50.014SVFTVEGGHR.,.ESVFTVEGGHR.,sp|Q99623|PHB2_HUMAN,2,1267.6,0.00484516,False
1842,46,0,0.051834536859361326,0.0073255807933395095,0.0001295091432552999,0.07290394674065966,AT-7519,none,0.0,non-responsive,.D+50.021IKPQNLLVDPDTAVLK.,.DIKPQNLLVDPDTAVLK.,sp|P49840|GSK3A_HUMAN,2,1929.1,0.0,False
1843,46,0,0.013146024646991735,0.0025680287865172784,0.005714170342376872,0.22157730728684213,BMS-777607,none,0.0,non-responsive,.-17.027QAQIEVVPSASALIIK.,.QAQIEVVPSASALIIK.,sp|P30050|RL12_HUMAN,2,1649.9,0.0,False
1844,46,0,0.02103644728296524,0.004178783354979496,0.001057297284197376,0.1420123349691711,AZD-1208,none,0.0,non-responsive,.YVLDDEY+183.027TSSVGSK.,.YVLDDEYTSSVGSK.,sp|Q06187|BTK_HUMAN,3,1745.7,0.0,False
1845,46,0,0.009788115411983217,0.002766520918567018,0.008612841938501746,0.2467669288787309,AZD-1480,none,0.0,non-responsive,.VADPDHDHTGFLTEY+15.979VATR.,.VADPDHDHTGFLTEYVATR.,sp|P28482|MK01_HUMAN,3,2160.0,0.0,False
1846,46,0,0.009119802719071653,0.0038481804648825375,0.0034818448148078002,0.20276756164634047,Barasertib_HQPA,none,0.0,non-responsive,.PIFGSLHHVPDLSC+47.979R.,.PIFGSLHHVPDLSCR.,sp|Q8TD19|NEK9_HUMAN,3,1782.8,0.0,False
1847,46,0,0.014929881781778682,0.0044173456197031365,0.003359249210003151,0.20139676080913627,Axitinib,none,0.0,non-responsive,.NGQGW+31.984VPSNYITPVNSLEK.,.NGQGWVPSNYITPVNSLEK.,sp|P00519|ABL1_HUMAN,2,2135.0,0.0,False
1848,46,0,0.0249889571094291,0.005924900145564556,2.2870429406843978e-05,0.06036398825028345,AZD-4547,none,0.0,non-responsive,.LIDW+31.997GLAEFYHPGQEYNVR.,.LIDWGLAEFYHPGQEYNVR.,sp|P68400|CSK21_HUMAN,3,2339.1,0.00323489,False
1849,46,0,0.0120450049887533,0.0044382012540592755,0.026221322502808453,0.3454937799392934,BMS-911543,none,0.0,non-responsive,.GDVLTIVAVTKDPNW+47.985YK.,.GDVLTIVAVTKDPNWYK.,sp|P41240|CSK_HUMAN,2,1967.0,0.0,False
1850,46,0,0.019074456136630287,0.005099419298414073,0.0033085849297532113,0.20101827682360715,AT-9283,none,0.0,non-responsive,.G+50.02LSEDTTEETLKESFDGSVR.,.GLSEDTTEETLKESFDGSVR.,sp|P19338|NUCL_HUMAN,2,2250.0,0.0,False
1851,46,0,0.019609420685587745,0.005096393156650094,0.0007880860274063637,0.13325426477465568,AT-9283,none,0.0,non-responsive,.C+47.985YLHETLETIINR.,.CYLHETLETIINR.,sp|P54619|AAKG1_HUMAN,2,1709.8,0.0,False
1852,46,0,0.026132177698926656,0.004474204171963727,0.00038607357692546044,0.10165195164717446,ASP-3026,none,0.0,non-responsive,.Y-18.009TVSVFAK.,.YTVSVFAK.,sp|Q06187|BTK_HUMAN,2,896.5,0.00824219,False
1853,46,0,0.06334510770001628,0.008026588516456969,0.00028309788429795794,0.08703180266041,BMS-387032,none,0.0,non-responsive,.VVTLW+29.972YRPPELLLGER.,.VVTLWYRPPELLLGER.,sp|P50750|CDK9_HUMAN,3,1971.1,0.0,False
1854,46,0,0.023394111540196796,0.004463872807100804,0.0027685123664401173,0.19271615938223435,AT-9283,none,0.0,non-responsive,.V+50.019LSIQSHVIR.,.VLSIQSHVIR.,sp|O00764|PDXK_HUMAN,2,1201.7,0.00484516,False
1855,46,0,0.01533726407276454,0.004332888403700531,0.01089343220742418,0.2640348153647719,AZD-4547,none,0.0,non-responsive,.TQHLSNDHIC+56.016YFLYQILR.,.TQHLSNDHICYFLYQILR.,sp|P28482|MK01_HUMAN,3,2377.1,0.0,False
1856,46,0,0.02261160439715499,0.004886274151843652,0.0006780843679067213,0.12543401687696726,ASP-3026,none,0.0,non-responsive,.S-17.024QAEQLLKQEGK.,.SQAEQLLKQEGK.,sp|Q06187|BTK_HUMAN,3,1341.7,0.00329239,False
1857,46,0,0.01134204264477667,0.0035010489368989457,0.014484653320755993,0.28452654912064074,Apitolisib,none,0.0,non-responsive,.S+13.975YELPDGQVITIGNER.,.SYELPDGQVITIGNER.,sp|P60709|ACTB_HUMAN,2,1804.8,0.00628262,False
1858,46,0,0.01983121691961178,0.004612546742579676,0.08499353150449712,0.4963465094718842,AZD-2014,none,0.0,non-responsive,.QE+13.977YDESGPSIVHR.,.QEYDESGPSIVHR.,sp|P60709|ACTB_HUMAN,3,1530.7,0.0,False
1859,46,0,0.0460682362746649,0.008376785625267998,0.0005218178180281433,0.11477340483316165,BMS-777607_withCAKI,none,0.0,non-responsive,.Q-18.024QQELDGSLKK.,.QQQELDGSLKK.,sp|Q9H2G2|SLK_HUMAN,2,1255.6,0.0,False
1860,46,0,0.00887530605750063,0.0028096490901186647,0.011001001858392173,0.26430336894089584,Alisertib,none,0.0,non-responsive,.LTL-18.014SALVDGK.,.LTLSALVDGK.,sp|P45880|VDAC2_HUMAN,2,998.6,0.00328028,False
1861,46,0,0.016505133922527445,0.004080931597887849,0.0028245231351705443,0.19271615938223435,AT-9283,none,0.0,non-responsive,.LIEDNEY+13.975TAR.,.LIEDNEYTAR.,sp|P06239|LCK_HUMAN,2,1237.5,0.0,False
1862,46,0,0.026127482441092136,0.00392287578799688,0.005134233166446741,0.21426958816314465,Barasertib,none,0.0,non-responsive,.L+26.02GLDSEEDYYTPQK.,.LGLDSEEDYYTPQK.,sp|Q8TD19|NEK9_HUMAN,2,1683.8,0.00494537,False
1863,46,0,0.00805774783040367,0.0029458879187530514,0.0014884637976417812,0.15838162228299443,AT-9283,none,0.0,non-responsive,.I+27.982HFPLATYAPVISAEK.,.IHFPLATYAPVISAEK.,sp|P68363|TBA1B_HUMAN,2,1784.9,0.0,False
1864,46,0,0.02162138376619032,0.005633265808657424,0.000308831605799542,0.08703180266041,Afatinib,none,0.0,non-responsive,.H+12ENVIGLLDVFTPAR.,.HENVIGLLDVFTPAR.,sp|Q16539|MK14_HUMAN,2,1692.9,0.0,False
1865,46,0,0.058218665274108496,0.011021864306526371,0.00014619189985420823,0.07290394674065966,AZD-7762,none,0.0,non-responsive,.GD-18.017TGGEDTAAPGR.,.GDTGGEDTAAPGR.,sp|Q9H773|DCTP1_HUMAN,2,1185.5,0.0,False
1866,46,0,0.02074170655128613,0.004741502025293997,0.009689442073581956,0.2543253547667127,AZD-7762,none,0.0,non-responsive,.GAQGEPHDVAP-17.015NGPSAGGLAIPQSSSSSSRPPTR.,.GAQGEPHDVAPNGPSAGGLAIPQSSSSSSRPPTR.,sp|O96013|PAK4_HUMAN,4,3252.6,0.0,False
1867,46,0,0.012465649004556588,0.003572103377208725,0.0005622957334208555,0.11656864519566643,Barasertib_HQPA,none,0.0,non-responsive,.FTLSGGNW+47.986NTVSETAK.,.FTLSGGNWNTVSETAK.,sp|Q15418|KS6A1_HUMAN,2,1759.8,0.00396383,False
1868,46,0,0.009803422496416173,0.0034447827871858586,0.01684173946585537,0.2989329431212177,AT-13148,none,0.0,non-responsive,.F+15.988SVC+57.021VLGDQQHC+57.021DEAK.,.FSVCVLGDQQHCDEAK.,sp|P62906|RL10A_HUMAN,3,2022.8,0.00484128,False
1869,46,0,0.03729801195442356,0.006726699947958238,0.0033417906945032508,0.20101827682360715,Baricitinib,none,0.0,non-responsive,.ES+11.999TESSNTTIEDEDVKAR.,.ESTESSNTTIEDEDVKAR.,sp|Q13557|KCC2D_HUMAN,2,2022.9,0.0,False
1870,46,0,0.030849904971231676,0.0034274610646343336,0.006775338832503776,0.22782522851644013,AZD-7762,none,0.0,non-responsive,.E+70ASSTQDTGKLPVK.,.EASSTQDTGKLPVK.,sp|P41240|CSK_HUMAN,2,1530.7,0.0,False
1871,46,0,0.027686394701955306,0.003117483497570492,0.00436286037838382,0.2065993973052694,AZD-7762,none,0.0,non-responsive,.E+26.017GIIPANYVQK.,.EGIIPANYVQK.,sp|P41240|CSK_HUMAN,2,1257.7,0.0084823,False
1872,46,0,0.03263333233747977,0.004730392677755008,0.0047516760257920445,0.21039387116656552,AZD-1480,none,0.0,non-responsive,.E+23.992SVFTVEGGHR.,.ESVFTVEGGHR.,sp|Q99623|PHB2_HUMAN,2,1241.6,0.0077822,False
1873,46,0,0.025592778032680195,0.00526949006191692,7.74154636981756e-05,0.06650735231147029,Barasertib_HQPA,none,0.0,non-responsive,.YRPPPQT-17.026NLLAPK.,.YRPPPQTNLLAPK.,sp|Q14289|FAK2_HUMAN,3,1477.8,0.0,False
1874,46,0,0.013745624516458442,0.004143352898794821,0.003949216102164639,0.2045770662850812,AZD-1480,none,0.0,non-responsive,.W+50.013TTSQLLQHPFVTVDSNKPIR.,.WTTSQLLQHPFVTVDSNKPIR.,sp|Q9H2G2|SLK_HUMAN,3,2517.3,0.0,False
1875,46,0,0.03911117827258483,0.004635896112707409,0.011285141556977987,0.26494439794648283,Alisertib,none,0.0,non-responsive,.W+31.987TAPEAALYGR.,.WTAPEAALYGR.,sp|P12931|SRC_HUMAN,2,1266.6,0.0031359,False
1876,46,0,0.0587791477574126,0.0053954663266977945,0.02370789959068797,0.3325021286180798,BMS-387032,none,0.0,non-responsive,.W-13.034QNVHFHR.,.WQNVHFHR.,sp|Q13557|KCC2D_HUMAN,2,1110.5,0.0,False
1877,46,0,0.012560304843015888,0.003620460019857617,0.0032528384097069694,0.1994367753577562,BMS-777607,none,0.0,non-responsive,.TQNI-17.025LLDNEFHVK.,.TQNILLDNEFHVK.,sp|O43353|RIPK2_HUMAN,3,1553.8,0.00329239,False
1878,46,0,0.012464323824706717,0.003648939982040991,0.004087152119298202,0.20466967449785048,Alectinib,none,0.0,non-responsive,.QL-18.011VQEELRK.,.QLVQEELRK.,sp|Q9Y5S2|MRCKB_HUMAN,3,1124.6,0.0,False
1879,46,0,0.01647262458098031,0.004216184400892277,0.005377492262908512,0.21705532459181073,AT-13148,none,0.0,non-responsive,.QK-1.028IVQAEGEAEAAK.,.QKIVQAEGEAEAAK.,sp|Q99623|PHB2_HUMAN,2,1470.7,0.0,False
1880,46,0,0.02349468721335879,0.00417674547729938,0.0005681175207323433,0.11687991921302383,Barasertib_HQPA,none,0.0,non-responsive,.QI-18.013QQLESNNR.,.QIQQLESNNR.,sp|O75116|ROCK2_HUMAN,2,1211.6,0.00978972,False
1881,46,0,0.014929881781778682,0.0044173456197031365,0.003359249210003151,0.20139676080913627,Axitinib,none,0.0,non-responsive,.NGQGW+15.982VPSNYITPVNSLEK.,.NGQGWVPSNYITPVNSLEK.,sp|P00519|ABL1_HUMAN,2,2119.0,0.00199943,False
1882,46,0,0.029093903594799072,0.006223916577860487,0.0016875990052640174,0.1670592573950274,AZD-4547,none,0.0,non-responsive,.LTDDH+52.914VQFLIYQILR.,.LTDDHVQFLIYQILR.,sp|Q16539|MK14_HUMAN,3,1926.9,0.0,False
1883,46,0,0.046074654678061384,0.006405303095231309,0.0010377451828163678,0.1420123349691711,AT-7519,none,0.0,non-responsive,.LSPLEAC+88.989AHSFFDELR.,.LSPLEACAHSFFDELR.,sp|P49840|GSK3A_HUMAN,3,1980.9,0.0,False
1884,46,0,0.016505133922527445,0.004080931597887849,0.0028245231351705443,0.19271615938223435,AT-9283,none,0.0,non-responsive,.LIEDNEY+77.979TAR.,.LIEDNEYTAR.,sp|P06239|LCK_HUMAN,2,1301.6,0.00733551,False
1885,46,0,0.027744278610022287,0.006044407943868893,0.006716039030801744,0.22775812087690717,BI-847325,none,0.0,non-responsive,.KW+15.985ESPAQNTAHLDQFER.,.KWESPAQNTAHLDQFER.,sp|P17612|KAPCA_HUMAN,3,2073.0,0.0,False
1886,46,0,0.020436164120828503,0.003708203413035825,0.0052623790328575,0.2150399287695821,AMG-900,none,0.0,non-responsive,.DLKPSNLAVNEDC+47.98ELK.,.DLKPSNLAVNEDCELK.,sp|Q16539|MK14_HUMAN,2,1892.9,0.0,False
1887,46,0,0.011631262206913339,0.0030604851816721027,0.005445340848813416,0.21743551782603704,AZD-1208,none,0.0,non-responsive,.-17.027QLEDELQDLAAKK.,.QLEDELQDLAAKK.,sp|Q9Y5S2|MRCKB_HUMAN,2,1483.7,0.0,False
1888,46,0,0.009811149840363194,0.003512697056275572,0.0010099535186450562,0.1420123349691711,Alvocidib,none,0.0,non-responsive,.-17.027QKVPDVLFTTIDLPTDATVIGK.,.QKVPDVLFTTIDLPTDATVIGK.,sp|Q86YS7|C2CD5_HUMAN,2,2354.3,0.0,False
1889,46,0,0.012710985122451732,0.0038941856079984616,0.003274411870872566,0.1997984626431936,Alisertib,none,0.0,non-responsive,.TIQFVDWC+73.007PTGFK.,.TIQFVDWCPTGFK.,sp|Q9BQE3|TBA1C_HUMAN,2,1671.8,0.00849002,False
1890,46,0,0.0469011199929199,0.006565734851260515,0.010499665459578653,0.2618624793059009,Baricitinib,none,0.0,non-responsive,.S+61.97PPILPPHLLQVILNK.,.SPPILPPHLLQVILNK.,sp|O43741|AAKB2_HUMAN,3,1841.0,0.00443891,False
1891,46,0,0.01983121691961178,0.004612546742579676,0.08499353150449712,0.4963465094718842,AZD-2014,none,0.0,non-responsive,.QE+27.99YDESGPSIVHR.,.QEYDESGPSIVHR.,sp|P60709|ACTB_HUMAN,2,1544.7,0.0,False
1892,46,0,0.022020879645692458,0.0035450554024268194,0.010245276521903868,0.25897981752343546,Alisertib,none,0.0,non-responsive,.N+69.995HQDPLAVAYHLIIDNRR.,.NHQDPLAVAYHLIIDNRR.,sp|Q13131|AAPK1_HUMAN,4,2215.1,0.0,False
1893,46,0,0.029093903594799072,0.006223916577860487,0.0016875990052640174,0.1670592573950274,AZD-4547,none,0.0,non-responsive,.LTDD-18.039HVQFLIYQILR.,.LTDDHVQFLIYQILR.,sp|Q16539|MK14_HUMAN,3,1856.0,0.0,False
1894,46,0,0.016505133922527445,0.004080931597887849,0.0028245231351705443,0.19271615938223435,AT-9283,none,0.0,non-responsive,.LIEDNEY+183.033TAR.,.LIEDNEYTAR.,sp|P06239|LCK_HUMAN,3,1406.6,0.0,False
1895,46,0,0.01822436717523032,0.004203494636719105,0.004867090212866333,0.21055423250528593,Barasertib_HQPA,none,0.0,non-responsive,.LGS-18.018GPDGAEEIKR.,.LGSGPDGAEEIKR.,sp|Q15418|KS6A1_HUMAN,3,1310.6,0.0,False
1896,46,0,0.043087296295840405,0.00382849785781116,0.012478576578567569,0.2735201872492788,AMG-900,none,0.0,non-responsive,.L+58.006KELIFEETAR.,.LKELIFEETAR.,sp|P28482|MK01_HUMAN,2,1406.7,0.0,False
1897,46,0,0.02023801692120724,0.004623092467399574,7.923602402215854e-05,0.06650735231147029,AMG-208,none,0.0,non-responsive,.L+50.02HAEFAAERDWEQFHQPR.,.LHAEFAAERDWEQFHQPR.,sp|Q9H773|DCTP1_HUMAN,4,2317.1,0.0,False
1898,46,0,0.0073068872197063536,0.0023115952767791196,0.01360264531842883,0.28036558104060855,AZD-2014,none,0.0,non-responsive,.L+3.832LLGAGAVAYGVR.,.LLLGAGAVAYGVR.,sp|Q99623|PHB2_HUMAN,2,1263.6,0.00960027,False
1899,46,0,0.025845032034031223,0.0035830912556959545,0.00023605076601562205,0.08291757486725032,Abemaciclib,none,0.0,non-responsive,.L-1.032KELIFQETAR.,.LKELIFQETAR.,sp|P27361|MK03_HUMAN,2,1346.7,0.0,False
1900,46,0,0.02549618959801242,0.005671941751238711,0.00013185517812588335,0.07290394674065966,ASP-3026,none,0.0,non-responsive,.L-1.026VNGTSQSFIIRPQK.,.LVNGTSQSFIIRPQK.,sp|Q05397|FAK1_HUMAN,2,1686.9,0.0,False
1901,46,0,0.02681062145828168,0.0038383516248798543,0.003654575505666183,0.2045770662850812,BMS-690514,none,0.0,non-responsive,.IVQA+23.951EGEAEAAK.,.IVQAEGEAEAAK.,sp|Q99623|PHB2_HUMAN,2,1239.6,0.00761872,False
1902,46,0,0.01130211509049889,0.0033723355557031248,0.0011870605341114794,0.1446991877256131,BI-2536,none,0.0,non-responsive,.IPDW+31.989FLNR.,.IPDWFLNR.,sp|P62269|RS18_HUMAN,2,1092.5,0.00243265,False
1903,46,0,0.00805774783040367,0.0029458879187530514,0.0014884637976417812,0.15838162228299443,AT-9283,none,0.0,non-responsive,.I+70.005HFPLATYAPVISAEK.,.IHFPLATYAPVISAEK.,sp|P68363|TBA1B_HUMAN,2,1827.0,0.0,False
1904,46,0,0.01169192299322783,0.0032600461718999625,0.004057226203569672,0.2045770662850812,AT-9283,none,0.0,non-responsive,.I+23.997GGVQQDTILAEGLHFR.,.IGGVQQDTILAEGLHFR.,sp|Q99623|PHB2_HUMAN,3,1878.0,0.0,False
1905,46,0,0.014419645792169875,0.0038142340802952207,0.0003052277559016619,0.08703180266041,Alisertib,none,0.0,non-responsive,.G+27.993SLLDFLKGETGK.,.GSLLDFLKGETGK.,sp|P12931|SRC_HUMAN,2,1392.7,0.0,False
1906,46,0,0.015653887749383713,0.004598458386536464,7.76633925046603e-05,0.06650735231147029,Alisertib,none,0.0,non-responsive,.E+23.995HALLAYTLGVK.,.EHALLAYTLGVK.,sp|P68104|EF1A1_HUMAN,2,1338.7,0.0,False
1907,46,0,0.06796883769183303,0.010928635061436617,0.005028588413050579,0.21297047303163205,AT-13148,none,0.0,non-responsive,.APEIM-48.002LNSK.,.APEIMLNSK.,sp|P28482|MK01_HUMAN,2,954.5,0.0,False
1908,46,0,0.029782030518196657,0.004934157008342659,0.006377331646331112,0.226079240353958,AZD-1480,none,0.0,non-responsive,.A+50.014TATQLLQHPFVR.,.ATATQLLQHPFVR.,sp|Q13043|STK4_HUMAN,2,1531.8,0.0,False
1909,46,0,0.05137778758765079,0.005308832748171182,0.00010162239785912493,0.06960169483750128,AT-9283,none,0.0,non-responsive,.VTTVVATPGQGPDRPQEVSY+13.979TDTK.,.VTTVVATPGQGPDRPQEVSYTDTK.,sp|P49841|GSK3B_HUMAN,3,2560.2,0.00557219,False
1910,46,0,0.021346458152890394,0.005203342833689875,0.004835629235856265,0.21055423250528593,BMS-690514,none,0.0,non-responsive,.VIEDNEY+13.974TAR.,.VIEDNEYTAR.,sp|P07948|LYN_HUMAN,2,1223.5,0.00805731,False
1911,46,0,0.0114816916391379,0.002894650278319928,0.02816941328865007,0.35503762625567986,Alectinib,none,0.0,non-responsive,.V+49.987KLLLQVQHASK.,.VKLLLQVQHASK.,sp|P05141|ADT2_HUMAN,3,1413.8,0.0,False
1912,46,0,0.026882884108594005,0.003823084907864188,0.00010371888956375896,0.06973484770845513,Baricitinib,none,0.0,non-responsive,.TQFNSLQQLVAYY+13.987SK.,.TQFNSLQQLVAYYSK.,sp|P12931|SRC_HUMAN,2,1803.9,0.00549833,False
1913,46,0,0.008239104701133362,0.002310773661217484,0.03405556321770602,0.38048948015375206,BI-2536,none,0.0,non-responsive,.TIGGGDDS+37.95FNTFFSETGAGK.,.TIGGGDDSFNTFFSETGAGK.,sp|P68363|TBA1B_HUMAN,3,2045.8,0.00968012,False
1914,46,0,0.026419382450086716,0.004775601297643522,0.0009786102795784988,0.1420123349691711,ASP-3026,none,0.0,non-responsive,.QATV+47.978SWDSGGSDEAPPKPSRPGYPSPR.,.QATVSWDSGGSDEAPPKPSRPGYPSPR.,sp|Q05397|FAK1_HUMAN,4,2874.3,0.0,False
1915,46,0,0.019128549623708635,0.004432020837148369,0.003095698149280199,0.19777647533638948,BMS-754807,none,0.0,non-responsive,.NV+50.008ENEVSTLKDQLEDLKK.,.NVENEVSTLKDQLEDLKK.,sp|Q13464|ROCK1_HUMAN,3,2152.1,0.0,False
1916,46,0,0.03623362519617212,0.006282047864265376,0.004918621921303807,0.21105022649242328,Barasertib_HQPA,none,0.0,non-responsive,.LAQQNAVTSLSEEC+209.015KR.,.LAQQNAVTSLSEECKR.,sp|Q14289|FAK2_HUMAN,3,2042.9,0.0,False
1917,46,0,0.020426695637754823,0.004052576525645503,0.01086472484653649,0.2640348153647719,AZD-5363,none,0.0,non-responsive,.IVEPYIAW+29.974GYPNLK.,.IVEPYIAWGYPNLK.,sp|P18124|RL7_HUMAN,2,1692.8,0.00682848,False
1918,46,0,0.021336041664052646,0.003114359666559237,0.003778086493177798,0.2045770662850812,AZD-8055,none,0.0,non-responsive,.ISPFEHQTY+77.973C+57.021QR.,.ISPFEHQTYCQR.,sp|P28482|MK01_HUMAN,3,1700.7,0.0,False
1919,46,0,0.03898309317157885,0.004427842977948155,0.00025300403498240324,0.08346657353579164,AT-9283,none,0.0,non-responsive,.IGEGSTGIVC-33.982IATVR.,.IGEGSTGIVCIATVR.,sp|O96013|PAK4_HUMAN,2,1498.8,0.0,False
1920,46,0,0.015266768648283262,0.004020523953942061,0.0018875502408056209,0.16886405473672586,Apitolisib,none,0.0,non-responsive,.HC+57.021DSINSDFGSESGGC-34.989GDSSPGPSASQGPR.,.HCDSINSDFGSESGGCGDSSPGPSASQGPR.,sp|Q8TD19|NEK9_HUMAN,3,3031.2,0.0,False
1921,46,0,0.02012598811337369,0.005066162780225258,0.0011984830010180743,0.1446991877256131,AV-412,none,0.0,non-responsive,.H+50.016YVVC+57.021STPQSQYYLAEK.,.HYVVCSTPQSQYYLAEK.,sp|Q06187|BTK_HUMAN,2,2180.0,0.0,False
1922,46,1,0.026388073746711593,0.005545440220642199,2.139297068465005e-06,0.025722670251548944,AV-412,decreasing,0.005545440220642199,drug-specific responsive (decreasing),.H+27.996LFSTIPELINYHQHNSAGLISR.,.HLFSTIPELINYHQHNSAGLISR.,sp|Q06187|BTK_HUMAN,4,2675.4,0.0,False
1923,46,0,0.011758853885227488,0.002926271375231217,0.009690910890956961,0.2543253547667127,BI-847325,none,0.0,non-responsive,.H+12.002ENIIGINDIIR.,.HENIIGINDIIR.,sp|P28482|MK01_HUMAN,2,1418.8,0.00205683,False
1924,46,0,0.022357306206376746,0.005624902473443821,0.006864059819408843,0.227990863522814,Afatinib,none,0.0,non-responsive,.GQL-17.048VEFLK.,.GQLVEFLK.,sp|O14976|GAK_HUMAN,2,916.5,0.00461538,False
1925,46,0,0.01209789893677785,0.003459613491832871,0.0032519505871160645,0.1994367753577562,BMS-777607,none,0.0,non-responsive,.FDGALNVD+37.953LTEFQTNLVPYPR.,.FDGALNVDLTEFQTNLVPYPR.,sp|P68363|TBA1B_HUMAN,3,2447.1,0.0,False
1926,46,0,0.026336016312630946,0.005338666895610989,0.002512286508976968,0.18867064869927044,AT-7519,none,0.0,non-responsive,.DSY+31.987VGDEAQSK.,.DSYVGDEAQSK.,sp|P60709|ACTB_HUMAN,2,1230.5,0.00453491,False
1927,46,0,0.022904542954376064,0.004622793598048472,0.0024947204358657777,0.18867064869927044,AXL-1717,none,0.0,non-responsive,.ANQGDEAC-33.999THC+57.021PINSR.,.ANQGDEACTHCPINSR.,sp|P29323|EPHB2_HUMAN,3,1852.8,0.0,False
1928,46,0,0.01523805087219469,0.003821251063818974,0.005614096809536072,0.22144140372087132,Barasertib_HQPA,none,0.0,non-responsive,.AGAIAPC-33.987EVTVPAQNTGLGPEK.,.AGAIAPCEVTVPAQNTGLGPEK.,sp|P05388|RLA0_HUMAN,2,2146.1,0.00461538,False
1929,46,0,0.01822436717523032,0.004203494636719105,0.004867090212866333,0.21055423250528593,Barasertib_HQPA,none,0.0,non-responsive,.+43.006LGSGPDGAEEIKR.,.LGSGPDGAEEIKR.,sp|Q15418|KS6A1_HUMAN,3,1371.7,0.0,False
1930,46,0,0.03259848921189844,0.004121071280219009,0.0034264402442871445,0.20276292294681048,Baricitinib,none,0.0,non-responsive,.VTEQLIEAINNGDFEAYTK+58.023.,.VTEQLIEAINNGDFEAYTK.,sp|Q13557|KCC2D_HUMAN,2,2213.1,0.0,False
1931,46,0,0.07547981465450371,0.009344927415646378,0.0001653168800262097,0.07563961281441405,BMS-754807,none,0.0,non-responsive,.S+41.012KQPLPSAPENNPEEELASK.,.SKQPLPSAPENNPEEELASK.,sp|O14965|AURKA_HUMAN,3,2206.1,0.0,False
1932,46,0,0.01983121691961178,0.004612546742579676,0.08499353150449712,0.4963465094718842,AZD-2014,none,0.0,non-responsive,.Q-1.038EYDESGPSIVHR.,.QEYDESGPSIVHR.,sp|P60709|ACTB_HUMAN,2,1515.6,0.0,False
1933,46,0,0.019336422747524794,0.004639634286221655,0.0004457793440679369,0.10671232299276767,Barasertib_HQPA,none,0.0,non-responsive,.NKEVYSW+3.989GC+57.021GEYGR.,.NKEVYSWGCGEYGR.,sp|Q8TD19|NEK9_HUMAN,2,1765.7,0.0,False
1934,46,0,0.028513427649352618,0.005154412739238373,2.5780353283791128e-05,0.06265386055594918,AT-9283,none,0.0,non-responsive,.LPVIDPESGNTLY-18.017ILTHKR.,.LPVIDPESGNTLYILTHKR.,sp|P54619|AAKG1_HUMAN,4,2148.2,0.0,False
1935,46,0,0.050235176329270846,0.006505485064867499,0.0057800719343732605,0.22157730728684213,AT-9283,none,0.0,non-responsive,.LC+38.022DSGELVAIKK.,.LCDSGELVAIKK.,sp|P49841|GSK3B_HUMAN,3,1370.7,0.0,False
1936,46,0,0.022978929564904414,0.006362963460757433,0.004144077530957863,0.20522078595871698,AT-9283,none,0.0,non-responsive,.L+50.018VEAEVHR.,.LVEAEVHR.,sp|P54619|AAKG1_HUMAN,2,1002.5,0.00849002,False
1937,46,0,0.015229903321007723,0.004139738041894555,0.007171116549385532,0.23194448281190033,Alvocidib,none,0.0,non-responsive,.II-18.015TGKPSGAISGVQK.,.IITGKPSGAISGVQK.,sp|Q9UHD2|TBK1_HUMAN,3,1437.8,0.0,False
1938,46,0,0.00805774783040367,0.0029458879187530514,0.0014884637976417812,0.15838162228299443,AT-9283,none,0.0,non-responsive,.I+70.004HFPLATYAPVISAEK.,.IHFPLATYAPVISAEK.,sp|P68363|TBA1B_HUMAN,2,1826.9,0.0,False
1939,46,0,0.037234261099464885,0.005690054741774566,0.002001392377418825,0.17095375715193709,AXL-1717,none,0.0,non-responsive,.I+50.022FAPNHVVAK.,.IFAPNHVVAK.,sp|Q02543|RL18A_HUMAN,2,1145.6,0.0,False
1940,46,0,0.03225852469894053,0.007107803588175346,0.0008857847286942044,0.1385295801739095,BMS-690514,none,0.0,non-responsive,.H+53.993SNLVQLLGVIVEEK.,.HSNLVQLLGVIVEEK.,sp|P41240|CSK_HUMAN,2,1731.9,0.00903862,False
1941,46,0,0.025712105704703794,0.0057377790108752965,9.402199826186298e-05,0.06738139431726822,BMS-690514,none,0.0,non-responsive,.H+50.007YTNASDGLC+57.021TR.,.HYTNASDGLCTR.,sp|P06239|LCK_HUMAN,2,1501.6,0.0,False
1942,46,0,0.025712105704703794,0.0057377790108752965,9.402199826186298e-05,0.06738139431726822,BMS-690514,none,0.0,non-responsive,.H+11.997YTNASDGLC+57.021TR.,.HYTNASDGLCTR.,sp|P06239|LCK_HUMAN,2,1463.6,0.0,False
1943,46,0,0.015653887749383713,0.004598458386536464,7.76633925046603e-05,0.06650735231147029,Alisertib,none,0.0,non-responsive,.E+70.009HALLAYTLGVK.,.EHALLAYTLGVK.,sp|P68104|EF1A1_HUMAN,2,1384.7,0.00447587,False
1944,46,0,0.02057113469060287,0.005561458205191247,0.011072431019483176,0.2643289483285621,Alisertib,none,0.0,non-responsive,.D+70.007NIQGITKPAIR.,.DNIQGITKPAIR.,sp|P62805|H4_HUMAN,2,1395.7,0.0,False
1945,46,0,0.021336041664052646,0.003114359666559237,0.003778086493177798,0.2045770662850812,AZD-8055,none,0.0,non-responsive,.+43.006ISPFEHQTYC+57.021QR.,.ISPFEHQTYCQR.,sp|P28482|MK01_HUMAN,2,1665.7,0.0,False
1946,46,0,0.020818114902910002,0.00474825887970235,0.004234259311676628,0.20522078595871698,Bafetinib,none,0.0,non-responsive,.W+4TAPEAINYGTFTIK.,.WTAPEAINYGTFTIK.,sp|P06239|LCK_HUMAN,2,1715.9,0.0,False
1947,46,0,0.020659193298868082,0.004261381659812864,0.0031659130838569763,0.19895428825179018,AT-13148,none,0.0,non-responsive,.VLALSVE+52.912TDYTFPLAEK.,.VLALSVETDYTFPLAEK.,sp|P05388|RLA0_HUMAN,3,1948.9,0.0027236,False
1948,46,0,0.02221224785544678,0.005547280608449856,0.00019283854737156582,0.07868361650189579,AT-9283,none,0.0,non-responsive,.V+50.012EISAPSNFEHR.,.VEISAPSNFEHR.,sp|O96013|PAK4_HUMAN,2,1435.7,0.00484516,False
1949,46,0,0.02811474940126997,0.004490088886881901,0.0001663561229943219,0.07563961281441405,AV-412,none,0.0,non-responsive,.TLDNGGFY+183.029ISPR.,.TLDNGGFYISPR.,sp|P08631|HCK_HUMAN,3,1522.7,0.00544824,False
1950,46,0,0.01134204264477667,0.0035010489368989457,0.014484653320755993,0.28452654912064074,Apitolisib,none,0.0,non-responsive,.S+13.977YELPDGQVITIGNER.,.SYELPDGQVITIGNER.,sp|P60709|ACTB_HUMAN,2,1804.9,0.0,False
1951,46,0,0.014387389201252841,0.0036403991717167423,0.01068254705916502,0.2637489915600143,AZD-5363,none,0.0,non-responsive,.LQPGIAQQW+13.985IQSK.,.LQPGIAQQWIQSK.,sp|O43353|RIPK2_HUMAN,2,1510.8,0.00997682,False
1952,46,0,0.018936997578002338,0.005156645584521449,0.0017268723064227697,0.16886405473672586,AT-9283,none,0.0,non-responsive,.LFQQILSGVDYC+209.019HR.,.LFQQILSGVDYCHR.,sp|Q13131|AAPK1_HUMAN,3,1944.9,0.0,False
1953,46,0,0.041070589641556396,0.0067068333037666695,0.001381173119325992,0.15266971308259678,Apitolisib,none,0.0,non-responsive,.KL+50.014DNGGYYITTR.,.KLDNGGYYITTR.,sp|P07947|YES_HUMAN,2,1450.7,0.00484516,False
1954,46,0,0.01669175294454646,0.0029794185456799493,0.008265774333853986,0.24366133738436643,Alectinib,none,0.0,non-responsive,.I+50.017PLKDVVPR.,.IPLKDVVPR.,sp|P41240|CSK_HUMAN,2,1086.7,0.0,False
1955,46,0,0.00805774783040367,0.0029458879187530514,0.0014884637976417812,0.15838162228299443,AT-9283,none,0.0,non-responsive,.I+26.021HFPLATYAPVISAEK.,.IHFPLATYAPVISAEK.,sp|P68363|TBA1B_HUMAN,2,1783.0,0.00205683,False
1956,46,0,0.02327575648556734,0.005503496262968412,0.0002674663589881852,0.08463120478920018,AV-412,none,0.0,non-responsive,.I-18.998TC+57.021VETVVPEKNPPPER.,.ITCVETVVPEKNPPPER.,sp|Q06187|BTK_HUMAN,2,2003.0,0.0,False
1957,46,0,0.02012598811337369,0.005066162780225258,0.0011984830010180743,0.1446991877256131,AV-412,none,0.0,non-responsive,.HYVVC+47.986STPQSQYYLAEK.,.HYVVCSTPQSQYYLAEK.,sp|Q06187|BTK_HUMAN,2,2120.9,0.00407657,False
1958,46,0,0.02074170655128613,0.004741502025293997,0.009689442073581956,0.2543253547667127,AZD-7762,none,0.0,non-responsive,.G+16.981AQGEPHDVAPNGPSAGGLAIPQSSSSSSRPPTR.,.GAQGEPHDVAPNGPSAGGLAIPQSSSSSSRPPTR.,sp|O96013|PAK4_HUMAN,3,3286.6,0.00349702,False
1959,46,0,0.01209789893677785,0.003459613491832871,0.0032519505871160645,0.1994367753577562,BMS-777607,none,0.0,non-responsive,.FDGALNVDLTEFQTNLVPY+183.042PR.,.FDGALNVDLTEFQTNLVPYPR.,sp|P68363|TBA1B_HUMAN,3,2592.2,0.0,False
1960,46,0,0.021328995435838792,0.003902366189885716,0.00020504347690740297,0.07868361650189579,AV-412,none,0.0,non-responsive,.F+41.007TNSETAEHIAQGLR.,.FTNSETAEHIAQGLR.,sp|Q06187|BTK_HUMAN,3,1714.8,0.0,False
1961,46,1,0.021106659616120224,0.0042954698882434516,8.661833781423021e-06,0.038637569191024346,AT-9283,decreasing,0.0042954698882434516,drug-specific responsive (decreasing),.EVYLSGSFNN+47.98WSK.,.EVYLSGSFNNWSK.,sp|Q9Y478|AAKB1_HUMAN,2,1578.7,0.00407657,False
1962,46,0,0.04727503526182894,0.007924423070852482,0.0027951502265964796,0.19271615938223435,BMS-777607_withCAKI,none,0.0,non-responsive,.EHEW+31.985FKQDLPK.,.EHEWFKQDLPK.,sp|Q13131|AAPK1_HUMAN,2,1488.7,0.0,False
1963,46,0,0.03263333233747977,0.004730392677755008,0.0047516760257920445,0.21039387116656552,AZD-1480,none,0.0,non-responsive,.E-16.028SVFTVEGGHR.,.ESVFTVEGGHR.,sp|Q99623|PHB2_HUMAN,2,1201.5,0.00629127,False
1964,46,0,0.020436164120828503,0.003708203413035825,0.0052623790328575,0.2150399287695821,AMG-900,none,0.0,non-responsive,.DLKPSNLAVNEDC+68.014ELK.,.DLKPSNLAVNEDCELK.,sp|Q16539|MK14_HUMAN,2,1912.9,0.0,False
1965,46,0,0.0172137047315317,0.003242443572206929,0.004004486623211576,0.2045770662850812,Barasertib_HQPA,none,0.0,non-responsive,.ATSFLL+37.944ALEPELEAR.,.ATSFLLALEPELEAR.,sp|P04843|RPN1_HUMAN,3,1697.8,0.00523354,False
1966,46,0,0.012199451914100611,0.0042269072534190065,0.0006232290564602184,0.12129708246412342,Barasertib_HQPA,none,0.0,non-responsive,.W+3.993LNVHYHC+57.021SGAPAAPLQ.,.WLNVHYHCSGAPAAPLQ.,sp|Q13555|KCC2G_HUMAN,2,1981.9,0.0,False
1967,46,0,0.024123782243820273,0.005442833932097225,0.004364731322810851,0.2065993973052694,Baricitinib,none,0.0,non-responsive,.TVEY+183.025LHAQGVVHR.,.TVEYLHAQGVVHR.,sp|P51812|KS6A3_HUMAN,3,1691.8,0.0,False
1968,46,0,0.058207867204420505,0.005606485231919191,0.00020229015490264138,0.07868361650189579,AT-9283,none,0.0,non-responsive,.TSSFA+307.099EPGGGGGGGGGGPGGSASGPGGTGGGK.,.TSSFAEPGGGGGGGGGGPGGSASGPGGTGGGK.,sp|P49840|GSK3A_HUMAN,3,2740.1,0.0,False
1969,46,0,0.01533726407276454,0.004332888403700531,0.01089343220742418,0.2640348153647719,AZD-4547,none,0.0,non-responsive,.TQHLSN-18.003DHIC+57.021YFLYQILR.,.TQHLSNDHICYFLYQILR.,sp|P28482|MK01_HUMAN,3,2360.1,0.00545014,False
1970,46,0,0.02943061437151782,0.005437993827117727,0.0003395974691474875,0.09256811114306135,Alisertib,none,0.0,non-responsive,.S+41.036TFSTLQELVDHYKK.,.STFSTLQELVDHYKK.,sp|P08631|HCK_HUMAN,3,1836.9,0.00636075,False
1971,46,0,0.02207773395120618,0.005264977046759854,0.005989070307161458,0.22157730728684213,AT-9283,none,0.0,non-responsive,.P+26.013MFIVNTNVPR.,.PMFIVNTNVPR.,sp|P14174|MIF_HUMAN,2,1313.7,0.0,False
1972,46,0,0.016551160633319562,0.004442165772887221,0.0025245585114498322,0.18867064869927044,Barasertib_HQPA,none,0.0,non-responsive,.NAPSTAGLGYG+29.977SWEIDPK.,.NAPSTAGLGYGSWEIDPK.,sp|Q06187|BTK_HUMAN,2,1892.9,0.00824219,False
1973,46,0,0.010822180862638517,0.004064900443394503,0.009119302488993153,0.25020562469889635,Alectinib,none,0.0,non-responsive,.LLC+31.989GLLAER.,.LLCGLLAER.,sp|P14174|MIF_HUMAN,2,1076.6,0.00230466,False
1974,46,0,0.011216819185669266,0.004232071636376924,0.013528195385310119,0.2797364283390168,Abemaciclib,none,0.0,non-responsive,.L+78.019IPDSIGKDIEK.,.LIPDSIGKDIEK.,sp|P61247|RS3A_HUMAN,3,1405.7,0.0,False
1975,46,0,0.014673192211190554,0.0034336771794139477,0.03736284948678882,0.3895578338195252,AMG-900,none,0.0,non-responsive,.K-58.091ISPFEHQTYC+57.021QR.,.KISPFEHQTYCQR.,sp|P28482|MK01_HUMAN,2,1692.7,0.0,False
1976,46,0,0.02233154742423339,0.005068127455469614,0.0008910891250097155,0.1385295801739095,Bafetinib,none,0.0,non-responsive,.I-18.016TFPGLHELVR.,.ITFPGLHELVR.,sp|P06239|LCK_HUMAN,3,1263.7,0.0,False
1977,46,1,0.026388073746711593,0.005545440220642199,2.139297068465005e-06,0.025722670251548944,AV-412,decreasing,0.005545440220642199,drug-specific responsive (decreasing),.H+11.996LFSTIPELINYHQHNSAGLISR.,.HLFSTIPELINYHQHNSAGLISR.,sp|Q06187|BTK_HUMAN,4,2659.4,0.0,False
1978,46,0,0.025703103128635253,0.004064170378331948,0.0005424858924426877,0.11633369632647997,AZD-1208,none,0.0,non-responsive,.EIIT-1.012SILLSGR.,.EIITSILLSGR.,sp|Q14289|FAK2_HUMAN,2,1200.7,0.00484516,False
1979,46,0,0.03263333233747977,0.004730392677755008,0.0047516760257920445,0.21039387116656552,AZD-1480,none,0.0,non-responsive,.E+37.994SVFTVEGGHR.,.ESVFTVEGGHR.,sp|Q99623|PHB2_HUMAN,2,1255.6,0.00204571,False
1980,46,0,0.024612217581993525,0.003945202317505119,0.0018301076918028443,0.16886405473672586,Alectinib,none,0.0,non-responsive,.DLKPSNLLINTTC+57.021DL+128.099K.,.DLKPSNLLINTTCDLK.,sp|P28482|MK01_HUMAN,3,2030.1,0.0,False
1981,46,0,0.024612217581993525,0.003945202317505119,0.0018301076918028443,0.16886405473672586,Alectinib,none,0.0,non-responsive,.D+70.01LKPSNLLINTTC+57.021DLK.,.DLKPSNLLINTTCDLK.,sp|P28482|MK01_HUMAN,2,1972.0,0.0,False
1982,46,0,0.04660442014044339,0.004439659090670052,0.003441739891041157,0.20276292294681048,Baricitinib,none,0.0,non-responsive,.D+24.004LKPENLLLASK.,.DLKPENLLLASK.,sp|Q13557|KCC2D_HUMAN,3,1364.8,0.0,False
1983,46,0,0.03530599084094195,0.004394248882789494,4.7314446621280894e-05,0.06650735231147029,Alvocidib,none,0.0,non-responsive,.D+23.997LLQNLLK.,.DLLQNLLK.,sp|Q00535|CDK5_HUMAN,2,980.6,0.00784719,False
1984,46,0,0.018198376866288515,0.0041998656243955,0.0043476490057576325,0.2065993973052694,Abemaciclib,none,0.0,non-responsive,.A+78.011PIRPDIVNFVHTNLR.,.APIRPDIVNFVHTNLR.,sp|P36578|RL4_HUMAN,4,1940.0,0.0,False
1985,46,0,0.021550580287837493,0.004653248971052893,0.008462549202402565,0.24540373235572985,Alvocidib,none,0.0,non-responsive,.A+15.994C+57.021QSIYPLHDVFVR.,.ACQSIYPLHDVFVR.,sp|P61247|RS3A_HUMAN,3,1777.8,0.0,False
1986,46,0,0.021550580287837493,0.004653248971052893,0.008462549202402565,0.24540373235572985,Alvocidib,none,0.0,non-responsive,.A+151.99C+57.021QSIYPLHDVFVR.,.ACQSIYPLHDVFVR.,sp|P61247|RS3A_HUMAN,2,1913.8,0.0,False
1987,46,0,0.009119802719071653,0.0038481804648825375,0.0034818448148078002,0.20276756164634047,Barasertib_HQPA,none,0.0,non-responsive,.+43.006PIFGSLHHVPDLSC+57.021R.,.PIFGSLHHVPDLSCR.,sp|Q8TD19|NEK9_HUMAN,3,1834.9,0.0,False
1988,46,0,0.01521960869351751,0.00478085304749296,0.0027197888721940257,0.1912818123811847,BI-847325,none,0.0,non-responsive,.+43.006KFGYVDFESAEDLEK.,.KFGYVDFESAEDLEK.,sp|P19338|NUCL_HUMAN,2,1819.8,0.0,False
1989,46,0,0.02532779734123676,0.005000625810201055,0.0007515959479885825,0.13160834225175477,Alisertib,none,0.0,non-responsive,.+43.006FENAFLSHVVSQHQALLGTIR.,.FENAFLSHVVSQHQALLGTIR.,sp|P25705|ATPA_HUMAN,3,2410.2,0.0,False
1990,46,0,0.011334914659024973,0.0033239736267885026,0.0010466712116384083,0.1420123349691711,BMS-777607_withCAKI,none,0.0,non-responsive,.YIH-35.039SANVLHR.,.YIHSANVLHR.,sp|P28482|MK01_HUMAN,3,1174.6,0.0,False
1991,46,0,0.021346458152890394,0.005203342833689875,0.004835629235856265,0.21055423250528593,BMS-690514,none,0.0,non-responsive,.VIEDNEY+77.976TAR.,.VIEDNEYTAR.,sp|P07948|LYN_HUMAN,2,1287.5,0.0031359,False
1992,46,0,0.015133929581204896,0.0036579824952084087,0.006180193555011844,0.22408742545414345,BMS-777607,none,0.0,non-responsive,.VFHYFESNSEP+61.991TTWASIIR.,.VFHYFESNSEPTTWASIIR.,sp|Q05397|FAK1_HUMAN,3,2346.1,0.00652234,False
1993,46,0,0.02967526297665371,0.0035693076282266563,0.010637797848627393,0.26348576200256657,AZD-6482,none,0.0,non-responsive,.VASEAPL+48.909EHKPQVEASSPR.,.VASEAPLEHKPQVEASSPR.,sp|Q8TD19|NEK9_HUMAN,3,2080.9,0.00323489,False
1994,46,1,0.02292082064693338,0.004098245060333379,9.616189237706716e-06,0.038637569191024346,AT-9283,decreasing,0.004098245060333379,drug-specific responsive (decreasing),.V+3.89PFLVAETPR.,.VPFLVAETPR.,sp|Q13131|AAPK1_HUMAN,2,1132.5,0.0,False
1995,46,0,0.00943103270986531,0.002403707154237801,0.01583868539086393,0.2956713642135057,AZD-2014,none,0.0,non-responsive,.N-17.026LDIERPTYTNLNR.,.NLDIERPTYTNLNR.,sp|P68363|TBA1B_HUMAN,3,1701.8,0.00329239,False
1996,46,0,0.022020879645692458,0.0035450554024268194,0.010245276521903868,0.25897981752343546,Alisertib,none,0.0,non-responsive,.N+11.987HQDPLAVAYHLIIDNRR.,.NHQDPLAVAYHLIIDNRR.,sp|Q13131|AAPK1_HUMAN,4,2157.1,0.0,False
1997,46,0,0.03522505238549648,0.00720108437493081,0.0006373892548939455,0.12170830371361625,AZD-7762,none,0.0,non-responsive,.LTTVC+47.985PTSKPQTQGLAK.,.LTTVCPTSKPQTQGLAK.,sp|P12931|SRC_HUMAN,2,1877.9,0.00205683,False
1998,46,0,0.01601149938881235,0.003953703181055816,0.003503334721857739,0.20276756164634047,Apatinib,none,0.0,non-responsive,.LSR+50.015PFQSIIHAK.,.LSRPFQSIIHAK.,sp|Q16539|MK14_HUMAN,3,1446.8,0.0,False
1999,46,0,0.029805669275101726,0.0035693080108891873,0.005867447143339923,0.22157730728684213,Baricitinib,none,0.0,non-responsive,.I+60.025PTGQEYAAK.,.IPTGQEYAAK.,sp|Q13557|KCC2D_HUMAN,2,1137.6,0.00700202,False
2000,46,0,0.011309500820445646,0.0027427676165650452,0.017861042894192245,0.304359129990969,Alisertib,none,0.0,non-responsive,.I-4.011TPSYVAFTPEGER.,.ITPSYVAFTPEGER.,sp|P11021|BIP_HUMAN,2,1562.8,0.0,False
2001,46,0,0.02012598811337369,0.005066162780225258,0.0011984830010180743,0.1446991877256131,AV-412,none,0.0,non-responsive,.HYVVC-33.987STPQSQYYLAEK.,.HYVVCSTPQSQYYLAEK.,sp|Q06187|BTK_HUMAN,3,2039.0,0.00645065,False
2002,46,0,0.03225852469894053,0.007107803588175346,0.0008857847286942044,0.1385295801739095,BMS-690514,none,0.0,non-responsive,.H+70.015SNLVQLLGVIVEEK.,.HSNLVQLLGVIVEEK.,sp|P41240|CSK_HUMAN,2,1748.0,0.0,False
2003,46,0,0.02074170655128613,0.004741502025293997,0.009689442073581956,0.2543253547667127,AZD-7762,none,0.0,non-responsive,.GAQGEPHDVAP-17.039NGPSAGGLAIPQSSSSSSRPPTR.,.GAQGEPHDVAPNGPSAGGLAIPQSSSSSSRPPTR.,sp|O96013|PAK4_HUMAN,4,3252.5,0.0,False
2004,46,0,0.021306757503869723,0.003642665269160396,0.0014261378077357948,0.15479388451768206,Alisertib,none,0.0,non-responsive,.FN-17.026ASQLITQR.,.FNASQLITQR.,sp|Q99623|PHB2_HUMAN,2,1160.6,0.0081663,False
2005,46,0,0.02532779734123676,0.005000625810201055,0.0007515959479885825,0.13160834225175477,Alisertib,none,0.0,non-responsive,.F+69.999ENAFLSHVVSQHQALLGTIR.,.FENAFLSHVVSQHQALLGTIR.,sp|P25705|ATPA_HUMAN,3,2437.2,0.0,False
2006,46,0,0.01986778757271866,0.0030156552874927244,0.0015886336374847483,0.16137319802404354,AZD-6482,none,0.0,non-responsive,.F+13.986RHENIIGINDIIR.,.FRHENIIGINDIIR.,sp|P28482|MK01_HUMAN,3,1723.9,0.00773752,False
2007,46,0,0.03729801195442356,0.006726699947958238,0.0033417906945032508,0.20101827682360715,Baricitinib,none,0.0,non-responsive,.E+70.003STESSNTTIEDEDVKAR.,.ESTESSNTTIEDEDVKAR.,sp|Q13557|KCC2D_HUMAN,2,2080.9,0.0,False
2008,46,0,0.02255642131320911,0.0038828770899289526,0.00040222908599212096,0.10224466972192815,Alectinib,none,0.0,non-responsive,.E+50.015ASFVLHTIGK.,.EASFVLHTIGK.,sp|Q15418|KS6A1_HUMAN,2,1251.7,0.00549833,False
2009,46,0,0.025722392854113665,0.005552556553673438,0.03816465709294247,0.3918466068424166,Alisertib,none,0.0,non-responsive,.D+12.001SYVGDEAQSKR.,.DSYVGDEAQSKR.,sp|P60709|ACTB_HUMAN,2,1366.6,0.00229345,False
2010,46,0,0.009788115411983217,0.002766520918567018,0.008612841938501746,0.2467669288787309,AZD-1480,none,0.0,non-responsive,.+43.006VADPDHDHTGFLTEYVATR.,.VADPDHDHTGFLTEYVATR.,sp|P28482|MK01_HUMAN,3,2187.0,0.0,False
2011,46,0,0.046074654678061384,0.006405303095231309,0.0010377451828163678,0.1420123349691711,AT-7519,none,0.0,non-responsive,.+43.006LSPLEAC+57.021AHSFFDELR.,.LSPLEACAHSFFDELR.,sp|P49840|GSK3A_HUMAN,2,1991.9,0.0,False
2012,46,0,0.01533726407276454,0.004332888403700531,0.01089343220742418,0.2640348153647719,AZD-4547,none,0.0,non-responsive,.TQHLSNDHIC+68.026YFLYQILR.,.TQHLSNDHICYFLYQILR.,sp|P28482|MK01_HUMAN,4,2389.2,0.0,False
2013,46,0,0.012710985122451732,0.0038941856079984616,0.003274411870872566,0.1997984626431936,Alisertib,none,0.0,non-responsive,.TIQFVDW+3.994C+57.021PTGFK.,.TIQFVDWCPTGFK.,sp|Q9BQE3|TBA1C_HUMAN,2,1659.8,0.00814607,False
2014,46,0,0.01533726407276454,0.004332888403700531,0.01089343220742418,0.2640348153647719,AZD-4547,none,0.0,non-responsive,.T+70.002QHLSNDHIC+57.021YFLYQILR.,.TQHLSNDHICYFLYQILR.,sp|P28482|MK01_HUMAN,3,2448.2,0.0,False
2015,46,0,0.023208539277285205,0.005027293551997569,0.0005207657255280131,0.11477340483316165,AT-9283,none,0.0,non-responsive,.SALVQIYELEEHKIE+32.002TWR.,.SALVQIYELEEHKIETWR.,sp|P54619|AAKG1_HUMAN,3,2276.2,0.0,False
2016,46,0,0.02943061437151782,0.005437993827117727,0.0003395974691474875,0.09256811114306135,Alisertib,none,0.0,non-responsive,.S+70.004TFSTLQELVDHYKK.,.STFSTLQELVDHYKK.,sp|P08631|HCK_HUMAN,3,1865.9,0.0,False
2017,46,0,0.03915452092538597,0.005615568030058155,0.04560520092088139,0.4123964065609598,BMS-754807,none,0.0,non-responsive,.QE-18.028YDESGPSIVHRK.,.QEYDESGPSIVHRK.,sp|P60709|ACTB_HUMAN,3,1626.8,0.0,False
2018,46,0,0.009119802719071653,0.0038481804648825375,0.0034818448148078002,0.20276756164634047,Barasertib_HQPA,none,0.0,non-responsive,.P+27.996IFGSLHHVPDLSC+57.021R.,.PIFGSLHHVPDLSCR.,sp|Q8TD19|NEK9_HUMAN,3,1819.9,0.00662334,False
2019,46,0,0.010822601572379855,0.0036753260982244815,0.011147355062217538,0.26448389126460664,AMG-900,none,0.0,non-responsive,.L+24.004GAQLADLHLDNK.,.LGAQLADLHLDNK.,sp|Q9HA64|KT3K_HUMAN,3,1431.7,0.0,False
2020,46,0,0.015467264825729363,0.004506023386653651,0.0031813015710668966,0.19897691771579754,Apatinib,none,0.0,non-responsive,.L+24.003GLDSEEDYYTPQKVDVPK.,.LGLDSEEDYYTPQKVDVPK.,sp|Q8TD19|NEK9_HUMAN,3,2220.1,0.00827494,False
2021,46,0,0.02023801692120724,0.004623092467399574,7.923602402215854e-05,0.06650735231147029,AMG-208,none,0.0,non-responsive,.L-1.024HAEFAAERDWEQFHQPR.,.LHAEFAAERDWEQFHQPR.,sp|Q9H773|DCTP1_HUMAN,4,2266.0,0.0,False
2022,46,0,0.01682439658991687,0.004865310121369855,0.012341938207993935,0.27248035351908567,AZD-5438,none,0.0,non-responsive,.KLDPGSEETQ-18.026TLVR.,.KLDPGSEETQTLVR.,sp|P26641|EF1G_HUMAN,3,1554.8,0.0,False
2023,46,0,0.008172342189829492,0.0021931469370204204,0.03839232049552302,0.39273187677909865,Alisertib,none,0.0,non-responsive,.INVY+13.977YNEATGGK.,.INVYYNEATGGK.,sp|P68371|TBB4B_HUMAN,2,1342.6,0.00198624,False
2024,46,0,0.00805774783040367,0.0029458879187530514,0.0014884637976417812,0.15838162228299443,AT-9283,none,0.0,non-responsive,.IHFPLATY+183.042APVISAEK.,.IHFPLATYAPVISAEK.,sp|P68363|TBA1B_HUMAN,3,1940.0,0.0,False
2025,46,0,0.025712105704703794,0.0057377790108752965,9.402199826186298e-05,0.06738139431726822,BMS-690514,none,0.0,non-responsive,.HYTNASDGLC-20.03TR.,.HYTNASDGLCTR.,sp|P06239|LCK_HUMAN,2,1374.6,0.00277402,False
2026,46,0,0.01986778757271866,0.0030156552874927244,0.0015886336374847483,0.16137319802404354,AZD-6482,none,0.0,non-responsive,.F+97.998RHENIIGINDIIR.,.FRHENIIGINDIIR.,sp|P28482|MK01_HUMAN,3,1807.9,0.0,False
2027,46,0,0.01209789893677785,0.003459613491832871,0.0032519505871160645,0.1994367753577562,BMS-777607,none,0.0,non-responsive,.F-18.008DGALNVDLTEFQTNLVPYPR.,.FDGALNVDLTEFQTNLVPYPR.,sp|P68363|TBA1B_HUMAN,2,2391.2,0.00849002,False
2028,46,0,0.009817256471722715,0.00289138830709432,0.009355277918885798,0.2507323979046073,Amuvatinib,none,0.0,non-responsive,.EQGVLSFW+3.993R.,.EQGVLSFWR.,sp|P05141|ADT2_HUMAN,2,1125.5,0.0,False
2029,46,0,0.02255642131320911,0.0038828770899289526,0.00040222908599212096,0.10224466972192815,Alectinib,none,0.0,non-responsive,.EAS-1.033FVLHTIGK.,.EASFVLHTIGK.,sp|Q15418|KS6A1_HUMAN,2,1200.6,0.0,False
2030,46,0,0.030849904971231676,0.0034274610646343336,0.006775338832503776,0.22782522851644013,AZD-7762,none,0.0,non-responsive,.E+27.992ASSTQDTGKLPVK.,.EASSTQDTGKLPVK.,sp|P41240|CSK_HUMAN,2,1488.7,0.0,False
2031,46,0,0.024612217581993525,0.003945202317505119,0.0018301076918028443,0.16886405473672586,Alectinib,none,0.0,non-responsive,.DLKPSNLLINTT+331.159C+57.021DLK.,.DLKPSNLLINTTCDLK.,sp|P28482|MK01_HUMAN,4,2233.1,0.0,False
2032,46,0,0.02619338101599717,0.0075879519305816975,0.00707838565224322,0.2306985162313932,AZD-6482,none,0.0,non-responsive,.C+55.988DSSPDSAEDVRK.,.CDSSPDSAEDVRK.,sp|P02765|FETUA_HUMAN,2,1521.6,0.00354836,False
2033,46,0,0.010988123744655132,0.002998034072674004,0.01079600518031318,0.2640348153647719,BGT-226,none,0.0,non-responsive,.ARFEELN-17.026ADLFR.,.ARFEELNADLFR.,sp|P11142|HSP7C_HUMAN,3,1463.7,0.0,False
2034,46,0,0.015412043061229163,0.002841993044281083,0.02192065765856395,0.3251320900521487,AZD-2014,none,0.0,non-responsive,.AGG+50.011GAAEQEELHYIPIR.,.AGGGAAEQEELHYIPIR.,sp|Q8TD19|NEK9_HUMAN,2,1860.9,0.0,False
2035,46,0,0.0587791477574126,0.0053954663266977945,0.02370789959068797,0.3325021286180798,BMS-387032,none,0.0,non-responsive,.W+14.983QNVHFHR.,.WQNVHFHR.,sp|Q13557|KCC2D_HUMAN,3,1138.5,0.0,False
2036,46,0,0.05137778758765079,0.005308832748171182,0.00010162239785912493,0.06960169483750128,AT-9283,none,0.0,non-responsive,.VTT+50.025VVATPGQGPDRPQEVSYTDTK.,.VTTVVATPGQGPDRPQEVSYTDTK.,sp|P49841|GSK3B_HUMAN,2,2596.3,0.0,False
2037,46,0,0.02967526297665371,0.0035693076282266563,0.010637797848627393,0.26348576200256657,AZD-6482,none,0.0,non-responsive,.V+50.025ASEAPLEHKPQVEASSPR.,.VASEAPLEHKPQVEASSPR.,sp|Q8TD19|NEK9_HUMAN,3,2082.1,0.0,False
2038,46,0,0.03709879089013272,0.005222210999988144,2.8562985123132698e-05,0.06265386055594918,BMS-754807,none,0.0,non-responsive,.SNDKVYEN-17.026VTGLVK.,.SNDKVYENVTGLVK.,sp|Q05397|FAK1_HUMAN,3,1548.8,0.0,False
2039,46,0,0.023208539277285205,0.005027293551997569,0.0005207657255280131,0.11477340483316165,AT-9283,none,0.0,non-responsive,.SALVQI-4.046YELEEHKIETWR.,.SALVQIYELEEHKIETWR.,sp|P54619|AAKG1_HUMAN,3,2240.1,0.0,False
2040,46,0,0.018758552811619797,0.004717264805668696,0.0034628121395822277,0.20276756164634047,AT-9283,none,0.0,non-responsive,.QT-17.997LDALNYLHDNK.,.QTLDALNYLHDNK.,sp|Q9H2G2|SLK_HUMAN,3,1526.8,0.0,False
2041,46,0,0.0432349332890432,0.0036088065750452254,0.008134538786781756,0.24297535814768625,BMS-387032,none,0.0,non-responsive,.NY+41.002LLSLPHK.,.NYLLSLPHK.,sp|P28482|MK01_HUMAN,2,1125.6,0.0,False
2042,46,0,0.046074654678061384,0.006405303095231309,0.0010377451828163678,0.1420123349691711,AT-7519,none,0.0,non-responsive,.LSPLEAC-33.993AHSFFDELR.,.LSPLEACAHSFFDELR.,sp|P49840|GSK3A_HUMAN,3,1857.9,0.0,False
2043,46,0,0.046074654678061384,0.006405303095231309,0.0010377451828163678,0.1420123349691711,AT-7519,none,0.0,non-responsive,.LSPLEA+167.988C+57.021AHSFFDELR.,.LSPLEACAHSFFDELR.,sp|P49840|GSK3A_HUMAN,3,2116.9,0.0,False
2044,46,0,0.014387389201252841,0.0036403991717167423,0.01068254705916502,0.2637489915600143,AZD-5363,none,0.0,non-responsive,.LQPGIAQQW+15.995IQSK.,.LQPGIAQQWIQSK.,sp|O43353|RIPK2_HUMAN,2,1512.8,0.00312377,False
2045,46,0,0.031798132699307764,0.002925832312108705,0.00809714577652762,0.24297535814768625,BMS-754807,none,0.0,non-responsive,.L-1.015QQENLQIFTQLQK.,.LQQENLQIFTQLQK.,sp|Q8TD19|NEK9_HUMAN,2,1729.9,0.00849002,False
2046,46,0,0.012901765139995306,0.0042285733403910125,0.013130457807194056,0.2783722416208155,AZD-5363,none,0.0,non-responsive,.KS+42.016GAAAAAVTTETAQHAQGAKPQVQPQK.,.KSGAAAAAVTTETAQHAQGAKPQVQPQK.,sp|P22830|HEMH_HUMAN,4,2816.5,0.0,False
2047,46,0,0.028439534687835243,0.004457000627537311,0.017888149163414815,0.3043657329746752,BI-847325,none,0.0,non-responsive,.ITE+80.913QLIEAINNGDFEAYTK.,.ITEQLIEAINNGDFEAYTK.,sp|Q13555|KCC2G_HUMAN,3,2250.0,0.0,False
2048,46,0,0.02327575648556734,0.005503496262968412,0.0002674663589881852,0.08463120478920018,AV-412,none,0.0,non-responsive,.ITC+88.983VETVVPEKNPPPER.,.ITCVETVVPEKNPPPER.,sp|Q06187|BTK_HUMAN,3,2054.0,0.0,False
2049,46,0,0.017352025295242796,0.004527692410676873,0.002790571759353923,0.19271615938223435,AMG-208_withCAKI,none,0.0,non-responsive,.IHNPDE-18.015PETR.,.IHNPDEPETR.,sp|Q86YS7|C2CD5_HUMAN,3,1189.5,0.00484128,False
2050,46,0,0.011758853885227488,0.002926271375231217,0.009690910890956961,0.2543253547667127,BI-847325,none,0.0,non-responsive,.HENIIGINDII+303.169R.,.HENIIGINDIIR.,sp|P28482|MK01_HUMAN,3,1709.9,0.0,False
2051,46,0,0.03225852469894053,0.007107803588175346,0.0008857847286942044,0.1385295801739095,BMS-690514,none,0.0,non-responsive,.H+50.013SNLVQLLGVIVEEK.,.HSNLVQLLGVIVEEK.,sp|P41240|CSK_HUMAN,2,1727.9,0.0,False
2052,46,0,0.017145934832234352,0.003355061793731067,0.040365047823745656,0.39830935164278924,Alisertib,none,0.0,non-responsive,.G+70.006HYTEGAELVDSVLDVVRK.,.GHYTEGAELVDSVLDVVRK.,sp|P07437|TBB5_HUMAN,3,2157.1,0.0,False
2053,46,0,0.017145934832234352,0.003355061793731067,0.040365047823745656,0.39830935164278924,Alisertib,none,0.0,non-responsive,.G+28.003HYTEGAELVDSVLDVVRK.,.GHYTEGAELVDSVLDVVRK.,sp|P07437|TBB5_HUMAN,3,2115.1,0.0,False
2054,46,0,0.058218665274108496,0.011021864306526371,0.00014619189985420823,0.07290394674065966,AZD-7762,none,0.0,non-responsive,.G+111.027DTGGEDTAAPGR.,.GDTGGEDTAAPGR.,sp|Q9H773|DCTP1_HUMAN,2,1314.5,0.0,False
2055,46,0,0.03384728700938237,0.004690028326622758,0.002118566382947859,0.17635435471592503,Baricitinib,none,0.0,non-responsive,.FTDEY+52.919QLFEELGK.,.FTDEYQLFEELGK.,sp|Q13557|KCC2D_HUMAN,3,1671.7,0.0,False
2056,46,0,0.01986778757271866,0.0030156552874927244,0.0015886336374847483,0.16137319802404354,AZD-6482,none,0.0,non-responsive,.F+54.021RHENIIGINDIIR.,.FRHENIIGINDIIR.,sp|P28482|MK01_HUMAN,3,1763.9,0.00571566,False
2057,46,0,0.02532779734123676,0.005000625810201055,0.0007515959479885825,0.13160834225175477,Alisertib,none,0.0,non-responsive,.F+37.977ENAFLSHVVSQHQALLGTIR.,.FENAFLSHVVSQHQALLGTIR.,sp|P25705|ATPA_HUMAN,3,2405.2,0.0,False
2058,46,0,0.03729801195442356,0.006726699947958238,0.0033417906945032508,0.20101827682360715,Baricitinib,none,0.0,non-responsive,.ESTESSNTTIEDEDVK+28.001AR.,.ESTESSNTTIEDEDVKAR.,sp|Q13557|KCC2D_HUMAN,2,2038.9,0.0,False
2059,46,0,0.02030725363427503,0.0042111116346896455,0.0011827982326655998,0.1446991877256131,Barasertib_HQPA,none,0.0,non-responsive,.ERPTPSLNNNC+73.01TTSEDSLVLYNR.,.ERPTPSLNNNCTTSEDSLVLYNR.,sp|P07814|SYEP_HUMAN,3,2753.3,0.0,False
2060,46,0,0.030849904971231676,0.0034274610646343336,0.006775338832503776,0.22782522851644013,AZD-7762,none,0.0,non-responsive,.EASSTQDTGKLPVK+128.096.,.EASSTQDTGKLPVK.,sp|P41240|CSK_HUMAN,3,1588.8,0.0,False
2061,46,0,0.03729801195442356,0.006726699947958238,0.0033417906945032508,0.20101827682360715,Baricitinib,none,0.0,non-responsive,.E+68.029STESSNTTIEDEDVKAR.,.ESTESSNTTIEDEDVKAR.,sp|Q13557|KCC2D_HUMAN,2,2078.9,0.0,False
2062,46,0,0.020970680362022782,0.004423956773406572,0.005235656886868604,0.2150399287695821,Alectinib,none,0.0,non-responsive,.E+60.026KLKEEENTVGR.,.EKLKEEENTVGR.,sp|Q9H479|FN3K_HUMAN,3,1491.8,0.00349702,False
2063,46,0,0.01531234203411774,0.003968615819118437,0.001971766907521462,0.170594111985347,AZD-2014,none,0.0,non-responsive,.E+50.025LISNASDALDKIR.,.ELISNASDALDKIR.,sp|P08238|HS90B_HUMAN,2,1594.8,0.00484516,False
2064,46,0,0.017346478587567535,0.004448182736431549,0.0283915730586051,0.35576587291998046,AEW-541,none,0.0,non-responsive,.E-18.012EASGSSVTAEEAKK.,.EEASGSSVTAEEAKK.,sp|P13010|XRCC5_HUMAN,3,1504.7,0.00323489,False
2065,46,0,0.03263333233747977,0.004730392677755008,0.0047516760257920445,0.21039387116656552,AZD-1480,none,0.0,non-responsive,.E-17.01SVFTVEGGHR.,.ESVFTVEGGHR.,sp|Q99623|PHB2_HUMAN,2,1200.6,0.0,False
2066,46,0,0.025722392854113665,0.005552556553673438,0.03816465709294247,0.3918466068424166,Alisertib,none,0.0,non-responsive,.DSY+77.977VGDEAQSKR.,.DSYVGDEAQSKR.,sp|P60709|ACTB_HUMAN,2,1432.6,0.00312377,False
2067,46,0,0.024612217581993525,0.003945202317505119,0.0018301076918028443,0.16886405473672586,Alectinib,none,0.0,non-responsive,.DLKPSNLLINTTC+57.021DL+156.101K.,.DLKPSNLLINTTCDLK.,sp|P28482|MK01_HUMAN,3,2058.1,0.0,False
2068,46,0,0.03091211878066894,0.004685140590842763,0.0006848303492866423,0.12556024548275993,AT-7519,none,0.0,non-responsive,.D+60.021PQQPAQQQQPAQQPK.,.DPQQPAQQQQPAQQPK.,sp|O75909|CCNK_HUMAN,2,1876.9,0.0,False
2069,46,0,0.03505219534582645,0.003260513789477007,0.00011723351571789017,0.07290394674065966,Alvocidib,none,0.0,non-responsive,.D+50.014LKPQNLLINR.,.DLKPQNLLINR.,sp|Q00535|CDK5_HUMAN,2,1373.8,0.00312377,False
2070,46,0,0.015154684875442049,0.003789978678362805,0.001366273697414951,0.1523285785712029,Alvocidib,none,0.0,non-responsive,.D+50.011ILADVNHPFVVK.,.DILADVNHPFVVK.,sp|Q15418|KS6A1_HUMAN,2,1516.8,0.00549833,False
2071,46,0,0.01880046020029313,0.0035750859932138835,0.004610961782314532,0.20918660144560025,Apitolisib,none,0.0,non-responsive,.A+41.022FGGPGAGC+57.021ISEGR.,.AFGGPGAGCISEGR.,sp|Q9H479|FN3K_HUMAN,2,1433.6,0.00407657,False
2072,46,0,0.022904542954376064,0.004622793598048472,0.0024947204358657777,0.18867064869927044,AXL-1717,none,0.0,non-responsive,.A-1.029NQGDEAC+57.021THC+57.021PINSR.,.ANQGDEACTHCPINSR.,sp|P29323|EPHB2_HUMAN,2,1942.8,0.0,False
2073,46,0,0.03259848921189844,0.004121071280219009,0.0034264402442871445,0.20276292294681048,Baricitinib,none,0.0,non-responsive,.VTEQLIEA+52.919INNGDFEAYTK.,.VTEQLIEAINNGDFEAYTK.,sp|Q13557|KCC2D_HUMAN,4,2208.0,0.0,False
2074,46,0,0.014423201962637707,0.0046391244726140535,0.024806416549672805,0.33887970927040756,Alisertib,none,0.0,non-responsive,.VPTANVSVVDLTC+88.99R.,.VPTANVSVVDLTCR.,sp|P04406|G3P_HUMAN,2,1619.8,0.0,False
2075,46,0,0.021346458152890394,0.005203342833689875,0.004835629235856265,0.21055423250528593,BMS-690514,none,0.0,non-responsive,.VIEDNEY+183.033TAR.,.VIEDNEYTAR.,sp|P07948|LYN_HUMAN,3,1392.6,0.0,False
2076,46,0,0.009788115411983217,0.002766520918567018,0.008612841938501746,0.2467669288787309,AZD-1480,none,0.0,non-responsive,.VADPDHDHTGFLTEY+13.963VATR.,.VADPDHDHTGFLTEYVATR.,sp|P28482|MK01_HUMAN,3,2157.9,0.0,False
2077,46,0,0.011274710744828463,0.003182880066784584,0.014455112941398708,0.28452654912064074,Alectinib,none,0.0,non-responsive,.V-18.014DLPLAVLSK.,.VDLPLAVLSK.,sp|Q9H773|DCTP1_HUMAN,2,1036.6,0.00576278,False
2078,46,0,0.011604642531640688,0.002304938086872492,0.003315777629377392,0.20101827682360715,BMS-754807,none,0.0,non-responsive,.TVTNAVVTVP+52.916AYFNDSQR.,.TVTNAVVTVPAYFNDSQR.,sp|P11142|HSP7C_HUMAN,4,2034.9,0.0,False
2079,46,0,0.012260120894585991,0.004051374738373905,0.01563768214206043,0.2937518324128296,Barasertib_HQPA,none,0.0,non-responsive,.TTSEGATNC+88.99VC+57.021R.,.TTSEGATNCVCR.,sp|P29323|EPHB2_HUMAN,2,1501.6,0.0,False
2080,46,0,0.02261160439715499,0.004886274151843652,0.0006780843679067213,0.12543401687696726,ASP-3026,none,0.0,non-responsive,.S+70.007QAEQLLKQEGK.,.SQAEQLLKQEGK.,sp|Q06187|BTK_HUMAN,2,1428.7,0.0,False
2081,46,0,0.025842368062442986,0.006126320669571253,0.00013820500470206192,0.07290394674065966,ASP-3026,none,0.0,non-responsive,.RPGGPQ-17.028YGIAR.,.RPGGPQYGIAR.,sp|Q14289|FAK2_HUMAN,3,1154.6,0.00463226,False
2082,46,0,0.011547058379719493,0.0036804463900005384,0.0018709672692045327,0.16886405473672586,AZD-1208,none,0.0,non-responsive,.QH-15.039AEDLNSGPLSK.,.QHAEDLNSGPLSK.,sp|P07332|FES_HUMAN,2,1380.6,0.00858359,False
2083,46,0,0.0598220812415138,0.0066252915668801576,0.002853247726866946,0.19274421767348654,Alvocidib,none,0.0,non-responsive,.M+31.988LVLDSDKR.,.MLVLDSDKR.,sp|Q16539|MK14_HUMAN,2,1108.5,0.00818992,False
2084,46,0,0.02933545737840723,0.0059820982715696625,0.00021992871644231608,0.08032372570101826,BI-847325,none,0.0,non-responsive,.LNTLETE+14.971EWFFKDITR.,.LNTLETEEWFFKDITR.,sp|P07948|LYN_HUMAN,3,2057.0,0.00365749,False
2085,46,0,0.043087296295840405,0.00382849785781116,0.012478576578567569,0.2735201872492788,AMG-900,none,0.0,non-responsive,.LKELIFE+14.016ETAR.,.LKELIFEETAR.,sp|P28482|MK01_HUMAN,3,1362.7,0.0,False
2086,46,0,0.03222419655701441,0.00693543751981856,0.00652030234906961,0.22775812087690717,Alectinib,none,0.0,non-responsive,.L-4.043TLYDIAHTPGVAADLSHIETK.,.LTLYDIAHTPGVAADLSHIETK.,sp|P40926|MDHM_HUMAN,3,2361.2,0.0,False
2087,46,0,0.02126948830609101,0.0038845340986770876,0.0004936348133020268,0.11293592245555778,ASP-3026,none,0.0,non-responsive,.L-1.033QGEHQGSLIIHPR.,.LQGEHQGSLIIHPR.,sp|Q14289|FAK2_HUMAN,3,1583.8,0.0,False
2088,46,0,0.014673192211190554,0.0034336771794139477,0.03736284948678882,0.3895578338195252,AMG-900,none,0.0,non-responsive,.KISPFEHQTY+151.994C+57.021QR.,.KISPFEHQTYCQR.,sp|P28482|MK01_HUMAN,3,1902.8,0.0,False
2089,46,0,0.014673192211190554,0.0034336771794139477,0.03736284948678882,0.3895578338195252,AMG-900,none,0.0,non-responsive,.KISPFEHQTY+13.973C+57.021QR.,.KISPFEHQTYCQR.,sp|P28482|MK01_HUMAN,3,1764.8,0.00578472,False
2090,46,0,0.02089618995356025,0.004828827899892378,0.025371400316987362,0.3414971702386163,AMG-208_withCAKI,none,0.0,non-responsive,.KH-78.076LEINPDHPIVETLR.,.KHLEINPDHPIVETLR.,sp|P08238|HS90B_HUMAN,3,1833.0,0.0,False
2091,46,0,0.021336041664052646,0.003114359666559237,0.003778086493177798,0.2045770662850812,AZD-8055,none,0.0,non-responsive,.ISPF+15.99EHQTYC+57.021QR.,.ISPFEHQTYCQR.,sp|P28482|MK01_HUMAN,3,1638.7,0.0,False
2092,46,0,0.01669175294454646,0.0029794185456799493,0.008265774333853986,0.24366133738436643,Alectinib,none,0.0,non-responsive,.IPLK+58.005DVVPR.,.IPLKDVVPR.,sp|P41240|CSK_HUMAN,3,1094.6,0.0,False
2093,46,0,0.022367551806689916,0.005582461999513751,0.015058631357991816,0.28993228975530966,Alectinib,none,0.0,non-responsive,.H+50.033GVQELEIELQSQLSK.,.HGVQELEIELQSQLSK.,sp|P35527|K1CI_HUMAN,2,1888.0,0.0,False
2094,46,0,0.009007804531156172,0.00352204946667674,0.003810932266353906,0.2045770662850812,Baricitinib,none,0.0,non-responsive,.H+38.012SGNITFDEIVNIAR.,.HSGNITFDEIVNIAR.,sp|P30050|RL12_HUMAN,2,1723.9,0.00876248,False
2095,46,0,0.011758853885227488,0.002926271375231217,0.009690910890956961,0.2543253547667127,BI-847325,none,0.0,non-responsive,.H+27.994ENIIGINDIIR.,.HENIIGINDIIR.,sp|P28482|MK01_HUMAN,2,1434.8,0.00627128,False
2096,46,0,0.011758853885227488,0.002926271375231217,0.009690910890956961,0.2543253547667127,BI-847325,none,0.0,non-responsive,.H+27.992ENIIGINDIIR.,.HENIIGINDIIR.,sp|P28482|MK01_HUMAN,2,1434.7,0.0,False
2097,46,0,0.02412124340743414,0.004664480186959612,0.006839298509574657,0.227990863522814,Alectinib,none,0.0,non-responsive,.G+47.989WHTILIVEK.,.GWHTILIVEK.,sp|Q8TD19|NEK9_HUMAN,2,1243.7,0.00576278,False
2098,46,0,0.058218665274108496,0.011021864306526371,0.00014619189985420823,0.07290394674065966,AZD-7762,none,0.0,non-responsive,.G+11.999DTGGEDTAAPGR.,.GDTGGEDTAAPGR.,sp|Q9H773|DCTP1_HUMAN,2,1215.5,0.00230466,False
2099,46,0,0.02898289446750101,0.0049591964113938035,0.04099298731996551,0.3998841676693151,BMS-777607_withCAKI,none,0.0,non-responsive,.E-18.024SEQRPPFSQLHR.,.ESEQRPPFSQLHR.,sp|Q08345|DDR1_HUMAN,3,1592.8,0.0,False
2100,46,0,0.02255642131320911,0.0038828770899289526,0.00040222908599212096,0.10224466972192815,Alectinib,none,0.0,non-responsive,.E-18.012ASFVLHTIGK.,.EASFVLHTIGK.,sp|Q15418|KS6A1_HUMAN,3,1183.6,0.0,False
2101,46,1,0.041006112430586106,0.0075443838180060604,1.035429013112513e-05,0.038637569191024346,AZD-5363,decreasing,0.0075443838180060604,drug-specific responsive (decreasing),.D+50.026LKVENILLHDR.,.DLKVENILLHDR.,sp|Q2M2I8|AAK1_HUMAN,3,1514.8,0.0,False
2102,46,0,0.021465918441693006,0.005142857019011733,0.005400666141821755,0.21743551782603704,Baricitinib,none,0.0,non-responsive,.D+50.019IKSDSILLTHDGR.,.DIKSDSILLTHDGR.,sp|O96013|PAK4_HUMAN,3,1619.8,0.0,False
2103,46,0,0.04110470643299492,0.004609084678216495,0.00041021619943403865,0.10347679725350697,AT-9283,none,0.0,non-responsive,.D+41.008LKPENILLDEEGHIK.,.DLKPENILLDEEGHIK.,sp|Q15418|KS6A1_HUMAN,3,1904.0,0.00773752,False
2104,46,0,0.02070498266701878,0.002601342032731741,0.005237317475412753,0.2150399287695821,Apitolisib,none,0.0,non-responsive,.ATQQQHDFTLTQ-18.021TADGR.,.ATQQQHDFTLTQTADGR.,sp|P78527|PRKDC_HUMAN,3,1899.9,0.0,False
2105,46,0,0.022904542954376064,0.004622793598048472,0.0024947204358657777,0.18867064869927044,AXL-1717,none,0.0,non-responsive,.A+11.996NQGDEAC+57.021THC+57.021PINSR.,.ANQGDEACTHCPINSR.,sp|P29323|EPHB2_HUMAN,3,1955.8,0.00463226,False
2106,46,0,0.008462259070142877,0.002576170792348009,0.0025412011201014976,0.18867852250399797,AMG-208,none,0.0,non-responsive,.+43.006YLTVAAVFR.,.YLTVAAVFR.,sp|P07437|TBB5_HUMAN,2,1082.6,0.0,False
2107,46,0,0.007778312135620093,0.0022832881049767227,0.0002926681680790753,0.08703180266041,Barasertib_HQPA,none,0.0,non-responsive,.+43.006EKPYFPIPEEYTFIQNVPLEDR.,.EKPYFPIPEEYTFIQNVPLEDR.,sp|Q00839|HNRPU_HUMAN,3,2767.3,0.0,False
2108,46,0,0.020894637797480516,0.0055676671615781355,0.005327426035306763,0.21632548158000803,AZD-5363,none,0.0,non-responsive,.YNPTW+15.991HC+57.021IVGR.,.YNPTWHCIVGR.,sp|P63167|DYL1_HUMAN,3,1475.7,0.0,False
2109,46,0,0.02434388600450838,0.00595767814067425,8.255278446581867e-05,0.06738139431726822,AV-412,none,0.0,non-responsive,.Y+50.02VLDDEYTSSVGSKFPVR.,.YVLDDEYTSSVGSKFPVR.,sp|Q06187|BTK_HUMAN,2,2112.0,0.0,False
2110,46,1,0.027498889524877144,0.005452998468490419,1.2682211771263116e-05,0.04427114667184639,BMS-690514,decreasing,0.005452998468490419,drug-specific responsive (decreasing),.TVS+79.969TSSQPEENVDR.,.TVSTSSQPEENVDR.,sp|P42684|ABL2_HUMAN,2,1628.7,0.00150983,False
2111,46,0,0.018567037421041013,0.0036468249120071355,0.0026589034113515516,0.19094677198099427,Barasertib_HQPA,none,0.0,non-responsive,.TSEVY+13.976VWGGGK.,.TSEVYVWGGGK.,sp|Q8TD19|NEK9_HUMAN,2,1196.5,0.0096374,False
2112,46,0,0.021289625714608594,0.005969100879250916,0.00315598203845056,0.19867578090632773,BI-847325,none,0.0,non-responsive,.TPALVFEHV+92.935NNTDFK.,.TPALVFEHVNNTDFK.,sp|P68400|CSK21_HUMAN,3,1824.8,0.00463226,False
2113,46,0,0.01533726407276454,0.004332888403700531,0.01089343220742418,0.2640348153647719,AZD-4547,none,0.0,non-responsive,.T+50.001QHLSNDHIC+57.021YFLYQILR.,.TQHLSNDHICYFLYQILR.,sp|P28482|MK01_HUMAN,3,2428.2,0.00327035,False
2114,46,0,0.014191694923284596,0.0051536493337811,0.0028551400538797665,0.19274421767348654,BMS-387032,none,0.0,non-responsive,.SGAAAAAVTTETA+128.099QHAQGAKPQVQPQK.,.SGAAAAAVTTETAQHAQGAKPQVQPQK.,sp|P22830|HEMH_HUMAN,4,2774.4,0.0,False
2115,46,0,0.014510579783844403,0.004223078323584589,0.01602918787022011,0.29627713452033233,Baricitinib,none,0.0,non-responsive,.S+79.976VVGTPAYLAPEVLLNQGYNR.,.SVVGTPAYLAPEVLLNQGYNR.,sp|Q9BZL6|KPCD2_HUMAN,2,2341.2,0.0,False
2116,46,0,0.02943061437151782,0.005437993827117727,0.0003395974691474875,0.09256811114306135,Alisertib,none,0.0,non-responsive,.S+50.015TFSTLQELVDHYKK.,.STFSTLQELVDHYKK.,sp|P08631|HCK_HUMAN,3,1845.9,0.0,False
2117,46,0,0.009104941973960546,0.002841659745815256,0.0010784777349087443,0.1420123349691711,Alisertib,none,0.0,non-responsive,.QLFHPEQLITGKEDAANNY+183.025AR.,.QLFHPEQLITGKEDAANNYAR.,sp|P68363|TBA1B_HUMAN,4,2598.2,0.0,False
2118,46,0,0.009104941973960546,0.002841659745815256,0.0010784777349087443,0.1420123349691711,Alisertib,none,0.0,non-responsive,.QL+69.999FHPEQLITGKEDAANNYAR.,.QLFHPEQLITGKEDAANNYAR.,sp|P68363|TBA1B_HUMAN,3,2485.2,0.0,False
2119,46,0,0.01647262458098031,0.004216184400892277,0.005377492262908512,0.21705532459181073,AT-13148,none,0.0,non-responsive,.QK+70.006IVQAEGEAEAAK.,.QKIVQAEGEAEAAK.,sp|Q99623|PHB2_HUMAN,2,1541.8,0.0,False
2120,46,0,0.026419382450086716,0.004775601297643522,0.0009786102795784988,0.1420123349691711,ASP-3026,none,0.0,non-responsive,.QATVSW-59.046DSGGSDEAPPKPSRPGYPSPR.,.QATVSWDSGGSDEAPPKPSRPGYPSPR.,sp|Q05397|FAK1_HUMAN,4,2767.3,0.0,False
2121,46,0,0.014929881781778682,0.0044173456197031365,0.003359249210003151,0.20139676080913627,Axitinib,none,0.0,non-responsive,.NGQGW+32.98VPSNYITPVNSLEK.,.NGQGWVPSNYITPVNSLEK.,sp|P00519|ABL1_HUMAN,2,2136.0,0.00312377,False
2122,46,0,0.023291990150811088,0.003899185596855461,0.0003051980472312533,0.08703180266041,ASP-3026,none,0.0,non-responsive,.LIGSVDDLLPSLPSS+128.095SR.,.LIGSVDDLLPSLPSSSR.,sp|Q14289|FAK2_HUMAN,3,1884.0,0.0,False
2123,46,0,0.015467264825729363,0.004506023386653651,0.0031813015710668966,0.19897691771579754,Apatinib,none,0.0,non-responsive,.LGLDSEEDY+13.977YTPQKVDVPK.,.LGLDSEEDYYTPQKVDVPK.,sp|Q8TD19|NEK9_HUMAN,3,2210.0,0.00857656,False
2124,46,0,0.05535357202247947,0.0061107352872294554,0.0037262455997857016,0.2045770662850812,Apatinib,none,0.0,non-responsive,.LGAQLADLHLDNK+58.002K.,.LGAQLADLHLDNKK.,sp|Q9HA64|KT3K_HUMAN,3,1593.8,0.0,False
2125,46,0,0.05535357202247947,0.0061107352872294554,0.0037262455997857016,0.2045770662850812,Apatinib,none,0.0,non-responsive,.L+78.008GAQLADLHLDNKK.,.LGAQLADLHLDNKK.,sp|Q9HA64|KT3K_HUMAN,4,1613.8,0.0,False
2126,46,0,0.027744278610022287,0.006044407943868893,0.006716039030801744,0.22775812087690717,BI-847325,none,0.0,non-responsive,.KW+13.987ESPAQNTAHLDQFER.,.KWESPAQNTAHLDQFER.,sp|P17612|KAPCA_HUMAN,3,2071.0,0.0,False
2127,46,0,0.009512999743697813,0.0023645367072558945,0.008749262398840895,0.2470743795351314,ASP-3026,none,0.0,non-responsive,.KL+28.007EAAEDIAYQLSR.,.KLEAAEDIAYQLSR.,sp|P35232|PHB_HUMAN,2,1634.8,0.0,False
2128,46,0,0.017485920412381905,0.00470614809215804,0.0006143042226883677,0.12129708246412342,Alisertib,none,0.0,non-responsive,.IPWFQ+52.915YPIIYDIR.,.IPWFQYPIIYDIR.,sp|Q99623|PHB2_HUMAN,3,1776.8,0.00463226,False
2129,46,0,0.022550829090786453,0.0039694806169829734,8.6294013856696e-05,0.06738139431726822,AT-9283,none,0.0,non-responsive,.IGHY+183.026ILGDTLGVGTFGK.,.IGHYILGDTLGVGTFGK.,sp|Q13131|AAPK1_HUMAN,3,1930.9,0.0,False
2130,46,0,0.02074170655128613,0.004741502025293997,0.009689442073581956,0.2543253547667127,AZD-7762,none,0.0,non-responsive,.GAQ+50.023GEPHDVAPNGPSAGGLAIPQSSSSSSRPPTR.,.GAQGEPHDVAPNGPSAGGLAIPQSSSSSSRPPTR.,sp|O96013|PAK4_HUMAN,3,3319.6,0.0,False
2131,46,0,0.015321704189499656,0.003955793095822454,0.0008891797923990022,0.1385295801739095,BMS-777607,none,0.0,non-responsive,.G+50.009IPHLVTHDAR.,.GIPHLVTHDAR.,sp|P62701|RS4X_HUMAN,3,1265.7,0.0,False
2132,46,0,0.018529061352676526,0.0037207585702910733,0.0008827738577431656,0.1385295801739095,AT-9283,none,0.0,non-responsive,.FSLSGGYW+15.995NSVSDTAK.,.FSLSGGYWNSVSDTAK.,sp|P51812|KS6A3_HUMAN,2,1734.8,0.00876248,False
2133,46,0,0.02532779734123676,0.005000625810201055,0.0007515959479885825,0.13160834225175477,Alisertib,none,0.0,non-responsive,.FE+27.999NAFLSHVVSQHQALLGTIR.,.FENAFLSHVVSQHQALLGTIR.,sp|P25705|ATPA_HUMAN,3,2395.2,0.0,False
2134,46,0,0.021328995435838792,0.003902366189885716,0.00020504347690740297,0.07868361650189579,AV-412,none,0.0,non-responsive,.F+97.997TNSETAEHIAQGLR.,.FTNSETAEHIAQGLR.,sp|Q06187|BTK_HUMAN,2,1771.8,0.0,False
2135,46,0,0.024612217581993525,0.003945202317505119,0.0018301076918028443,0.16886405473672586,Alectinib,none,0.0,non-responsive,.DLKPSNLLINTTC+209.014DLK.,.DLKPSNLLINTTCDLK.,sp|P28482|MK01_HUMAN,2,2054.0,0.0,False
2136,46,0,0.020436164120828503,0.003708203413035825,0.0052623790328575,0.2150399287695821,AMG-900,none,0.0,non-responsive,.DLKPSNLAVNED+318.135C+57.021ELK.,.DLKPSNLAVNEDCELK.,sp|Q16539|MK14_HUMAN,3,2220.0,0.0,False
2137,46,0,0.04660442014044339,0.004439659090670052,0.003441739891041157,0.20276292294681048,Baricitinib,none,0.0,non-responsive,.DLK+58.004PENLLLASK.,.DLKPENLLLASK.,sp|Q13557|KCC2D_HUMAN,2,1398.8,0.00579637,False
2138,46,0,0.022931574819976406,0.004880703042990311,0.00806274041820681,0.2427821789282616,AZD-1208,none,0.0,non-responsive,.APEILLGC+88.993K.,.APEILLGCK.,sp|P24941|CDK2_HUMAN,2,1089.5,0.00628262,False
2139,46,0,0.008718301652815787,0.0025688068903582835,0.017485252705573488,0.30298905068593035,AZD-2014,none,0.0,non-responsive,.+43.006LSSLNLTNQALNK.,.LSSLNLTNQALNK.,sp|Q86YS7|C2CD5_HUMAN,2,1458.8,0.0,False
2140,46,0,0.029264084926081232,0.004091200902055169,0.00062433558131975,0.12129708246412342,AT-9283,none,0.0,non-responsive,.+43.006LAYNEEQIHKFDK.,.LAYNEEQIHKFDK.,sp|Q9UHD2|TBK1_HUMAN,3,1677.8,0.00112134,False
2141,46,0,0.01225558518393674,0.0028125309018407663,0.0013494664720755261,0.1523285785712029,Abemaciclib,none,0.0,non-responsive,.+43.006ILFRPVASQLPR.,.ILFRPVASQLPR.,sp|P35232|PHB_HUMAN,3,1439.8,0.000594809,False
2142,46,0,0.01637994705342804,0.0037308683272364324,0.004166012710244665,0.20522078595871698,Barasertib_HQPA,none,0.0,non-responsive,.VQVEY+183.037KGETK.,.VQVEYKGETK.,sp|P11142|HSP7C_HUMAN,3,1363.6,0.00966977,False
2143,46,0,0.0175404783354204,0.003883937582673199,0.0098617401799851,0.2556139433717575,Alisertib,none,0.0,non-responsive,.T-4.03TPC+57.021SSAIINPLSTAGNSER.,.TTPCSSAIINPLSTAGNSER.,sp|O43353|RIPK2_HUMAN,2,2129.0,0.0,False
2144,46,0,0.006211000411220085,0.0020496990042686027,0.017633433147503996,0.304359129990969,ARRY-380,none,0.0,non-responsive,.T-3.969TPSYVAFTDTER.,.TTPSYVAFTDTER.,sp|P11142|HSP7C_HUMAN,2,1483.7,0.00461538,False
2145,46,0,0.01983121691961178,0.004612546742579676,0.08499353150449712,0.4963465094718842,AZD-2014,none,0.0,non-responsive,.QEY+17.046DESGPSIVHR.,.QEYDESGPSIVHR.,sp|P60709|ACTB_HUMAN,3,1533.7,0.0,False
2146,46,0,0.022020879645692458,0.0035450554024268194,0.010245276521903868,0.25897981752343546,Alisertib,none,0.0,non-responsive,.N+27.987HQDPLAVAYHLIIDNRR.,.NHQDPLAVAYHLIIDNRR.,sp|Q13131|AAPK1_HUMAN,4,2173.1,0.0,False
2147,46,0,0.03426509010442209,0.005204478062689369,0.010447775065829428,0.2617143469325767,BMS-754807,none,0.0,non-responsive,.LISW+29.982YDNEFGYSNR.,.LISWYDNEFGYSNR.,sp|P04406|G3P_HUMAN,2,1793.8,0.0,False
2148,46,0,0.02549618959801242,0.005671941751238711,0.00013185517812588335,0.07290394674065966,ASP-3026,none,0.0,non-responsive,.L+50.016VNGTSQSFIIRPQK.,.LVNGTSQSFIIRPQK.,sp|Q05397|FAK1_HUMAN,2,1737.9,0.0,False
2149,46,0,0.011323753448960173,0.003367023151928326,0.0024224659358145105,0.1879191048345285,AMG-208,none,0.0,non-responsive,.L-4.031GLPGDEVDNKVK.,.LGLPGDEVDNKVK.,sp|P78527|PRKDC_HUMAN,2,1379.7,0.0,False
2150,46,0,0.020144127381592308,0.0034239790868667093,0.0002549515933264204,0.08346657353579164,AT-9283,none,0.0,non-responsive,.L-4.021SSSQGTIETSLQDIDSR.,.LSSSQGTIETSLQDIDSR.,sp|Q9UHD2|TBK1_HUMAN,2,1932.9,0.00285235,False
2151,46,0,0.041070589641556396,0.0067068333037666695,0.001381173119325992,0.15266971308259678,Apitolisib,none,0.0,non-responsive,.KLDNGGY+183.033YITTR.,.KLDNGGYYITTR.,sp|P07947|YES_HUMAN,3,1583.7,0.0,False
2152,46,0,0.014673192211190554,0.0034336771794139477,0.03736284948678882,0.3895578338195252,AMG-900,none,0.0,non-responsive,.KI-17.023SPFEHQTYC+57.021QR.,.KISPFEHQTYCQR.,sp|P28482|MK01_HUMAN,3,1733.8,0.0,False
2153,46,0,0.014673192211190554,0.0034336771794139477,0.03736284948678882,0.3895578338195252,AMG-900,none,0.0,non-responsive,.K+212.075ISPFEHQTYC+57.021QR.,.KISPFEHQTYCQR.,sp|P28482|MK01_HUMAN,3,1962.9,0.0,False
2154,46,0,0.041070589641556396,0.0067068333037666695,0.001381173119325992,0.15266971308259678,Apitolisib,none,0.0,non-responsive,.K+182.078LDNGGYYITTR.,.KLDNGGYYITTR.,sp|P07947|YES_HUMAN,2,1582.8,0.0,False
2155,46,0,0.021336041664052646,0.003114359666559237,0.003778086493177798,0.2045770662850812,AZD-8055,none,0.0,non-responsive,.ISPFEHQTY+20.952C+57.021QR.,.ISPFEHQTYCQR.,sp|P28482|MK01_HUMAN,3,1643.7,0.0054615,False
2156,46,0,0.05966601703053956,0.006241093992218745,0.0026818928785869935,0.1912818123811847,Alectinib,none,0.0,non-responsive,.IQAAAST+79.963PTNATAASDANTGDR.,.IQAAASTPTNATAASDANTGDR.,sp|P49841|GSK3B_HUMAN,2,2183.9,0.0,False
2157,46,0,0.0206614715016843,0.004495475341027001,0.023228322542192252,0.33152900605425145,Alisertib,none,0.0,non-responsive,.IINE-4.09PTAAAIAYGLDKK.,.IINEPTAAAIAYGLDKK.,sp|P11142|HSP7C_HUMAN,3,1783.9,0.0,False
2158,46,0,0.012176053197699039,0.0025588934718727796,0.04079044816404956,0.39982202879333284,AMG-900,none,0.0,non-responsive,.IADPEHDHTGFLTEY+183.03VATR.,.IADPEHDHTGFLTEYVATR.,sp|P27361|MK03_HUMAN,4,2355.0,0.0,False
2159,46,0,0.017983310127973443,0.003573009915696194,0.0026405009988531456,0.19094677198099427,Alvocidib,none,0.0,non-responsive,.I-4.001NLEAAELGEISDIHTK.,.INLEAAELGEISDIHTK.,sp|Q9UHD2|TBK1_HUMAN,3,1848.9,0.0,False
2160,46,0,0.007979792246652441,0.0029163649141405235,0.0019768517897669007,0.170594111985347,Alectinib,none,0.0,non-responsive,.HSLDASQGT-18.008ATGPR.,.HSLDASQGTATGPR.,sp|O00330|ODPX_HUMAN,3,1379.7,0.0,False
2161,46,0,0.025712105704703794,0.0057377790108752965,9.402199826186298e-05,0.06738139431726822,BMS-690514,none,0.0,non-responsive,.H+84.021YTNASDGLC+57.021TR.,.HYTNASDGLCTR.,sp|P06239|LCK_HUMAN,2,1535.6,0.0,False
2162,46,0,0.02163872886662092,0.0035782680411816973,0.004459392428821908,0.20711811550913553,BMS-777607,none,0.0,non-responsive,.G+27.983HYTEGAELVDSVLDVVR.,.GHYTEGAELVDSVLDVVR.,sp|P07437|TBB5_HUMAN,2,1986.9,0.00396383,False
2163,46,0,0.04727503526182894,0.007924423070852482,0.0027951502265964796,0.19271615938223435,BMS-777607_withCAKI,none,0.0,non-responsive,.EHE+13.976WFKQDLPK.,.EHEWFKQDLPK.,sp|Q13131|AAPK1_HUMAN,3,1470.7,0.0,False
2164,46,0,0.03729801195442356,0.006726699947958238,0.0033417906945032508,0.20101827682360715,Baricitinib,none,0.0,non-responsive,.E+100.021STESSNTTIEDEDVKAR.,.ESTESSNTTIEDEDVKAR.,sp|Q13557|KCC2D_HUMAN,2,2110.9,0.00484516,False
2165,46,0,0.024612217581993525,0.003945202317505119,0.0018301076918028443,0.16886405473672586,Alectinib,none,0.0,non-responsive,.DLKPSNLLINTTC+70.044DLK.,.DLKPSNLLINTTCDLK.,sp|P28482|MK01_HUMAN,2,1915.0,0.00150983,False
2166,46,0,0.025132757065381105,0.005775318691462297,0.0004268222171761659,0.10593707851311651,BMS-690514,none,0.0,non-responsive,.AANILVSDTLSC+88.994K.,.AANILVSDTLSCK.,sp|P06239|LCK_HUMAN,2,1480.7,0.00461538,False
2167,46,0,0.010692154307715328,0.0034975251523545266,0.012805313034028303,0.27667311468668926,AT-9283,none,0.0,non-responsive,.A+41.003SGNYATVISHNPETK.,.ASGNYATVISHNPETK.,sp|P62917|RL8_HUMAN,2,1729.8,0.0,False
2168,46,0,0.015006093448470722,0.003920903138884834,0.006499785308771016,0.22775812087690717,Alectinib,none,0.0,non-responsive,.A+26.014GFAGDDAPR.,.AGFAGDDAPR.,sp|P60709|ACTB_HUMAN,2,1002.4,0.0,False
2169,46,0,0.015412043061229163,0.002841993044281083,0.02192065765856395,0.3251320900521487,AZD-2014,none,0.0,non-responsive,.+43.006AGGGAAEQEELHYIPIR.,.AGGGAAEQEELHYIPIR.,sp|Q8TD19|NEK9_HUMAN,3,1853.9,0.0,False
2170,46,0,0.01921597848559665,0.0038372316205809013,0.0020905224864298526,0.1748756425978576,Bafetinib,none,0.0,non-responsive,.T+27.994LFPGTDHIDQLK.,.TLFPGTDHIDQLK.,sp|Q16539|MK14_HUMAN,2,1512.8,0.00865266,False
2171,46,0,0.01134204264477667,0.0035010489368989457,0.014484653320755993,0.28452654912064074,Apitolisib,none,0.0,non-responsive,.SYELPDGQ+37.939VITIGNER.,.SYELPDGQVITIGNER.,sp|P60709|ACTB_HUMAN,3,1828.8,0.00968012,False
2172,46,0,0.02154461955846263,0.004785835862821171,0.005863242530705118,0.22157730728684213,Alisertib,none,0.0,non-responsive,.STTTGHLIY+183.035K.,.STTTGHLIYK.,sp|P68104|EF1A1_HUMAN,2,1303.6,0.00224034,False
2173,46,0,0.011365238486953408,0.0035096678344957695,0.013007201137182373,0.2779513666810219,AMG-208,none,0.0,non-responsive,.S+43.116FFTAYHR.,.SFFTAYHR.,sp|Q9H479|FN3K_HUMAN,2,1071.6,0.00408904,False
2174,46,0,0.031149734710255176,0.004645581296385861,0.00019696937915324308,0.07868361650189579,AEW-541,none,0.0,non-responsive,.S+38.041LDNGGYYISPR.,.SLDNGGYYISPR.,sp|P07948|LYN_HUMAN,2,1379.7,0.00887739,False
2175,46,0,0.03522505238549648,0.00720108437493081,0.0006373892548939455,0.12170830371361625,AZD-7762,none,0.0,non-responsive,.LTT-18.008VC+57.021PTSKPQTQGLAK.,.LTTVCPTSKPQTQGLAK.,sp|P12931|SRC_HUMAN,3,1869.0,0.00578472,False
2176,46,0,0.02933545737840723,0.0059820982715696625,0.00021992871644231608,0.08032372570101826,BI-847325,none,0.0,non-responsive,.LNTLETEEW+32.986FFKDITR.,.LNTLETEEWFFKDITR.,sp|P07948|LYN_HUMAN,2,2075.0,0.00224034,False
2177,46,0,0.03426509010442209,0.005204478062689369,0.010447775065829428,0.2617143469325767,BMS-754807,none,0.0,non-responsive,.LIS+47.964WYDNEFGYSNR.,.LISWYDNEFGYSNR.,sp|P04406|G3P_HUMAN,2,1811.7,0.00177173,False
2178,46,0,0.02023801692120724,0.004623092467399574,7.923602402215854e-05,0.06650735231147029,AMG-208,none,0.0,non-responsive,.LHAEFAAE+3.996RDWEQFHQPR.,.LHAEFAAERDWEQFHQPR.,sp|Q9H773|DCTP1_HUMAN,4,2271.1,0.0,False
2179,46,0,0.07764541279054331,0.004642836899760089,0.00155817988731543,0.16137319802404354,BMS-690514,none,0.0,non-responsive,.LGLDY+13.977EER.,.LGLDYEER.,sp|Q99623|PHB2_HUMAN,2,1008.4,0.0,False
2180,46,0,0.018936997578002338,0.005156645584521449,0.0017268723064227697,0.16886405473672586,AT-9283,none,0.0,non-responsive,.LFQQILSGVDYC+225.009HR.,.LFQQILSGVDYCHR.,sp|Q13131|AAPK1_HUMAN,3,1960.8,0.00328028,False
2181,46,0,0.01932469322426262,0.005149623587243326,0.024385556241764843,0.3364634666202451,AMG-208_withCAKI,none,0.0,non-responsive,.L-3.979GIHEDSTNR.,.LGIHEDSTNR.,sp|P08238|HS90B_HUMAN,3,1137.6,0.0,False
2182,46,0,0.02023801692120724,0.004623092467399574,7.923602402215854e-05,0.06650735231147029,AMG-208,none,0.0,non-responsive,.L+24HAEFAAERDWEQFHQPR.,.LHAEFAAERDWEQFHQPR.,sp|Q9H773|DCTP1_HUMAN,4,2291.1,0.0,False
2183,46,0,0.014673192211190554,0.0034336771794139477,0.03736284948678882,0.3895578338195252,AMG-900,none,0.0,non-responsive,.KISPFEHQTYC+88.991QR.,.KISPFEHQTYCQR.,sp|P28482|MK01_HUMAN,3,1782.8,0.0,False
2184,46,0,0.014673192211190554,0.0034336771794139477,0.03736284948678882,0.3895578338195252,AMG-900,none,0.0,non-responsive,.KISPFEHQTY+183.044C+57.021QR.,.KISPFEHQTYCQR.,sp|P28482|MK01_HUMAN,3,1933.9,0.0,False
2185,46,0,0.0115637346518421,0.0036818649379323125,0.031623289942291084,0.3705250288461334,BMS-777607,none,0.0,non-responsive,.KG+21.983NLVYIIDFGLAK.,.KGNLVYIIDFGLAK.,sp|P48730|KC1D_HUMAN,2,1572.9,0.0,False
2186,46,0,0.027744278610022287,0.006044407943868893,0.006716039030801744,0.22775812087690717,BI-847325,none,0.0,non-responsive,.K+59.02WESPAQNTAHLDQFER.,.KWESPAQNTAHLDQFER.,sp|P17612|KAPCA_HUMAN,3,2116.0,0.0,False
2187,46,0,0.014673192211190554,0.0034336771794139477,0.03736284948678882,0.3895578338195252,AMG-900,none,0.0,non-responsive,.K+198.098ISPFEHQTYC+57.021QR.,.KISPFEHQTYCQR.,sp|P28482|MK01_HUMAN,3,1948.9,0.0,False
2188,46,0,0.030045878737968122,0.0039754635371177325,0.0005062174791001708,0.11477340483316165,Alvocidib,none,0.0,non-responsive,.IGEGTY+183.033GTVFK.,.IGEGTYGTVFK.,sp|Q00535|CDK5_HUMAN,2,1354.6,0.00150983,False
2189,46,0,0.021336041664052646,0.003114359666559237,0.003778086493177798,0.2045770662850812,AZD-8055,none,0.0,non-responsive,.I+42.135SPFEHQTYC+57.021QR.,.ISPFEHQTYCQR.,sp|P28482|MK01_HUMAN,3,1664.9,0.0054615,False
2190,46,0,0.017983310127973443,0.003573009915696194,0.0026405009988531456,0.19094677198099427,Alvocidib,none,0.0,non-responsive,.I-3.986NLEAAELGEISDIHTK.,.INLEAAELGEISDIHTK.,sp|Q9UHD2|TBK1_HUMAN,3,1849.0,0.0,False
2191,46,0,0.02012598811337369,0.005066162780225258,0.0011984830010180743,0.1446991877256131,AV-412,none,0.0,non-responsive,.HYVVC+47.998STPQSQYYLAEK.,.HYVVCSTPQSQYYLAEK.,sp|Q06187|BTK_HUMAN,2,2121.0,0.00549833,False
2192,46,0,0.03225852469894053,0.007107803588175346,0.0008857847286942044,0.1385295801739095,BMS-690514,none,0.0,non-responsive,.H+39.929SNLVQLLGVIVEEK.,.HSNLVQLLGVIVEEK.,sp|P41240|CSK_HUMAN,2,1717.9,0.00359093,False
2193,46,0,0.02074170655128613,0.004741502025293997,0.009689442073581956,0.2543253547667127,AZD-7762,none,0.0,non-responsive,.GAQ+28.006GEPHDVAPNGPSAGGLAIPQSSSSSSRPPTR.,.GAQGEPHDVAPNGPSAGGLAIPQSSSSSSRPPTR.,sp|O96013|PAK4_HUMAN,3,3297.6,0.0,False
2194,46,0,0.017145934832234352,0.003355061793731067,0.040365047823745656,0.39830935164278924,Alisertib,none,0.0,non-responsive,.G+23.995HYTEGAELVDSVLDVVRK.,.GHYTEGAELVDSVLDVVRK.,sp|P07437|TBB5_HUMAN,3,2111.1,0.00662334,False
2195,46,0,0.029686223630176086,0.008063805924631748,0.0003223308310410649,0.08989956412656917,Abemaciclib,none,0.0,non-responsive,.F+26.001GLALAVAGGVVNSALYNVDAGHR.,.FGLALAVAGGVVNSALYNVDAGHR.,sp|P35232|PHB_HUMAN,2,2397.2,0.00198624,False
2196,46,0,0.025722392854113665,0.005552556553673438,0.03816465709294247,0.3918466068424166,Alisertib,none,0.0,non-responsive,.DSY+183.028VGDEAQSKR.,.DSYVGDEAQSKR.,sp|P60709|ACTB_HUMAN,3,1537.6,0.0,False
2197,46,0,0.009541777261913824,0.003409544597889819,0.011232655383226226,0.26494439794648283,Barasertib_HQPA,none,0.0,non-responsive,.DSGGREDLVYNIICK.,.DSGGREDLVYNIICK.,sp|P29323|EPHB2_HUMAN,2,1738.8,0.00886722,False
2198,46,0,0.02619338101599717,0.0075879519305816975,0.00707838565224322,0.2306985162313932,AZD-6482,none,0.0,non-responsive,.C+73.016DSSPDSAEDVRK.,.CDSSPDSAEDVRK.,sp|P02765|FETUA_HUMAN,2,1538.6,0.00741792,False
2199,46,0,0.019621632705716437,0.003578883391189201,0.0019145751949908244,0.16886405473672586,AT-13148,none,0.0,non-responsive,.C+57.021GDNVQY+77.974APR.,.CGDNVQYAPR.,sp|P29323|EPHB2_HUMAN,2,1314.5,0.0,False
2200,46,0,0.02103644728296524,0.004178783354979496,0.001057297284197376,0.1420123349691711,AZD-1208,none,0.0,non-responsive,.YVLDDEY+13.981TSSVGSK.,.YVLDDEYTSSVGSK.,sp|Q06187|BTK_HUMAN,2,1576.7,0.00362453,False
2201,46,0,0.022574584026210105,0.004826961596758295,0.01673339302172389,0.29876326115259044,ASP-3026,none,0.0,non-responsive,.YHTIN-17.024GHNAEVR.,.YHTINGHNAEVR.,sp|P22626|ROA2_HUMAN,3,1393.6,0.00484128,False
2202,46,0,0.011334914659024973,0.0033239736267885026,0.0010466712116384083,0.1420123349691711,BMS-777607_withCAKI,none,0.0,non-responsive,.Y+70IHSANVLHR.,.YIHSANVLHR.,sp|P28482|MK01_HUMAN,3,1279.6,0.0,False
2203,46,0,0.04859095867278977,0.005606349853993284,0.00018624553878687455,0.07868361650189579,BMS-387032,none,0.0,non-responsive,.VG+26.008VTLAGHQK.,.VGVTLAGHQK.,sp|P29323|EPHB2_HUMAN,2,1035.6,0.00150983,False
2204,46,0,0.020162911183859003,0.004566073246266192,0.003756501112615783,0.2045770662850812,Barasertib_HQPA,none,0.0,non-responsive,.V+27.992SFYQLSHFLQC+57.021K.,.VSFYQLSHFLQCK.,sp|P16615|AT2A2_HUMAN,2,1741.8,0.00503974,False
2205,46,0,0.01785065125058224,0.0042009633743603,0.0014178132273937347,0.15466598629275502,Alvocidib,none,0.0,non-responsive,.V+27.989YGGEIVLALEHLHK.,.VYGGEIVLALEHLHK.,sp|O75676|KS6A4_HUMAN,3,1705.9,0.00349702,False
2206,46,0,0.02967526297665371,0.0035693076282266563,0.010637797848627393,0.26348576200256657,AZD-6482,none,0.0,non-responsive,.V+26.01ASEAPLEHKPQVEASSPR.,.VASEAPLEHKPQVEASSPR.,sp|Q8TD19|NEK9_HUMAN,3,2058.0,0.00773752,False
2207,46,0,0.01228574993906488,0.004088339752868465,0.001125463251534584,0.14383210415304723,Barasertib_HQPA,none,0.0,non-responsive,.V+17SC+57.021GDEFTIAATDDNHIFAWGNGGNGR.,.VSCGDEFTIAATDDNHIFAWGNGGNGR.,sp|Q8TD19|NEK9_HUMAN,3,2955.3,0.00349702,False
2208,46,0,0.01533726407276454,0.004332888403700531,0.01089343220742418,0.2640348153647719,AZD-4547,none,0.0,non-responsive,.TQHLSNDHIC+57.021Y+183.029FLYQILR.,.TQHLSNDHICYFLYQILR.,sp|P28482|MK01_HUMAN,4,2561.2,0.0,False
2209,46,0,0.01533726407276454,0.004332888403700531,0.01089343220742418,0.2640348153647719,AZD-4547,none,0.0,non-responsive,.TQHLSNDHIC-32.007YFLYQILR.,.TQHLSNDHICYFLYQILR.,sp|P28482|MK01_HUMAN,3,2289.1,0.00608532,False
2210,46,0,0.012260120894585991,0.004051374738373905,0.01563768214206043,0.2937518324128296,Barasertib_HQPA,none,0.0,non-responsive,.T+38.055TSEGATNC+57.021VC+57.021R.,.TTSEGATNCVCR.,sp|P29323|EPHB2_HUMAN,2,1507.6,0.00329239,False
2211,46,0,0.03506537336714959,0.006854329970837718,0.015053642954788747,0.28993228975530966,AMG-208,none,0.0,non-responsive,.T+27.991ATPQQAQEVHEK.,.TATPQQAQEVHEK.,sp|P60174|TPIS_HUMAN,2,1494.7,0.0,False
2212,46,0,0.04486639662933821,0.006379573736498679,0.022919954775818978,0.32942401468019894,Alvocidib,none,0.0,non-responsive,.SLAYIHSQGVC-33.99HR.,.SLAYIHSQGVCHR.,sp|P49840|GSK3A_HUMAN,3,1493.7,0.00323489,False
2213,46,0,0.021843247789811466,0.005433773722863114,0.0008542794518837551,0.1385295801739095,AT-9283,none,0.0,non-responsive,.S-5.035EPPTLAQPSR.,.SEPPTLAQPSR.,sp|Q9H2G2|SLK_HUMAN,2,1177.6,0.00824219,False
2214,46,0,0.021253787448220363,0.004342707883699414,0.030100230174086202,0.363109446413658,Baricitinib,none,0.0,non-responsive,.RYD+42.002DPEVQKDIK.,.RYDDPEVQKDIK.,sp|P38646|GRP75_HUMAN,3,1547.7,0.00966977,False
2215,46,0,0.010738717178706874,0.0033763291779875747,0.013211902665137604,0.2784310354103976,BMS-777607,none,0.0,non-responsive,.Q-18.011AVDVSPLR.,.QAVDVSPLR.,sp|P46782|RS5_HUMAN,2,966.5,0.00198624,False
2216,46,0,0.009426800039832053,0.002629642528966679,0.03211895567042759,0.37152886572702243,Barasertib_HQPA,none,0.0,non-responsive,.Q-18.009AASSLQQASLK.,.QAASSLQQASLK.,sp|P38646|GRP75_HUMAN,2,1213.6,0.0,False
2217,46,0,0.01647262458098031,0.004216184400892277,0.005377492262908512,0.21705532459181073,AT-13148,none,0.0,non-responsive,.Q-14.004KIVQAEGEAEAAK.,.QKIVQAEGEAEAAK.,sp|Q99623|PHB2_HUMAN,2,1457.8,0.00823422,False
2218,46,0,0.0432349332890432,0.0036088065750452254,0.008134538786781756,0.24297535814768625,BMS-387032,none,0.0,non-responsive,.N+58.002YLLSLPHK.,.NYLLSLPHK.,sp|P28482|MK01_HUMAN,2,1142.6,0.00205683,False
2219,46,0,0.021658124803299532,0.004396774077116857,6.425493656992575e-05,0.06650735231147029,AV-412,none,0.0,non-responsive,.LVQLYGVC-33.989TK.,.LVQLYGVCTK.,sp|Q06187|BTK_HUMAN,2,1146.6,0.00472725,False
2220,46,0,0.061515332331704774,0.005982856916512856,0.008843804676843038,0.2482574119596808,Barasertib,none,0.0,non-responsive,.L-3.998APEYEAAATR.,.LAPEYEAAATR.,sp|P30101|PDIA3_HUMAN,2,1187.6,0.00177173,False
2221,46,0,0.02089128911974714,0.0037403333128160476,0.04357583286416224,0.40660184956712314,Baricitinib,none,0.0,non-responsive,.L-18.02TQYIDGQGRPR.,.LTQYIDGQGRPR.,sp|Q13555|KCC2G_HUMAN,3,1385.7,0.0,False
2222,46,0,0.014673192211190554,0.0034336771794139477,0.03736284948678882,0.3895578338195252,AMG-900,none,0.0,non-responsive,.KI-26.068SPFEHQTYC+57.021QR.,.KISPFEHQTYCQR.,sp|P28482|MK01_HUMAN,3,1724.7,0.0,False
2223,46,0,0.007059557775349955,0.002187252266756277,0.02710092083872914,0.3502246081390185,BI-2536,none,0.0,non-responsive,.ISVY+14.98YNEATGGK.,.ISVYYNEATGGK.,sp|P07437|TBB5_HUMAN,2,1316.6,0.00844313,False
2224,46,0,0.02327575648556734,0.005503496262968412,0.0002674663589881852,0.08463120478920018,AV-412,none,0.0,non-responsive,.I-9.04TC+57.021VETVVPEKNPPPER.,.ITCVETVVPEKNPPPER.,sp|Q06187|BTK_HUMAN,2,2013.0,0.0049034,False
2225,46,0,0.01015094260183052,0.0037887514427819885,0.011182276730547815,0.26455839011723475,Apitolisib,none,0.0,non-responsive,.I-3.971SSIQSIVPALEIANAHR.,.ISSIQSIVPALEIANAHR.,sp|P10809|CH60_HUMAN,3,1915.1,0.0,False
2226,46,0,0.025712105704703794,0.0057377790108752965,9.402199826186298e-05,0.06738139431726822,BMS-690514,none,0.0,non-responsive,.HYTNASDGLCTR.,.HYTNASDGLCTR.,sp|P06239|LCK_HUMAN,2,1394.6,0.00199943,False
2227,46,0,0.025712105704703794,0.0057377790108752965,9.402199826186298e-05,0.06738139431726822,BMS-690514,none,0.0,non-responsive,.H+69.999YTNASDGLC+57.021TR.,.HYTNASDGLCTR.,sp|P06239|LCK_HUMAN,2,1521.6,0.00472725,False
2228,46,0,0.022367551806689916,0.005582461999513751,0.015058631357991816,0.28993228975530966,Alectinib,none,0.0,non-responsive,.H+64.037GVQELEIELQSQLSK.,.HGVQELEIELQSQLSK.,sp|P35527|K1CI_HUMAN,2,1902.0,0.0,False
2229,46,0,0.03225852469894053,0.007107803588175346,0.0008857847286942044,0.1385295801739095,BMS-690514,none,0.0,non-responsive,.H+26.009SNLVQLLGVIVEEK.,.HSNLVQLLGVIVEEK.,sp|P41240|CSK_HUMAN,2,1703.9,0.0,False
2230,46,0,0.02163872886662092,0.0035782680411816973,0.004459392428821908,0.20711811550913553,BMS-777607,none,0.0,non-responsive,.GHY+183.029TEGAELVDSVLDVVR.,.GHYTEGAELVDSVLDVVR.,sp|P07437|TBB5_HUMAN,3,2142.0,0.0,False
2231,46,0,0.02163872886662092,0.0035782680411816973,0.004459392428821908,0.20711811550913553,BMS-777607,none,0.0,non-responsive,.G+28.007HYTEGAELVDSVLDVVR.,.GHYTEGAELVDSVLDVVR.,sp|P07437|TBB5_HUMAN,2,1987.0,0.0,False
2232,46,0,0.021328995435838792,0.003902366189885716,0.00020504347690740297,0.07868361650189579,AV-412,none,0.0,non-responsive,.F+71.007TNSETAEHIAQGLR.,.FTNSETAEHIAQGLR.,sp|Q06187|BTK_HUMAN,2,1744.8,0.00277402,False
2233,46,0,0.03263333233747977,0.004730392677755008,0.0047516760257920445,0.21039387116656552,AZD-1480,none,0.0,non-responsive,.E+43.114SVFTVEGGHR.,.ESVFTVEGGHR.,sp|Q99623|PHB2_HUMAN,2,1260.7,0.00866425,False
2234,46,0,0.051834536859361326,0.0073255807933395095,0.0001295091432552999,0.07290394674065966,AT-7519,none,0.0,non-responsive,.D-45.011IKPQNLLVDPDTAVLK.,.DIKPQNLLVDPDTAVLK.,sp|P49840|GSK3A_HUMAN,2,1834.0,0.0,False
2235,46,0,0.07315272184724553,0.0069783447072501855,0.00033209085259489264,0.09191102714464529,AT-9283,none,0.0,non-responsive,.D+28.005IKPENLLLGSAGELK.,.DIKPENLLLGSAGELK.,sp|O14965|AURKA_HUMAN,2,1724.9,0.00484516,False
2236,46,0,0.01675164104529826,0.004630282616673215,0.001040579599989125,0.1420123349691711,Barasertib_HQPA,none,0.0,non-responsive,.AT-18.02AAELLK.,.ATAAELLK.,sp|O96013|PAK4_HUMAN,2,798.4,0.00328028,False
2237,46,0,0.00863401447929552,0.0024792829488902582,0.01561211997157783,0.2937518324128296,AMG-208_withCAKI,none,0.0,non-responsive,.+43.006TTHFVEGGDAGNREDQINR.,.TTHFVEGGDAGNREDQINR.,sp|P18124|RL7_HUMAN,3,2159.0,0.00254551,False
2238,46,0,0.020818114902910002,0.00474825887970235,0.004234259311676628,0.20522078595871698,Bafetinib,none,0.0,non-responsive,.W+13.984TAPEAINYGTFTIK.,.WTAPEAINYGTFTIK.,sp|P06239|LCK_HUMAN,2,1725.8,0.00549833,False
2239,46,0,0.05137778758765079,0.005308832748171182,0.00010162239785912493,0.06960169483750128,AT-9283,none,0.0,non-responsive,.VTTVVATPGQGPDRPQEVSYTDTK+58.01.,.VTTVVATPGQGPDRPQEVSYTDTK.,sp|P49841|GSK3B_HUMAN,3,2604.3,0.0,False
2240,46,0,0.014423201962637707,0.0046391244726140535,0.024806416549672805,0.33887970927040756,Alisertib,none,0.0,non-responsive,.VPTANVSVVDLT+151.994C+57.021R.,.VPTANVSVVDLTCR.,sp|P04406|G3P_HUMAN,2,1739.8,0.00354836,False
2241,46,0,0.012542921919988294,0.00420485030768218,0.0021260995222402283,0.17670956973826907,BI-847325,none,0.0,non-responsive,.V+50.016LVADKDLLDLHK.,.VLVADKDLLDLHK.,sp|O43427|FIBP_HUMAN,3,1528.9,0.0,False
2242,46,0,0.019932959964743556,0.0037998573725580853,0.002285794650245395,0.18201417812826007,Amuvatinib,none,0.0,non-responsive,.V-4.066PQIEVETHK.,.VPQIEVETHK.,sp|Q14204|DYHC1_HUMAN,2,1175.6,0.00204571,False
2243,46,0,0.009788115411983217,0.002766520918567018,0.008612841938501746,0.2467669288787309,AZD-1480,none,0.0,non-responsive,.V+40.063ADPDHDHTGFLTEYVATR.,.VADPDHDHTGFLTEYVATR.,sp|P28482|MK01_HUMAN,3,2184.0,0.0,False
2244,46,0,0.012260120894585991,0.004051374738373905,0.01563768214206043,0.2937518324128296,Barasertib_HQPA,none,0.0,non-responsive,.TTSEGATNC+209.018VC+57.021R.,.TTSEGATNCVCR.,sp|P29323|EPHB2_HUMAN,2,1621.6,0.00356052,False
2245,46,0,0.021289625714608594,0.005969100879250916,0.00315598203845056,0.19867578090632773,BI-847325,none,0.0,non-responsive,.T-4.097PALVFEHVNNTDFK.,.TPALVFEHVNNTDFK.,sp|P68400|CSK21_HUMAN,3,1727.8,0.0,False
2246,46,0,0.029978071607411776,0.0039438291647988085,0.002691117082452606,0.1912818123811847,AZD-1208,none,0.0,non-responsive,.T+23.997LNIFLTK.,.TLNIFLTK.,sp|Q8TD19|NEK9_HUMAN,2,973.6,0.00627128,False
2247,46,0,0.016919871516360936,0.005264309631086211,0.011570864161505025,0.2661470547970074,BGT-226,none,0.0,non-responsive,.SLTNDW+15.989EDHLAVK.,.SLTNDWEDHLAVK.,sp|P08238|HS90B_HUMAN,2,1543.7,0.00177173,False
2248,46,0,0.04486639662933821,0.006379573736498679,0.022919954775818978,0.32942401468019894,Alvocidib,none,0.0,non-responsive,.SLAYIHSQGVC+47.982HR.,.SLAYIHSQGVCHR.,sp|P49840|GSK3A_HUMAN,3,1575.7,0.00773752,False
2249,46,0,0.023208539277285205,0.005027293551997569,0.0005207657255280131,0.11477340483316165,AT-9283,none,0.0,non-responsive,.SALVQIYELEEHKI+29.968ETWR.,.SALVQIYELEEHKIETWR.,sp|P54619|AAKG1_HUMAN,3,2274.1,0.00323489,False
2250,46,0,0.02478353551425114,0.004559334341669929,7.181450713971216e-05,0.06650735231147029,AT-9283,none,0.0,non-responsive,.S+70.005HYFEGVLK.,.SHYFEGVLK.,sp|P54619|AAKG1_HUMAN,2,1149.5,0.00590048,False
2251,46,0,0.024580906843263584,0.004466165052768292,0.0017601740866694904,0.16886405473672586,BMS-690514,none,0.0,non-responsive,.S+69.995TFSTLQELVDHYK.,.STFSTLQELVDHYK.,sp|P08631|HCK_HUMAN,2,1737.8,0.0081663,False
2252,46,0,0.039851307217971636,0.0059151890316853665,0.00025530135231111245,0.08346657353579164,ASP-3026,none,0.0,non-responsive,.S+68.03NYEVLEKDVGLKR.,.SNYEVLEKDVGLKR.,sp|Q05397|FAK1_HUMAN,3,1717.9,0.0,False
2253,46,0,0.04486639662933821,0.006379573736498679,0.022919954775818978,0.32942401468019894,Alvocidib,none,0.0,non-responsive,.S+51.057LAYIHSQGVC+57.021HR.,.SLAYIHSQGVCHR.,sp|P49840|GSK3A_HUMAN,3,1635.8,0.0,False
2254,46,0,0.012112854376029707,0.0034812572209771287,0.011942442434079284,0.2686878850099154,Barasertib_HQPA,none,0.0,non-responsive,.S+3.897SELEGDTITLKPR.,.SSELEGDTITLKPR.,sp|Q7KZI7|MARK2_HUMAN,3,1549.7,0.00425515,False
2255,46,0,0.025842368062442986,0.006126320669571253,0.00013820500470206192,0.07290394674065966,ASP-3026,none,0.0,non-responsive,.RPGGPQY+183.036GIAR.,.RPGGPQYGIAR.,sp|Q14289|FAK2_HUMAN,3,1354.7,0.00645065,False
2256,46,0,0.019537953166069988,0.004406854798707593,0.0044330953192787586,0.20711811550913553,AT-9283,none,0.0,non-responsive,.QE-18.008DGGVYSSSGLK.,.QEDGGVYSSSGLK.,sp|P16591|FER_HUMAN,2,1308.6,0.0,False
2257,46,0,0.018758552811619797,0.004717264805668696,0.0034628121395822277,0.20276756164634047,AT-9283,none,0.0,non-responsive,.Q-19.028TLDALNYLHDNK.,.QTLDALNYLHDNK.,sp|Q9H2G2|SLK_HUMAN,2,1525.7,0.00590048,False
2258,46,0,0.012464323824706717,0.003648939982040991,0.004087152119298202,0.20466967449785048,Alectinib,none,0.0,non-responsive,.Q-17.028LVQEELRK.,.QLVQEELRK.,sp|Q9Y5S2|MRCKB_HUMAN,2,1125.6,0.00628262,False
2259,46,0,0.03231191395146602,0.004964234781262457,0.0002429714579073543,0.08346657353579164,AT-9283,none,0.0,non-responsive,.N+70.009HQDPLAVAYHLIIDNR.,.NHQDPLAVAYHLIIDNR.,sp|Q13131|AAPK1_HUMAN,3,2059.0,0.0,False
2260,46,0,0.03231191395146602,0.004964234781262457,0.0002429714579073543,0.08346657353579164,AT-9283,none,0.0,non-responsive,.N+37.048HQDPLAVAYHLIIDNR.,.NHQDPLAVAYHLIIDNR.,sp|Q13131|AAPK1_HUMAN,3,2026.1,0.0,False
2261,46,0,0.03127657529026415,0.006751124627391062,0.00014497139888269573,0.07290394674065966,AT-9283,none,0.0,non-responsive,.LIDW+32.985GLAEFYHPAQEYNVR.,.LIDWGLAEFYHPAQEYNVR.,sp|P19784|CSK22_HUMAN,3,2354.1,0.00425515,False
2262,46,0,0.02549618959801242,0.005671941751238711,0.00013185517812588335,0.07290394674065966,ASP-3026,none,0.0,non-responsive,.L+41.01VNGTSQSFIIRPQK.,.LVNGTSQSFIIRPQK.,sp|Q05397|FAK1_HUMAN,3,1728.9,0.00423133,False
2263,46,0,0.025143473193760115,0.004624661633741853,9.660759896057914e-05,0.06832935504260831,ASP-3026,none,0.0,non-responsive,.L+23.999GDFGLSR.,.LGDFGLSR.,sp|Q05397|FAK1_HUMAN,2,888.4,0.0084823,False
2264,46,0,0.02249690208146724,0.005141860788372005,0.0026753387155397917,0.19122310376627383,ASP-3026,none,0.0,non-responsive,.L-1.032LNKDLAELINK.,.LLNKDLAELINK.,sp|Q14289|FAK2_HUMAN,2,1382.8,0.0,False
2265,46,0,0.009512999743697813,0.0023645367072558945,0.008749262398840895,0.2470743795351314,ASP-3026,none,0.0,non-responsive,.KLEAAEDIAY+183.021QLSR.,.KLEAAEDIAYQLSR.,sp|P35232|PHB_HUMAN,2,1789.8,0.0,False
2266,46,0,0.02089618995356025,0.004828827899892378,0.025371400316987362,0.3414971702386163,AMG-208_withCAKI,none,0.0,non-responsive,.KH+50.014LEINPDHPIVETLR.,.KHLEINPDHPIVETLR.,sp|P08238|HS90B_HUMAN,4,1961.0,0.00947959,False
2267,46,0,0.01824312227975799,0.003642944753783042,0.02458305460199463,0.33802916165126445,Baricitinib,none,0.0,non-responsive,.K+55.982RTEALEQGGLPK.,.KRTEALEQGGLPK.,sp|P50613|CDK7_HUMAN,2,1482.8,0.0,False
2268,46,0,0.018472783557923485,0.0035113480882539103,0.021384102220833666,0.32301388100451744,Alisertib,none,0.0,non-responsive,.IYLTADNLVL+52.925NLQDESFTR.,.IYLTADNLVLNLQDESFTR.,sp|Q99623|PHB2_HUMAN,4,2278.1,0.0,False
2269,46,0,0.03898309317157885,0.004427842977948155,0.00025300403498240324,0.08346657353579164,AT-9283,none,0.0,non-responsive,.IGEGSTGIVC+68.03IATVR.,.IGEGSTGIVCIATVR.,sp|O96013|PAK4_HUMAN,2,1600.8,0.0,False
2270,46,0,0.03898309317157885,0.004427842977948155,0.00025300403498240324,0.08346657353579164,AT-9283,none,0.0,non-responsive,.IGEGSTGIVC+209.014IATVR.,.IGEGSTGIVCIATVR.,sp|O96013|PAK4_HUMAN,2,1741.8,0.0072778,False
2271,46,0,0.021336041664052646,0.003114359666559237,0.003778086493177798,0.2045770662850812,AZD-8055,none,0.0,non-responsive,.I+57.996SPFEHQTYC+57.021QR.,.ISPFEHQTYCQR.,sp|P28482|MK01_HUMAN,2,1680.7,0.008472,False
2272,46,0,0.012176053197699039,0.0025588934718727796,0.04079044816404956,0.39982202879333284,AMG-900,none,0.0,non-responsive,.I+57.995ADPEHDHTGFLTEYVATR.,.IADPEHDHTGFLTEYVATR.,sp|P27361|MK03_HUMAN,3,2230.0,0.0,False
2273,46,0,0.02012598811337369,0.005066162780225258,0.0011984830010180743,0.1446991877256131,AV-412,none,0.0,non-responsive,.HYVVC+225.014STPQSQYYLAEK.,.HYVVCSTPQSQYYLAEK.,sp|Q06187|BTK_HUMAN,2,2298.0,0.0,False
2274,46,0,0.02074170655128613,0.004741502025293997,0.009689442073581956,0.2543253547667127,AZD-7762,none,0.0,non-responsive,.GAQGEPHDVAPNGPSAGGLAIPQSSSSSSRP+14.025PTR.,.GAQGEPHDVAPNGPSAGGLAIPQSSSSSSRPPTR.,sp|O96013|PAK4_HUMAN,4,3283.6,0.0,False
2275,46,0,0.015321704189499656,0.003955793095822454,0.0008891797923990022,0.1385295801739095,BMS-777607,none,0.0,non-responsive,.G+51.023IPHLVTHDAR.,.GIPHLVTHDAR.,sp|P62701|RS4X_HUMAN,3,1266.7,0.0,False
2276,46,0,0.021328995435838792,0.003902366189885716,0.00020504347690740297,0.07868361650189579,AV-412,none,0.0,non-responsive,.F+68.997TNSETAEHIAQGLR.,.FTNSETAEHIAQGLR.,sp|Q06187|BTK_HUMAN,2,1742.8,0.0,False
2277,46,0,0.01986778757271866,0.0030156552874927244,0.0015886336374847483,0.16137319802404354,AZD-6482,none,0.0,non-responsive,.F+51.012RHENIIGINDIIR.,.FRHENIIGINDIIR.,sp|P28482|MK01_HUMAN,3,1760.9,0.0,False
2278,46,0,0.021328995435838792,0.003902366189885716,0.00020504347690740297,0.07868361650189579,AV-412,none,0.0,non-responsive,.F+28.997TNSETAEHIAQGLR.,.FTNSETAEHIAQGLR.,sp|Q06187|BTK_HUMAN,2,1702.8,0.00549833,False
2279,46,0,0.017346478587567535,0.004448182736431549,0.0283915730586051,0.35576587291998046,AEW-541,none,0.0,non-responsive,.EEA-5.97SGSSVTAEEAKK.,.EEASGSSVTAEEAKK.,sp|P13010|XRCC5_HUMAN,3,1516.7,0.00726895,False
2280,46,0,0.015653887749383713,0.004598458386536464,7.76633925046603e-05,0.06650735231147029,Alisertib,none,0.0,non-responsive,.E+50.011HALLAYTLGVK.,.EHALLAYTLGVK.,sp|P68104|EF1A1_HUMAN,2,1364.7,0.00354836,False
2281,46,0,0.016087502011556506,0.003258680876665232,0.015214877810865546,0.29028173524379675,Alvocidib,none,0.0,non-responsive,.E-18.015LAENNHILER.,.ELAENNHILER.,sp|Q9UHD2|TBK1_HUMAN,3,1319.6,0.00350526,False
2282,46,0,0.024612217581993525,0.003945202317505119,0.0018301076918028443,0.16886405473672586,Alectinib,none,0.0,non-responsive,.D+51.02LKPSNLLINTTC+57.021DLK.,.DLKPSNLLINTTCDLK.,sp|P28482|MK01_HUMAN,2,1953.0,0.0,False
2283,46,0,0.029782030518196657,0.004934157008342659,0.006377331646331112,0.226079240353958,AZD-1480,none,0.0,non-responsive,.AT-18.01ATQLLQHPFVR.,.ATATQLLQHPFVR.,sp|Q13043|STK4_HUMAN,3,1463.8,0.00328028,False
2284,46,0,0.009104941973960546,0.002841659745815256,0.0010784777349087443,0.1420123349691711,Alisertib,none,0.0,non-responsive,.+43.006QLFHPEQLITGKEDAANNYAR.,.QLFHPEQLITGKEDAANNYAR.,sp|P68363|TBA1B_HUMAN,3,2458.2,0.0,False
2285,46,0,0.02933545737840723,0.0059820982715696625,0.00021992871644231608,0.08032372570101826,BI-847325,none,0.0,non-responsive,.+43.006LNTLETEEWFFKDITR.,.LNTLETEEWFFKDITR.,sp|P07948|LYN_HUMAN,3,2085.0,0.0,False
2286,46,0,0.014673192211190554,0.0034336771794139477,0.03736284948678882,0.3895578338195252,AMG-900,none,0.0,non-responsive,.+43.006KISPFEHQTYC+57.021QR.,.KISPFEHQTYCQR.,sp|P28482|MK01_HUMAN,3,1793.8,0.000351696,False
2287,46,0,0.015266768648283262,0.004020523953942061,0.0018875502408056209,0.16886405473672586,Apitolisib,none,0.0,non-responsive,.+43.006HC+57.021DSINSDFGSESGGC+57.021GDSSPGPSASQGPR.,.HCDSINSDFGSESGGCGDSSPGPSASQGPR.,sp|Q8TD19|NEK9_HUMAN,3,3166.2,0.0,False
2288,46,0,0.01507616588990335,0.00451234061997869,0.02986947414876569,0.362253336469221,AZD-2014,none,0.0,non-responsive,.YNFHGTAEQDLPFC+47.984K.,.YNFHGTAEQDLPFCK.,sp|P41240|CSK_HUMAN,2,1874.8,0.00205683,False
2289,46,0,0.01507616588990335,0.00451234061997869,0.02986947414876569,0.362253336469221,AZD-2014,none,0.0,non-responsive,.Y+69.996NFHGTAEQDLPFC+57.021K.,.YNFHGTAEQDLPFCK.,sp|P41240|CSK_HUMAN,2,1953.8,0.0,False
2290,46,0,0.06334510770001628,0.008026588516456969,0.00028309788429795794,0.08703180266041,BMS-387032,none,0.0,non-responsive,.VVTLW+13.982YRPPELLLGER.,.VVTLWYRPPELLLGER.,sp|P50750|CDK9_HUMAN,3,1955.1,0.00545014,False
2291,46,0,0.06034536183605757,0.005254098290075402,0.024041738486352736,0.3344115515054362,Barasertib_HQPA,none,0.0,non-responsive,.VSQGSKDPAEGD-18.01GAQPEETPR.,.VSQGSKDPAEGDGAQPEETPR.,sp|Q14697|GANAB_HUMAN,3,2137.0,0.0,False
2292,46,0,0.014423201962637707,0.0046391244726140535,0.024806416549672805,0.33887970927040756,Alisertib,none,0.0,non-responsive,.VPTANVSVVDLTC+225.01R.,.VPTANVSVVDLTCR.,sp|P04406|G3P_HUMAN,2,1755.8,0.00397471,False
2293,46,0,0.025912013786611628,0.004831373610365622,0.0006868887430189334,0.12556024548275993,BMS-754807,none,0.0,non-responsive,.VC+225.006FYSNSFNPGK.,.VCFYSNSFNPGK.,sp|Q14289|FAK2_HUMAN,2,1644.6,0.00397471,False
2294,46,0,0.009788115411983217,0.002766520918567018,0.008612841938501746,0.2467669288787309,AZD-1480,none,0.0,non-responsive,.VADP+16.987DHDHTGFLTEYVATR.,.VADPDHDHTGFLTEYVATR.,sp|P28482|MK01_HUMAN,3,2161.0,0.00484128,False
2295,46,0,0.009788115411983217,0.002766520918567018,0.008612841938501746,0.2467669288787309,AZD-1480,none,0.0,non-responsive,.V+37.084ADPDHDHTGFLTEYVATR.,.VADPDHDHTGFLTEYVATR.,sp|P28482|MK01_HUMAN,3,2181.1,0.0,False
2296,46,0,0.022377538989343058,0.00638662751794699,0.009282731219428816,0.2507323979046073,Alectinib,none,0.0,non-responsive,.V+26.014APEEHPVLLTEAPLNPK.,.VAPEEHPVLLTEAPLNPK.,sp|P60709|ACTB_HUMAN,2,1980.1,0.0,False
2297,46,0,0.02285511058851328,0.004930975399589868,0.002244386572773293,0.18199005770391888,BMS-754807,none,0.0,non-responsive,.TTTPVYV+183.007ALGIFVQHR.,.TTTPVYVALGIFVQHR.,sp|P54619|AAKG1_HUMAN,3,1985.0,0.0,False
2298,46,0,0.012260120894585991,0.004051374738373905,0.01563768214206043,0.2937518324128296,Barasertib_HQPA,none,0.0,non-responsive,.TTSEGATNC+57.021VC+225.008R.,.TTSEGATNCVCR.,sp|P29323|EPHB2_HUMAN,2,1637.6,0.00354836,False
2299,46,0,0.058207867204420505,0.005606485231919191,0.00020229015490264138,0.07868361650189579,AT-9283,none,0.0,non-responsive,.TSSFAEP+53.911GGGGGGGGGGPGGSASGPGGTGGGK.,.TSSFAEPGGGGGGGGGGPGGSASGPGGTGGGK.,sp|P49840|GSK3A_HUMAN,3,2487.0,0.00916734,False
2300,46,0,0.01533726407276454,0.004332888403700531,0.01089343220742418,0.2640348153647719,AZD-4547,none,0.0,non-responsive,.TQHLSNDHIC-33.993YFLYQILR.,.TQHLSNDHICYFLYQILR.,sp|P28482|MK01_HUMAN,3,2287.1,0.0,False
2301,46,0,0.01533726407276454,0.004332888403700531,0.01089343220742418,0.2640348153647719,AZD-4547,none,0.0,non-responsive,.T-44.037QHLSNDHIC+57.021YFLYQILR.,.TQHLSNDHICYFLYQILR.,sp|P28482|MK01_HUMAN,3,2334.1,0.0,False
2302,46,0,0.02140503191995343,0.005364248626960574,0.01607943086483308,0.29627713452033233,AZD-4547,none,0.0,non-responsive,.T+27.995HINIVVIGHVDSGK.,.THINIVVIGHVDSGK.,sp|P68104|EF1A1_HUMAN,3,1616.9,0.0,False
2303,46,0,0.013278972731553733,0.0038568897180108505,0.010734984110129036,0.2640348153647719,Apitolisib,none,0.0,non-responsive,.SSGSPYGGGY+183.034GSGGGSGGYGSR.,.SSGSPYGGGYGSGGGSGGYGSR.,sp|P51991|ROA3_HUMAN,3,2093.8,0.0,False
2304,46,0,0.029238143429939373,0.004930011509833411,0.0016902173833259475,0.1670592573950274,Alisertib,none,0.0,non-responsive,.SLAYIHSFGIC-33.988HR.,.SLAYIHSFGICHR.,sp|P49841|GSK3B_HUMAN,3,1526.8,0.0,False
2305,46,0,0.02551217841128619,0.005267274197129994,0.007551584210666133,0.23563860592769195,Abemaciclib,none,0.0,non-responsive,.SDSF-4.981ENPVLQQHFR.,.SDSFENPVLQQHFR.,sp|P12956|XRCC6_HUMAN,3,1698.8,0.00545014,False
2306,46,0,0.03232726164486068,0.00276073238358088,0.005211552102008446,0.2150399287695821,BI-2536,none,0.0,non-responsive,.S+44.896STVTEAPIAVVTSR.,.SSTVTEAPIAVVTSR.,sp|Q8TD19|NEK9_HUMAN,2,1562.7,0.00359093,False
2307,46,0,0.02261160439715499,0.004886274151843652,0.0006780843679067213,0.12543401687696726,ASP-3026,none,0.0,non-responsive,.S+43.917QAEQLLKQEGK.,.SQAEQLLKQEGK.,sp|Q06187|BTK_HUMAN,2,1402.6,0.0,False
2308,46,0,0.02154461955846263,0.004785835862821171,0.005863242530705118,0.22157730728684213,Alisertib,none,0.0,non-responsive,.S+27.991TTTGHLIYK.,.STTTGHLIYK.,sp|P68104|EF1A1_HUMAN,2,1148.6,0.00549833,False
2309,46,0,0.022449508594184802,0.004084160653578449,0.003235078149030218,0.1994367753577562,AT-9283,none,0.0,non-responsive,.QVLQHP+31.987WVTQK.,.QVLQHPWVTQK.,sp|Q15418|KS6A1_HUMAN,2,1395.7,0.00966977,False
2310,46,0,0.026116742704724843,0.004469730056846194,0.008129831922998623,0.24297535814768625,AZD-7762,none,0.0,non-responsive,.QVC+47.991AGNTHFAVVTVEK.,.QVCAGNTHFAVVTVEK.,sp|Q8TD19|NEK9_HUMAN,2,1807.9,0.00865266,False
2311,46,0,0.01983121691961178,0.004612546742579676,0.08499353150449712,0.4963465094718842,AZD-2014,none,0.0,non-responsive,.QEYDESGPSIV-30.018HR.,.QEYDESGPSIVHR.,sp|P60709|ACTB_HUMAN,2,1486.7,0.00696873,False
2312,46,0,0.01983121691961178,0.004612546742579676,0.08499353150449712,0.4963465094718842,AZD-2014,none,0.0,non-responsive,.QE+11.994YDESGPSIVHR.,.QEYDESGPSIVHR.,sp|P60709|ACTB_HUMAN,2,1528.7,0.0,False
2313,46,0,0.026419382450086716,0.004775601297643522,0.0009786102795784988,0.1420123349691711,ASP-3026,none,0.0,non-responsive,.QA+41.03TVSWDSGGSDEAPPKPSRPGYPSPR.,.QATVSWDSGGSDEAPPKPSRPGYPSPR.,sp|Q05397|FAK1_HUMAN,4,2867.4,0.00622526,False
2314,46,0,0.01983121691961178,0.004612546742579676,0.08499353150449712,0.4963465094718842,AZD-2014,none,0.0,non-responsive,.Q-13.932EYDESGPSIVHR.,.QEYDESGPSIVHR.,sp|P60709|ACTB_HUMAN,2,1502.8,0.0,False
2315,46,0,0.009119802719071653,0.0038481804648825375,0.0034818448148078002,0.20276756164634047,Barasertib_HQPA,none,0.0,non-responsive,.PIFGSLHHVPDL-18.012SC+57.021R.,.PIFGSLHHVPDLSCR.,sp|Q8TD19|NEK9_HUMAN,4,1773.9,0.0,False
2316,46,0,0.02549618959801242,0.005671941751238711,0.00013185517812588335,0.07290394674065966,ASP-3026,none,0.0,non-responsive,.LVNGT-17.017SQSFIIRPQK.,.LVNGTSQSFIIRPQK.,sp|Q05397|FAK1_HUMAN,3,1670.9,0.00909245,False
2317,46,0,0.017213786623033044,0.0036441085187920844,0.00948636408386193,0.25235174270774796,Barasertib_HQPA,none,0.0,non-responsive,.LSPGGSLA+13.987DAWAHQEGTHPK.,.LSPGGSLADAWAHQEGTHPK.,sp|Q9UHD2|TBK1_HUMAN,3,2073.0,0.00670131,False
2318,46,0,0.015231289176230949,0.00452239518492986,0.012054590135077673,0.2696893676798492,AMG-208,none,0.0,non-responsive,.LKVPPAINQ-17.019FTQALDR.,.LKVPPAINQFTQALDR.,sp|P62424|RL7A_HUMAN,3,1794.0,0.0,False
2319,46,0,0.0249889571094291,0.005924900145564556,2.2870429406843978e-05,0.06036398825028345,AZD-4547,none,0.0,non-responsive,.LIDW+3.947GLAEFYHPGQEYNVR.,.LIDWGLAEFYHPGQEYNVR.,sp|P68400|CSK21_HUMAN,3,2311.0,0.00840899,False
2320,46,0,0.014233880705867147,0.004447764374009133,0.005066992909508014,0.21312941214583786,Alisertib,none,0.0,non-responsive,.L-6.061TFDTTFSPNTGKK.,.LTFDTTFSPNTGKK.,sp|P45880|VDAC2_HUMAN,3,1550.7,0.0,False
2321,46,0,0.010822601572379855,0.0036753260982244815,0.011147355062217538,0.26448389126460664,AMG-900,none,0.0,non-responsive,.L+40.012GAQLADLHLDNK.,.LGAQLADLHLDNK.,sp|Q9HA64|KT3K_HUMAN,3,1447.8,0.0,False
2322,46,0,0.02249690208146724,0.005141860788372005,0.0026753387155397917,0.19122310376627383,ASP-3026,none,0.0,non-responsive,.L+27.994LNKDLAELINK.,.LLNKDLAELINK.,sp|Q14289|FAK2_HUMAN,2,1411.8,0.0,False
2323,46,0,0.01822436717523032,0.004203494636719105,0.004867090212866333,0.21055423250528593,Barasertib_HQPA,none,0.0,non-responsive,.L+26.02GSGPDGAEEIKR.,.LGSGPDGAEEIKR.,sp|Q15418|KS6A1_HUMAN,2,1354.7,0.00205683,False
2324,46,0,0.02327575648556734,0.005503496262968412,0.0002674663589881852,0.08463120478920018,AV-412,none,0.0,non-responsive,.ITC+225.012VETVVPEKNPPPER.,.ITCVETVVPEKNPPPER.,sp|Q06187|BTK_HUMAN,3,2190.0,0.0,False
2325,46,0,0.02327575648556734,0.005503496262968412,0.0002674663589881852,0.08463120478920018,AV-412,none,0.0,non-responsive,.ITC+209.013VETVVPEKNPPPER.,.ITCVETVVPEKNPPPER.,sp|Q06187|BTK_HUMAN,3,2174.0,0.0,False
2326,46,0,0.01853870220896351,0.005298730895834325,0.015601748254198139,0.2937518324128296,BMS-690514,none,0.0,non-responsive,.IDSE-18.012GGVSANHTSR.,.IDSEGGVSANHTSR.,sp|P51659|DHB4_HUMAN,3,1411.6,0.0,False
2327,46,0,0.021336041664052646,0.003114359666559237,0.003778086493177798,0.2045770662850812,AZD-8055,none,0.0,non-responsive,.I+50.086SPFEHQTYC+57.021QR.,.ISPFEHQTYCQR.,sp|P28482|MK01_HUMAN,2,1672.8,0.00549833,False
2328,46,0,0.01169192299322783,0.0032600461718999625,0.004057226203569672,0.2045770662850812,AT-9283,none,0.0,non-responsive,.I+26.99GGVQQDTILAEGLHFR.,.IGGVQQDTILAEGLHFR.,sp|Q99623|PHB2_HUMAN,2,1881.0,0.0,False
2329,46,0,0.015266768648283262,0.004020523953942061,0.0018875502408056209,0.16886405473672586,Apitolisib,none,0.0,non-responsive,.HC+57.021DSINSDFGSES+266.157GGC+57.021GDSSPGPSASQGPR.,.HCDSINSDFGSESGGCGDSSPGPSASQGPR.,sp|Q8TD19|NEK9_HUMAN,3,3389.4,0.0,False
2330,46,0,0.02012598811337369,0.005066162780225258,0.0011984830010180743,0.1446991877256131,AV-412,none,0.0,non-responsive,.H+51.014YVVC+57.021STPQSQYYLAEK.,.HYVVCSTPQSQYYLAEK.,sp|Q06187|BTK_HUMAN,2,2181.0,0.00312377,False
2331,46,0,0.022367551806689916,0.005582461999513751,0.015058631357991816,0.28993228975530966,Alectinib,none,0.0,non-responsive,.H+12.003GVQELEIELQSQLSK.,.HGVQELEIELQSQLSK.,sp|P35527|K1CI_HUMAN,2,1850.0,0.0,False
2332,46,0,0.022367551806689916,0.005582461999513751,0.015058631357991816,0.28993228975530966,Alectinib,none,0.0,non-responsive,.H+12.001GVQELEIELQSQLSK.,.HGVQELEIELQSQLSK.,sp|P35527|K1CI_HUMAN,2,1849.9,0.0,False
2333,46,0,0.058218665274108496,0.011021864306526371,0.00014619189985420823,0.07290394674065966,AZD-7762,none,0.0,non-responsive,.G+42.921DTGGEDTAAPGR.,.GDTGGEDTAAPGR.,sp|Q9H773|DCTP1_HUMAN,2,1246.4,0.0,False
2334,46,0,0.008697330910816477,0.003589331258846486,3.068571463720655e-05,0.06265386055594918,Barasertib_HQPA,none,0.0,non-responsive,.FLEDDTS+79.971DPTYTSALGGK.,.FLEDDTSDPTYTSALGGK.,sp|P29323|EPHB2_HUMAN,2,1996.8,0.00972094,False
2335,46,0,0.009807489346042076,0.003350739710437991,0.0008370008007942448,0.1385295801739095,BMS-387032,none,0.0,non-responsive,.F+28.002RHENVIGIR.,.FRHENVIGIR.,sp|P27361|MK03_HUMAN,3,1268.7,0.0,False
2336,46,0,0.029772082088860244,0.003941873730617553,0.006269601308340022,0.2246330509552614,AZD-1208,none,0.0,non-responsive,.F+26.014YFENLLSK.,.FYFENLLSK.,sp|Q13555|KCC2G_HUMAN,2,1186.6,0.00396383,False
2337,46,0,0.021328995435838792,0.003902366189885716,0.00020504347690740297,0.07868361650189579,AV-412,none,0.0,non-responsive,.F-1.047TNSETAEHIAQGLR.,.FTNSETAEHIAQGLR.,sp|Q06187|BTK_HUMAN,2,1672.8,0.0,False
2338,46,0,0.015653887749383713,0.004598458386536464,7.76633925046603e-05,0.06650735231147029,Alisertib,none,0.0,non-responsive,.E-18.005HALLAYTLGVK.,.EHALLAYTLGVK.,sp|P68104|EF1A1_HUMAN,2,1296.7,0.0,False
2339,46,0,0.03263333233747977,0.004730392677755008,0.0047516760257920445,0.21039387116656552,AZD-1480,none,0.0,non-responsive,.E-17.922SVFTVEGGHR.,.ESVFTVEGGHR.,sp|Q99623|PHB2_HUMAN,2,1199.7,0.00177173,False
2340,46,0,0.025722392854113665,0.005552556553673438,0.03816465709294247,0.3918466068424166,Alisertib,none,0.0,non-responsive,.DSY+51.01VGDEAQSKR.,.DSYVGDEAQSKR.,sp|P60709|ACTB_HUMAN,3,1405.6,0.00774907,False
2341,46,0,0.031111884296204925,0.004865336650957762,0.0017090411624919057,0.1681308085446014,Baricitinib,none,0.0,non-responsive,.D+50.018QQNLPYGVTPASPSGHSQGR.,.DQQNLPYGVTPASPSGHSQGR.,sp|Q7KZI7|MARK2_HUMAN,2,2246.0,0.00784719,False
2342,46,0,0.01675164104529826,0.004630282616673215,0.001040579599989125,0.1420123349691711,Barasertib_HQPA,none,0.0,non-responsive,.AT-18.012AAELLK.,.ATAAELLK.,sp|O96013|PAK4_HUMAN,2,798.5,0.00814607,False
2343,46,0,0.011048634690277228,0.0029531190239885682,0.006471250837134803,0.2277354176717212,BMS-777607,none,0.0,non-responsive,.AIAELG+55.916IYPAVDPLDSTSR.,.AIAELGIYPAVDPLDSTSR.,sp|P06576|ATPB_HUMAN,3,2043.9,0.00544824,False
2344,46,0,0.015412043061229163,0.002841993044281083,0.02192065765856395,0.3251320900521487,AZD-2014,none,0.0,non-responsive,.A+38.991GGGAAEQEELHYIPIR.,.AGGGAAEQEELHYIPIR.,sp|Q8TD19|NEK9_HUMAN,2,1849.9,0.00629127,False
2345,46,0,0.04012177818303431,0.0063881928285160205,6.788933677658883e-05,0.06650735231147029,BMS-754807,none,0.0,non-responsive,.A+37.93QLSTILEEEKAQQEER.,.AQLSTILEEEKAQQEER.,sp|Q05397|FAK1_HUMAN,3,2039.9,0.00329239,False
2346,46,0,0.021550580287837493,0.004653248971052893,0.008462549202402565,0.24540373235572985,Alvocidib,none,0.0,non-responsive,.A+12.049C+57.021QSIYPLHDVFVR.,.ACQSIYPLHDVFVR.,sp|P61247|RS3A_HUMAN,3,1773.9,0.00484128,False
2347,46,0,0.014387389201252841,0.0036403991717167423,0.01068254705916502,0.2637489915600143,AZD-5363,none,0.0,non-responsive,.+43.006LQPGIAQQWIQSK.,.LQPGIAQQWIQSK.,sp|O43353|RIPK2_HUMAN,2,1539.8,0.000214045,False
2348,46,1,0.053943231113951835,0.010194390059831322,3.1865097383723424e-06,0.028735679278163586,Alvocidib,decreasing,0.010194390059831322,drug-specific responsive (decreasing),.+43.006GSQITQQSTNQSR.,.GSQITQQSTNQSR.,sp|P50750|CDK9_HUMAN,2,1477.7,0.0,False
2349,46,0,0.0587791477574126,0.0053954663266977945,0.02370789959068797,0.3325021286180798,BMS-387032,none,0.0,non-responsive,.WQ-13.964NVHFHR.,.WQNVHFHR.,sp|Q13557|KCC2D_HUMAN,3,1109.6,0.0,False
2350,46,0,0.013745624516458442,0.004143352898794821,0.003949216102164639,0.2045770662850812,AZD-1480,none,0.0,non-responsive,.W+31.993TTSQLLQHPFVTVDSNKPIR.,.WTTSQLLQHPFVTVDSNKPIR.,sp|Q9H2G2|SLK_HUMAN,4,2499.3,0.0,False
2351,46,0,0.014093384599534364,0.005168760182614819,0.02492385393156252,0.33935715250088094,Alisertib,none,0.0,non-responsive,.VGGTSDVEVNEKK+58.007DR.,.VGGTSDVEVNEKKDR.,sp|P10809|CH60_HUMAN,4,1690.8,0.0,False
2352,46,0,0.025912013786611628,0.004831373610365622,0.0006868887430189334,0.12556024548275993,BMS-754807,none,0.0,non-responsive,.VC+209.008FYSNSFNPGK.,.VCFYSNSFNPGK.,sp|Q14289|FAK2_HUMAN,2,1628.6,0.00396383,False
2353,46,0,0.022377538989343058,0.00638662751794699,0.009282731219428816,0.2507323979046073,Alectinib,none,0.0,non-responsive,.V+81.017APEEHPVLLTEAPLNPK.,.VAPEEHPVLLTEAPLNPK.,sp|P60709|ACTB_HUMAN,3,2035.1,0.0,False
2354,46,0,0.02221224785544678,0.005547280608449856,0.00019283854737156582,0.07868361650189579,AT-9283,none,0.0,non-responsive,.V-4.014EISAPSNFEHR.,.VEISAPSNFEHR.,sp|O96013|PAK4_HUMAN,3,1381.6,0.0,False
2355,46,0,0.026546833738785403,0.003343348346429126,0.004281404121176589,0.20563971052041657,AZD-7762,none,0.0,non-responsive,.V+38.029SDFGLTK.,.VSDFGLTK.,sp|P41240|CSK_HUMAN,2,904.5,0.00753614,False
2356,46,0,0.023581445448408855,0.004851328406835134,0.00422992522962876,0.20522078595871698,BGT-226,none,0.0,non-responsive,.V+12.061MEGTVAAQDEFYR.,.VMEGTVAAQDEFYR.,sp|P41240|CSK_HUMAN,2,1627.8,0.0,False
2357,46,0,0.012260120894585991,0.004051374738373905,0.01563768214206043,0.2937518324128296,Barasertib_HQPA,none,0.0,non-responsive,.TTSEGATNC-27.068VC+57.021R.,.TTSEGATNCVCR.,sp|P29323|EPHB2_HUMAN,2,1385.5,0.00876248,False
2358,46,0,0.008360003245714133,0.0026958928329178468,0.00030395288718959465,0.08703180266041,BI-2536,none,0.0,non-responsive,.TTPSVVAFTAD-18.006GER.,.TTPSVVAFTADGER.,sp|P38646|GRP75_HUMAN,2,1432.7,0.00849002,False
2359,46,0,0.01533726407276454,0.004332888403700531,0.01089343220742418,0.2640348153647719,AZD-4547,none,0.0,non-responsive,.TQHLSNDHIC+68.016YFLYQILR.,.TQHLSNDHICYFLYQILR.,sp|P28482|MK01_HUMAN,3,2389.1,0.0,False
2360,46,0,0.01533726407276454,0.004332888403700531,0.01089343220742418,0.2640348153647719,AZD-4547,none,0.0,non-responsive,.TQHLSNDHIC+57.021YFLY+13.992QILR.,.TQHLSNDHICYFLYQILR.,sp|P28482|MK01_HUMAN,3,2392.1,0.00328028,False
2361,46,0,0.03506537336714959,0.006854329970837718,0.015053642954788747,0.28993228975530966,AMG-208,none,0.0,non-responsive,.TA+24.011TPQQAQEVHEK.,.TATPQQAQEVHEK.,sp|P60174|TPIS_HUMAN,3,1490.7,0.00484128,False
2362,46,0,0.02811474940126997,0.004490088886881901,0.0001663561229943219,0.07563961281441405,AV-412,none,0.0,non-responsive,.T+43.125LDNGGFYISPR.,.TLDNGGFYISPR.,sp|P08631|HCK_HUMAN,2,1382.8,0.0,False
2363,46,0,0.012260120894585991,0.004051374738373905,0.01563768214206043,0.2937518324128296,Barasertib_HQPA,none,0.0,non-responsive,.T+41.013TSEGATNC+57.021VC+57.021R.,.TTSEGATNCVCR.,sp|P29323|EPHB2_HUMAN,2,1510.6,0.0,False
2364,46,0,0.023208539277285205,0.005027293551997569,0.0005207657255280131,0.11477340483316165,AT-9283,none,0.0,non-responsive,.SALVQIY+183.02ELEEHKIETWR.,.SALVQIYELEEHKIETWR.,sp|P54619|AAKG1_HUMAN,4,2427.2,0.0,False
2365,46,0,0.0201405694021846,0.003779967915655215,0.0011403959281367142,0.14383210415304723,AZD-5363,none,0.0,non-responsive,.S+59.028QTDKDYYQLQAILEAERR.,.SQTDKDYYQLQAILEAERR.,sp|Q13464|ROCK1_HUMAN,4,2386.2,0.0,False
2366,46,0,0.01134204264477667,0.0035010489368989457,0.014484653320755993,0.28452654912064074,Apitolisib,none,0.0,non-responsive,.S+51.011YELPDGQVITIGNER.,.SYELPDGQVITIGNER.,sp|P60709|ACTB_HUMAN,2,1841.9,0.00645065,False
2367,46,0,0.011365238486953408,0.0035096678344957695,0.013007201137182373,0.2779513666810219,AMG-208,none,0.0,non-responsive,.S+44.07FFTAYHR.,.SFFTAYHR.,sp|Q9H479|FN3K_HUMAN,2,1072.5,0.00814607,False
2368,46,0,0.02261160439715499,0.004886274151843652,0.0006780843679067213,0.12543401687696726,ASP-3026,none,0.0,non-responsive,.S+40.887QAEQLLKQEGK.,.SQAEQLLKQEGK.,sp|Q06187|BTK_HUMAN,2,1399.6,0.00312377,False
2369,46,0,0.012934373121693647,0.004317857804409369,0.0004262809729459177,0.10593707851311651,Alectinib,none,0.0,non-responsive,.S-4.024ESPKEPEQLR.,.SESPKEPEQLR.,sp|P09651|ROA1_HUMAN,3,1295.6,0.0,False
2370,46,0,0.021525882728290657,0.0038581868449592133,0.0032405753180314955,0.1994367753577562,BMS-777607,none,0.0,non-responsive,.S+40.031PEVLLGSAR.,.SPEVLLGSAR.,sp|P06493|CDK1_HUMAN,2,1068.6,0.00491275,False
2371,46,0,0.02261160439715499,0.004886274151843652,0.0006780843679067213,0.12543401687696726,ASP-3026,none,0.0,non-responsive,.S+39.017QAEQLLKQEGK.,.SQAEQLLKQEGK.,sp|Q06187|BTK_HUMAN,2,1397.7,0.0,False
2372,46,0,0.02261160439715499,0.004886274151843652,0.0006780843679067213,0.12543401687696726,ASP-3026,none,0.0,non-responsive,.S+27.995QAEQLLKQEGK.,.SQAEQLLKQEGK.,sp|Q06187|BTK_HUMAN,2,1386.7,0.0,False
2373,46,0,0.020081099345597726,0.004037276665627203,0.0023757083323604905,0.18629512839593515,AZD-7762,none,0.0,non-responsive,.QQ-17.991RPVPESQLLPGQR.,.QQRPVPESQLLPGQR.,sp|P07948|LYN_HUMAN,3,1714.9,0.0,False
2374,46,0,0.01647262458098031,0.004216184400892277,0.005377492262908512,0.21705532459181073,AT-13148,none,0.0,non-responsive,.QK+27.99IVQAEGEAEAAK.,.QKIVQAEGEAEAAK.,sp|Q99623|PHB2_HUMAN,2,1499.7,0.0,False
2375,46,0,0.01983121691961178,0.004612546742579676,0.08499353150449712,0.4963465094718842,AZD-2014,none,0.0,non-responsive,.QE+8.99YDESGPSIVHR.,.QEYDESGPSIVHR.,sp|P60709|ACTB_HUMAN,2,1525.7,0.0,False
2376,46,0,0.026419382450086716,0.004775601297643522,0.0009786102795784988,0.1420123349691711,ASP-3026,none,0.0,non-responsive,.QATV+328.15SWDSGGSDEAPPKPSRPGYPSPR.,.QATVSWDSGGSDEAPPKPSRPGYPSPR.,sp|Q05397|FAK1_HUMAN,4,3154.5,0.0,False
2377,46,0,0.011069030283316194,0.0038534908353482695,0.007929370409453513,0.24029034412181796,AT-9283,none,0.0,non-responsive,.QAS-4.042IQHIQNAIDTEK.,.QASIQHIQNAIDTEK.,sp|P24539|AT5F1_HUMAN,3,1691.8,0.00909245,False
2378,46,0,0.019537953166069988,0.004406854798707593,0.0044330953192787586,0.20711811550913553,AT-9283,none,0.0,non-responsive,.Q-3.974EDGGVYSSSGLK.,.QEDGGVYSSSGLK.,sp|P16591|FER_HUMAN,2,1322.6,0.0084823,False
2379,46,0,0.01983121691961178,0.004612546742579676,0.08499353150449712,0.4963465094718842,AZD-2014,none,0.0,non-responsive,.Q+26.02EYDESGPSIVHR.,.QEYDESGPSIVHR.,sp|P60709|ACTB_HUMAN,2,1542.7,0.0,False
2380,46,0,0.0460682362746649,0.008376785625267998,0.0005218178180281433,0.11477340483316165,BMS-777607_withCAKI,none,0.0,non-responsive,.Q-19.094QQELDGSLKK.,.QQQELDGSLKK.,sp|Q9H2G2|SLK_HUMAN,2,1254.6,0.0,False
2381,46,0,0.015864770408435844,0.00479313346193047,0.0013710487042309443,0.1523285785712029,Alectinib,none,0.0,non-responsive,.P+27.994FQSIIHAK.,.PFQSIIHAK.,sp|Q16539|MK14_HUMAN,2,1068.6,0.00708377,False
2382,46,0,0.019336422747524794,0.004639634286221655,0.0004457793440679369,0.10671232299276767,Barasertib_HQPA,none,0.0,non-responsive,.NKEVYSWG+167.991C+57.021GEYGR.,.NKEVYSWGCGEYGR.,sp|Q8TD19|NEK9_HUMAN,2,1929.7,0.00741792,False
2383,46,0,0.0432349332890432,0.0036088065750452254,0.008134538786781756,0.24297535814768625,BMS-387032,none,0.0,non-responsive,.N+72.02YLLSLPHK.,.NYLLSLPHK.,sp|P28482|MK01_HUMAN,2,1156.6,0.00814607,False
2384,46,0,0.038282868666350243,0.006445495476257857,5.267889098459265e-05,0.06650735231147029,AT-7519,none,0.0,non-responsive,.N+52.91RQEITDKDHTVSR.,.NRQEITDKDHTVSR.,sp|Q13464|ROCK1_HUMAN,4,1751.7,0.0,False
2385,46,0,0.0432349332890432,0.0036088065750452254,0.008134538786781756,0.24297535814768625,BMS-387032,none,0.0,non-responsive,.N+51.01YLLSLPHK.,.NYLLSLPHK.,sp|P28482|MK01_HUMAN,3,1135.6,0.0,False
2386,46,0,0.03501342139156144,0.0045090608604714845,0.0012568507717054022,0.14832072656499468,Alvocidib,none,0.0,non-responsive,.N+27.995RETHEIVALKR.,.NRETHEIVALKR.,sp|Q00535|CDK5_HUMAN,4,1493.8,0.0,False
2387,46,0,0.02549618959801242,0.005671941751238711,0.00013185517812588335,0.07290394674065966,ASP-3026,none,0.0,non-responsive,.LVN-4.144GTSQSFIIRPQK.,.LVNGTSQSFIIRPQK.,sp|Q05397|FAK1_HUMAN,3,1683.8,0.0,False
2388,46,0,0.013546846988381253,0.0038236813401844915,0.00039323106763095874,0.10224466972192815,AV-412,none,0.0,non-responsive,.LQSVSSAIHLC+47.981DK.,.LQSVSSAIHLCDK.,sp|O43353|RIPK2_HUMAN,2,1505.7,0.00461538,False
2389,46,0,0.03426509010442209,0.005204478062689369,0.010447775065829428,0.2617143469325767,BMS-754807,none,0.0,non-responsive,.LISW+30.96YDNEFGYSNR.,.LISWYDNEFGYSNR.,sp|P04406|G3P_HUMAN,2,1794.7,0.00177173,False
2390,46,0,0.02023801692120724,0.004623092467399574,7.923602402215854e-05,0.06650735231147029,AMG-208,none,0.0,non-responsive,.LHAEFAA+32.06ERDWEQFHQPR.,.LHAEFAAERDWEQFHQPR.,sp|Q9H773|DCTP1_HUMAN,4,2299.1,0.0,False
2391,46,0,0.02023801692120724,0.004623092467399574,7.923602402215854e-05,0.06650735231147029,AMG-208,none,0.0,non-responsive,.LHAEF+14.98AAERDWEQFHQPR.,.LHAEFAAERDWEQFHQPR.,sp|Q9H773|DCTP1_HUMAN,4,2282.0,0.0,False
2392,46,0,0.026127482441092136,0.00392287578799688,0.005134233166446741,0.21426958816314465,Barasertib,none,0.0,non-responsive,.LGLDSEEDYY+128.082TPQK.,.LGLDSEEDYYTPQK.,sp|Q8TD19|NEK9_HUMAN,3,1785.8,0.0,False
2393,46,0,0.029264084926081232,0.004091200902055169,0.00062433558131975,0.12129708246412342,AT-9283,none,0.0,non-responsive,.L-5.09AYNEEQIHKFDK.,.LAYNEEQIHKFDK.,sp|Q9UHD2|TBK1_HUMAN,3,1629.7,0.0,False
2394,46,0,0.017213786623033044,0.0036441085187920844,0.00948636408386193,0.25235174270774796,Barasertib_HQPA,none,0.0,non-responsive,.L+50.017SPGGSLADAWAHQEGTHPK.,.LSPGGSLADAWAHQEGTHPK.,sp|Q9UHD2|TBK1_HUMAN,3,2109.0,0.0,False
2395,46,0,0.01822436717523032,0.004203494636719105,0.004867090212866333,0.21055423250528593,Barasertib_HQPA,none,0.0,non-responsive,.L-4.986GSGPDGAEEIKR.,.LGSGPDGAEEIKR.,sp|Q15418|KS6A1_HUMAN,3,1323.7,0.0,False
2396,46,0,0.010225087683728817,0.002971313665071322,0.00369906676471098,0.2045770662850812,Apitolisib,none,0.0,non-responsive,.L+42.952SNIFVIGK.,.LSNIFVIGK.,sp|P62701|RS4X_HUMAN,2,1033.5,0.00230466,False
2397,46,0,0.018759323518892708,0.0037812005218165303,0.0024417471677286784,0.1879964006837231,ARRY-380,none,0.0,non-responsive,.L-4.016PSTSGSEGVPFR.,.LPSTSGSEGVPFR.,sp|P29317|EPHA2_HUMAN,2,1329.6,0.00549833,False
2398,46,0,0.01822436717523032,0.004203494636719105,0.004867090212866333,0.21055423250528593,Barasertib_HQPA,none,0.0,non-responsive,.L+27.992GSGPDGAEEIKR.,.LGSGPDGAEEIKR.,sp|Q15418|KS6A1_HUMAN,2,1356.7,0.0,False
2399,46,0,0.03426509010442209,0.005204478062689369,0.010447775065829428,0.2617143469325767,BMS-754807,none,0.0,non-responsive,.L-14.018ISWYDNEFGYSNR.,.LISWYDNEFGYSNR.,sp|P04406|G3P_HUMAN,2,1749.8,0.00484516,False
2400,46,0,0.050235176329270846,0.006505485064867499,0.0057800719343732605,0.22157730728684213,AT-9283,none,0.0,non-responsive,.L+11.999C+57.021DSGELVAIKK.,.LCDSGELVAIKK.,sp|P49841|GSK3B_HUMAN,3,1401.7,0.00483421,False
2401,46,0,0.046074654678061384,0.006405303095231309,0.0010377451828163678,0.1420123349691711,AT-7519,none,0.0,non-responsive,.L-1.06SPLEAC+57.021AHSFFDELR.,.LSPLEACAHSFFDELR.,sp|P49840|GSK3A_HUMAN,2,1947.8,0.00499138,False
2402,46,0,0.027744278610022287,0.006044407943868893,0.006716039030801744,0.22775812087690717,BI-847325,none,0.0,non-responsive,.KW+34.12ESPAQNTAHLDQFER.,.KWESPAQNTAHLDQFER.,sp|P17612|KAPCA_HUMAN,3,2091.1,0.0057743,False
2403,46,0,0.043724379528646586,0.005029826757488502,0.007350279971951943,0.23432350194783216,AZD-1480,none,0.0,non-responsive,.KP+50.009PRPGAPGHLGSLASLSSPADSYNEGVK.,.KPPRPGAPGHLGSLASLSSPADSYNEGVK.,sp|Q05397|FAK1_HUMAN,4,2939.5,0.00947959,False
2404,46,0,0.01521960869351751,0.00478085304749296,0.0027197888721940257,0.1912818123811847,BI-847325,none,0.0,non-responsive,.KFGYVDFES-18.012AEDLEK.,.KFGYVDFESAEDLEK.,sp|P19338|NUCL_HUMAN,3,1758.8,0.0,False
2405,46,0,0.021525814762509712,0.0037631135929521125,0.0008234012461780148,0.13729486264276405,AEW-541,none,0.0,non-responsive,.K+27.985LDSGGFYITSR.,.KLDSGGFYITSR.,sp|P12931|SRC_HUMAN,2,1371.7,0.0,False
2406,46,0,0.02327575648556734,0.005503496262968412,0.0002674663589881852,0.08463120478920018,AV-412,none,0.0,non-responsive,.ITC+73.848VETVVPEKNPPPER.,.ITCVETVVPEKNPPPER.,sp|Q06187|BTK_HUMAN,3,2038.8,0.0,False
2407,46,0,0.02327575648556734,0.005503496262968412,0.0002674663589881852,0.08463120478920018,AV-412,none,0.0,non-responsive,.ITC-34.002VETVVPEKNPPPER.,.ITCVETVVPEKNPPPER.,sp|Q06187|BTK_HUMAN,3,1931.0,0.0,False
2408,46,0,0.01527877257662962,0.004774324173727596,0.010956608634473371,0.26417426799430715,AZD-2014,none,0.0,non-responsive,.IK+183.038GEHPGLSIGDVAK.,.IKGEHPGLSIGDVAK.,sp|P09429|HMGB1_HUMAN,3,1703.9,0.00483421,False
2409,46,0,0.012176053197699039,0.0025588934718727796,0.04079044816404956,0.39982202879333284,AMG-900,none,0.0,non-responsive,.IADPEHDHTGFLTEY+183.035VATR.,.IADPEHDHTGFLTEYVATR.,sp|P27361|MK03_HUMAN,4,2355.1,0.0,False
2410,46,0,0.012176053197699039,0.0025588934718727796,0.04079044816404956,0.39982202879333284,AMG-900,none,0.0,non-responsive,.I+27.98ADPEHDHTGFLTEYVATR.,.IADPEHDHTGFLTEYVATR.,sp|P27361|MK03_HUMAN,3,2200.0,0.00545014,False
2411,46,0,0.02012598811337369,0.005066162780225258,0.0011984830010180743,0.1446991877256131,AV-412,none,0.0,non-responsive,.H+70.008YVVC+57.021STPQSQYYLAEK.,.HYVVCSTPQSQYYLAEK.,sp|Q06187|BTK_HUMAN,2,2200.0,0.0,False
2412,46,1,0.026388073746711593,0.005545440220642199,2.139297068465005e-06,0.025722670251548944,AV-412,decreasing,0.005545440220642199,drug-specific responsive (decreasing),.H+28.985LFSTIPELINYHQHNSAGLISR.,.HLFSTIPELINYHQHNSAGLISR.,sp|Q06187|BTK_HUMAN,3,2676.3,0.00726895,False
2413,46,0,0.014014609314529997,0.0035527190057926617,0.0078078103471704305,0.23901369572330627,Alisertib,none,0.0,non-responsive,.GYFEYIEEN+183.029KYSR.,.GYFEYIEENKYSR.,sp|Q00839|HNRPU_HUMAN,3,1880.8,0.0,False
2414,46,0,0.058218665274108496,0.011021864306526371,0.00014619189985420823,0.07290394674065966,AZD-7762,none,0.0,non-responsive,.GDT-16.967GGEDTAAPGR.,.GDTGGEDTAAPGR.,sp|Q9H773|DCTP1_HUMAN,2,1186.5,0.00494537,False
2415,46,0,0.015321704189499656,0.003955793095822454,0.0008891797923990022,0.1385295801739095,BMS-777607,none,0.0,non-responsive,.G+4.004IPHLVTHDAR.,.GIPHLVTHDAR.,sp|P62701|RS4X_HUMAN,3,1219.6,0.0,False
2416,46,0,0.058218665274108496,0.011021864306526371,0.00014619189985420823,0.07290394674065966,AZD-7762,none,0.0,non-responsive,.G-19.951DTGGEDTAAPGR.,.GDTGGEDTAAPGR.,sp|Q9H773|DCTP1_HUMAN,2,1183.6,0.00461538,False
2417,46,0,0.010432253487289591,0.0036426637079751602,0.0005450370469669209,0.11633369632647997,Barasertib_HQPA,none,0.0,non-responsive,.G+16.985SC+57.021IANAEEVDVPIK.,.GSCIANAEEVDVPIK.,sp|P29323|EPHB2_HUMAN,2,1675.8,0.00610811,False
2418,46,0,0.021328995435838792,0.003902366189885716,0.00020504347690740297,0.07868361650189579,AV-412,none,0.0,non-responsive,.F-19.119TNSETAEHIAQGLR.,.FTNSETAEHIAQGLR.,sp|Q06187|BTK_HUMAN,3,1654.7,0.00610811,False
2419,46,0,0.02255642131320911,0.0038828770899289526,0.00040222908599212096,0.10224466972192815,Alectinib,none,0.0,non-responsive,.EAS-16.077FVLHTIGK.,.EASFVLHTIGK.,sp|Q15418|KS6A1_HUMAN,2,1185.6,0.00576278,False
2420,46,0,0.020970680362022782,0.004423956773406572,0.005235656886868604,0.2150399287695821,Alectinib,none,0.0,non-responsive,.E-8.938KLKEEENTVGR.,.EKLKEEENTVGR.,sp|Q9H479|FN3K_HUMAN,3,1422.8,0.00350526,False
2421,46,0,0.03729801195442356,0.006726699947958238,0.0033417906945032508,0.20101827682360715,Baricitinib,none,0.0,non-responsive,.E+51.023STESSNTTIEDEDVKAR.,.ESTESSNTTIEDEDVKAR.,sp|Q13557|KCC2D_HUMAN,2,2061.9,0.0,False
2422,46,0,0.020970680362022782,0.004423956773406572,0.005235656886868604,0.2150399287695821,Alectinib,none,0.0,non-responsive,.E-5.029KLKEEENTVGR.,.EKLKEEENTVGR.,sp|Q9H479|FN3K_HUMAN,3,1426.7,0.0,False
2423,46,0,0.02255642131320911,0.0038828770899289526,0.00040222908599212096,0.10224466972192815,Alectinib,none,0.0,non-responsive,.E+27.999ASFVLHTIGK.,.EASFVLHTIGK.,sp|Q15418|KS6A1_HUMAN,2,1229.6,0.0,False
2424,46,0,0.024612217581993525,0.003945202317505119,0.0018301076918028443,0.16886405473672586,Alectinib,none,0.0,non-responsive,.DLKPSNLLINTTC+266.069DLK.,.DLKPSNLLINTTCDLK.,sp|P28482|MK01_HUMAN,3,2111.0,0.00774907,False
2425,46,0,0.0158498795888801,0.0037532120690629703,0.0011199798034080269,0.14383210415304723,Barasertib_HQPA,none,0.0,non-responsive,.D-5.067KLPQSQLSHQDLQLVK.,.DKLPQSQLSHQDLQLVK.,sp|Q15418|KS6A1_HUMAN,3,1972.0,0.0,False
2426,46,0,0.03505219534582645,0.003260513789477007,0.00011723351571789017,0.07290394674065966,Alvocidib,none,0.0,non-responsive,.D-4.076LKPQNLLINR.,.DLKPQNLLINR.,sp|Q00535|CDK5_HUMAN,2,1319.7,0.00978972,False
2427,46,0,0.02619338101599717,0.0075879519305816975,0.00707838565224322,0.2306985162313932,AZD-6482,none,0.0,non-responsive,.C+85.012DSSPDSAEDVRK.,.CDSSPDSAEDVRK.,sp|P02765|FETUA_HUMAN,2,1550.6,0.00354836,False
2428,46,0,0.019621632705716437,0.003578883391189201,0.0019145751949908244,0.16886405473672586,AT-13148,none,0.0,non-responsive,.C+67.101GDNVQYAPR.,.CGDNVQYAPR.,sp|P29323|EPHB2_HUMAN,2,1246.6,0.00864169,False
2429,46,0,0.022904542954376064,0.004622793598048472,0.0024947204358657777,0.18867064869927044,AXL-1717,none,0.0,non-responsive,.ANQGDEAC+57.021THC+225.024PINSR.,.ANQGDEACTHCPINSR.,sp|P29323|EPHB2_HUMAN,3,2111.8,0.00484128,False
2430,46,0,0.015006093448470722,0.003920903138884834,0.006499785308771016,0.22775812087690717,Alectinib,none,0.0,non-responsive,.AGF-18.008AGDDAPR.,.AGFAGDDAPR.,sp|P60709|ACTB_HUMAN,2,958.4,0.004464,False
2431,46,0,0.01880046020029313,0.0035750859932138835,0.004610961782314532,0.20918660144560025,Apitolisib,none,0.0,non-responsive,.AFGGPGAG+46.034C+57.021ISEGR.,.AFGGPGAGCISEGR.,sp|Q9H479|FN3K_HUMAN,3,1438.6,0.00463226,False
2432,46,0,0.021550580287837493,0.004653248971052893,0.008462549202402565,0.24540373235572985,Alvocidib,none,0.0,non-responsive,.AC+38.01QSIYPLHDVFVR.,.ACQSIYPLHDVFVR.,sp|P61247|RS3A_HUMAN,2,1742.8,0.0,False
2433,46,0,0.01118364697397698,0.002796138415829945,0.0014711555205462882,0.15809443362057257,Barasertib_HQPA,none,0.0,non-responsive,.+43.006SLGPPQGEEDSVPR.,.SLGPPQGEEDSVPR.,sp|P78527|PRKDC_HUMAN,2,1510.7,0.00318661,False
2434,46,0,0.015653887749383713,0.004598458386536464,7.76633925046603e-05,0.06650735231147029,Alisertib,none,0.0,non-responsive,.+43.006EHALLAYTLGVK.,.EHALLAYTLGVK.,sp|P68104|EF1A1_HUMAN,2,1357.7,0.0,False
